filename,set,record_id,frame_idx,time_s,force_p1_N,force_p2_N,force_p3_N
FRS_setA_posA_036_posB_027_posC_037_record_001_frame_00.png,A,1,0,0,0.36,0.27,0.37
FRS_setA_posA_036_posB_027_posC_037_record_001_frame_01.png,A,1,1,2,0.36,0.27,0.37
FRS_setA_posA_036_posB_027_posC_037_record_001_frame_02.png,A,1,2,4,0.36,0.27,0.37
FRS_setA_posA_036_posB_027_posC_037_record_001_frame_03.png,A,1,3,6,0.36,0.27,0.37
FRS_setA_posA_036_posB_027_posC_037_record_001_frame_04.png,A,1,4,8,0.36,0.27,0.37
FRS_setA_posA_036_posB_027_posC_037_record_001_frame_05.png,A,1,5,10,0.36,0.27,0.37
FRS_setA_posA_036_posB_027_posC_037_record_001_frame_06.png,A,1,6,12,0.36,0.27,0.37
FRS_setA_posA_036_posB_027_posC_037_record_001_frame_07.png,A,1,7,14,0.36,0.27,0.37
FRS_setA_posA_036_posB_027_posC_037_record_001_frame_08.png,A,1,8,16,0.36,0.27,0.37
FRS_setA_posA_036_posB_027_posC_037_record_001_frame_09.png,A,1,9,18,0.36,0.27,0.37
FRS_setA_posA_036_posB_027_posC_037_record_001_frame_10.png,A,1,10,20,0.36,0.27,0.37
FRS_setA_posA_036_posB_027_posC_037_record_001_frame_11.png,A,1,11,22,0.36,0.27,0.37
FRS_setA_posA_036_posB_027_posC_037_record_001_frame_12.png,A,1,12,24,0.36,0.27,0.37
FRS_setA_posA_036_posB_027_posC_037_record_001_frame_13.png,A,1,13,26,0.36,0.27,0.37
FRS_setA_posA_036_posB_027_posC_037_record_001_frame_14.png,A,1,14,28,0.36,0.27,0.37
FRS_setA_posA_036_posB_027_posC_037_record_001_frame_15.png,A,1,15,30,0.36,0.27,0.37
FRS_setA_posA_036_posB_027_posC_037_record_001_frame_16.png,A,1,16,32,0.36,0.27,0.37
FRS_setA_posA_036_posB_027_posC_037_record_001_frame_17.png,A,1,17,34,0.36,0.27,0.37
FRS_setA_posA_036_posB_027_posC_037_record_001_frame_18.png,A,1,18,36,0.36,0.27,0.37
FRS_setA_posA_036_posB_027_posC_037_record_001_frame_19.png,A,1,19,38,0.36,0.27,0.37
FRS_setA_posA_037_posB_028_posC_037_record_002_frame_00.png,A,2,0,0,0.37,0.28,0.37
FRS_setA_posA_037_posB_028_posC_037_record_002_frame_01.png,A,2,1,2,0.37,0.28,0.37
FRS_setA_posA_037_posB_028_posC_037_record_002_frame_02.png,A,2,2,4,0.37,0.28,0.37
FRS_setA_posA_037_posB_028_posC_037_record_002_frame_03.png,A,2,3,6,0.37,0.28,0.37
FRS_setA_posA_037_posB_028_posC_037_record_002_frame_04.png,A,2,4,8,0.37,0.28,0.37
FRS_setA_posA_037_posB_028_posC_037_record_002_frame_05.png,A,2,5,10,0.37,0.28,0.37
FRS_setA_posA_037_posB_028_posC_037_record_002_frame_06.png,A,2,6,12,0.37,0.28,0.37
FRS_setA_posA_037_posB_028_posC_037_record_002_frame_07.png,A,2,7,14,0.37,0.28,0.37
FRS_setA_posA_037_posB_028_posC_037_record_002_frame_08.png,A,2,8,16,0.37,0.28,0.37
FRS_setA_posA_037_posB_028_posC_037_record_002_frame_09.png,A,2,9,18,0.37,0.28,0.37
FRS_setA_posA_037_posB_028_posC_037_record_002_frame_10.png,A,2,10,20,0.37,0.28,0.37
FRS_setA_posA_037_posB_028_posC_037_record_002_frame_11.png,A,2,11,22,0.37,0.28,0.37
FRS_setA_posA_037_posB_028_posC_037_record_002_frame_12.png,A,2,12,24,0.37,0.28,0.37
FRS_setA_posA_037_posB_028_posC_037_record_002_frame_13.png,A,2,13,26,0.37,0.28,0.37
FRS_setA_posA_037_posB_028_posC_037_record_002_frame_14.png,A,2,14,28,0.37,0.28,0.37
FRS_setA_posA_037_posB_028_posC_037_record_002_frame_15.png,A,2,15,30,0.37,0.28,0.37
FRS_setA_posA_037_posB_028_posC_037_record_002_frame_16.png,A,2,16,32,0.37,0.28,0.37
FRS_setA_posA_037_posB_028_posC_037_record_002_frame_17.png,A,2,17,34,0.37,0.28,0.37
FRS_setA_posA_037_posB_028_posC_037_record_002_frame_18.png,A,2,18,36,0.37,0.28,0.37
FRS_setA_posA_037_posB_028_posC_037_record_002_frame_19.png,A,2,19,38,0.37,0.28,0.37
FRS_setA_posA_038_posB_029_posC_038_record_003_frame_00.png,A,3,0,0,0.38,0.29,0.38
FRS_setA_posA_038_posB_029_posC_038_record_003_frame_01.png,A,3,1,2,0.38,0.29,0.38
FRS_setA_posA_038_posB_029_posC_038_record_003_frame_02.png,A,3,2,4,0.38,0.29,0.38
FRS_setA_posA_038_posB_029_posC_038_record_003_frame_03.png,A,3,3,6,0.38,0.29,0.38
FRS_setA_posA_038_posB_029_posC_038_record_003_frame_04.png,A,3,4,8,0.38,0.29,0.38
FRS_setA_posA_038_posB_029_posC_038_record_003_frame_05.png,A,3,5,10,0.38,0.29,0.38
FRS_setA_posA_038_posB_029_posC_038_record_003_frame_06.png,A,3,6,12,0.38,0.29,0.38
FRS_setA_posA_038_posB_029_posC_038_record_003_frame_07.png,A,3,7,14,0.38,0.29,0.38
FRS_setA_posA_038_posB_029_posC_038_record_003_frame_08.png,A,3,8,16,0.38,0.29,0.38
FRS_setA_posA_038_posB_029_posC_038_record_003_frame_09.png,A,3,9,18,0.38,0.29,0.38
FRS_setA_posA_038_posB_029_posC_038_record_003_frame_10.png,A,3,10,20,0.38,0.29,0.38
FRS_setA_posA_038_posB_029_posC_038_record_003_frame_11.png,A,3,11,22,0.38,0.29,0.38
FRS_setA_posA_038_posB_029_posC_038_record_003_frame_12.png,A,3,12,24,0.38,0.29,0.38
FRS_setA_posA_038_posB_029_posC_038_record_003_frame_13.png,A,3,13,26,0.38,0.29,0.38
FRS_setA_posA_038_posB_029_posC_038_record_003_frame_14.png,A,3,14,28,0.38,0.29,0.38
FRS_setA_posA_038_posB_029_posC_038_record_003_frame_15.png,A,3,15,30,0.38,0.29,0.38
FRS_setA_posA_038_posB_029_posC_038_record_003_frame_16.png,A,3,16,32,0.38,0.29,0.38
FRS_setA_posA_038_posB_029_posC_038_record_003_frame_17.png,A,3,17,34,0.38,0.29,0.38
FRS_setA_posA_038_posB_029_posC_038_record_003_frame_18.png,A,3,18,36,0.38,0.29,0.38
FRS_setA_posA_038_posB_029_posC_038_record_003_frame_19.png,A,3,19,38,0.38,0.29,0.38
FRS_setA_posA_040_posB_030_posC_039_record_004_frame_00.png,A,4,0,0,0.4,0.3,0.39
FRS_setA_posA_040_posB_030_posC_039_record_004_frame_01.png,A,4,1,2,0.4,0.3,0.39
FRS_setA_posA_040_posB_030_posC_039_record_004_frame_02.png,A,4,2,4,0.4,0.3,0.39
FRS_setA_posA_040_posB_030_posC_039_record_004_frame_03.png,A,4,3,6,0.4,0.3,0.39
FRS_setA_posA_040_posB_030_posC_039_record_004_frame_04.png,A,4,4,8,0.4,0.3,0.39
FRS_setA_posA_040_posB_030_posC_039_record_004_frame_05.png,A,4,5,10,0.4,0.3,0.39
FRS_setA_posA_040_posB_030_posC_039_record_004_frame_06.png,A,4,6,12,0.4,0.3,0.39
FRS_setA_posA_040_posB_030_posC_039_record_004_frame_07.png,A,4,7,14,0.4,0.3,0.39
FRS_setA_posA_040_posB_030_posC_039_record_004_frame_08.png,A,4,8,16,0.4,0.3,0.39
FRS_setA_posA_040_posB_030_posC_039_record_004_frame_09.png,A,4,9,18,0.4,0.3,0.39
FRS_setA_posA_040_posB_030_posC_039_record_004_frame_10.png,A,4,10,20,0.4,0.3,0.39
FRS_setA_posA_040_posB_030_posC_039_record_004_frame_11.png,A,4,11,22,0.4,0.3,0.39
FRS_setA_posA_040_posB_030_posC_039_record_004_frame_12.png,A,4,12,24,0.4,0.3,0.39
FRS_setA_posA_040_posB_030_posC_039_record_004_frame_13.png,A,4,13,26,0.4,0.3,0.39
FRS_setA_posA_040_posB_030_posC_039_record_004_frame_14.png,A,4,14,28,0.4,0.3,0.39
FRS_setA_posA_040_posB_030_posC_039_record_004_frame_15.png,A,4,15,30,0.4,0.3,0.39
FRS_setA_posA_040_posB_030_posC_039_record_004_frame_16.png,A,4,16,32,0.4,0.3,0.39
FRS_setA_posA_040_posB_030_posC_039_record_004_frame_17.png,A,4,17,34,0.4,0.3,0.39
FRS_setA_posA_040_posB_030_posC_039_record_004_frame_18.png,A,4,18,36,0.4,0.3,0.39
FRS_setA_posA_040_posB_030_posC_039_record_004_frame_19.png,A,4,19,38,0.4,0.3,0.39
FRS_setA_posA_041_posB_031_posC_040_record_005_frame_00.png,A,5,0,0,0.41,0.31,0.4
FRS_setA_posA_041_posB_031_posC_040_record_005_frame_01.png,A,5,1,2,0.41,0.31,0.4
FRS_setA_posA_041_posB_031_posC_040_record_005_frame_02.png,A,5,2,4,0.41,0.31,0.4
FRS_setA_posA_041_posB_031_posC_040_record_005_frame_03.png,A,5,3,6,0.41,0.31,0.4
FRS_setA_posA_041_posB_031_posC_040_record_005_frame_04.png,A,5,4,8,0.41,0.31,0.4
FRS_setA_posA_041_posB_031_posC_040_record_005_frame_05.png,A,5,5,10,0.41,0.31,0.4
FRS_setA_posA_041_posB_031_posC_040_record_005_frame_06.png,A,5,6,12,0.41,0.31,0.4
FRS_setA_posA_041_posB_031_posC_040_record_005_frame_07.png,A,5,7,14,0.41,0.31,0.4
FRS_setA_posA_041_posB_031_posC_040_record_005_frame_08.png,A,5,8,16,0.41,0.31,0.4
FRS_setA_posA_041_posB_031_posC_040_record_005_frame_09.png,A,5,9,18,0.41,0.31,0.4
FRS_setA_posA_041_posB_031_posC_040_record_005_frame_10.png,A,5,10,20,0.41,0.31,0.4
FRS_setA_posA_041_posB_031_posC_040_record_005_frame_11.png,A,5,11,22,0.41,0.31,0.4
FRS_setA_posA_041_posB_031_posC_040_record_005_frame_12.png,A,5,12,24,0.41,0.31,0.4
FRS_setA_posA_041_posB_031_posC_040_record_005_frame_13.png,A,5,13,26,0.41,0.31,0.4
FRS_setA_posA_041_posB_031_posC_040_record_005_frame_14.png,A,5,14,28,0.41,0.31,0.4
FRS_setA_posA_041_posB_031_posC_040_record_005_frame_15.png,A,5,15,30,0.41,0.31,0.4
FRS_setA_posA_041_posB_031_posC_040_record_005_frame_16.png,A,5,16,32,0.41,0.31,0.4
FRS_setA_posA_041_posB_031_posC_040_record_005_frame_17.png,A,5,17,34,0.41,0.31,0.4
FRS_setA_posA_041_posB_031_posC_040_record_005_frame_18.png,A,5,18,36,0.41,0.31,0.4
FRS_setA_posA_041_posB_031_posC_040_record_005_frame_19.png,A,5,19,38,0.41,0.31,0.4
FRS_setA_posA_042_posB_032_posC_041_record_006_frame_00.png,A,6,0,0,0.42,0.32,0.41
FRS_setA_posA_042_posB_032_posC_041_record_006_frame_01.png,A,6,1,2,0.42,0.32,0.41
FRS_setA_posA_042_posB_032_posC_041_record_006_frame_02.png,A,6,2,4,0.42,0.32,0.41
FRS_setA_posA_042_posB_032_posC_041_record_006_frame_03.png,A,6,3,6,0.42,0.32,0.41
FRS_setA_posA_042_posB_032_posC_041_record_006_frame_04.png,A,6,4,8,0.42,0.32,0.41
FRS_setA_posA_042_posB_032_posC_041_record_006_frame_05.png,A,6,5,10,0.42,0.32,0.41
FRS_setA_posA_042_posB_032_posC_041_record_006_frame_06.png,A,6,6,12,0.42,0.32,0.41
FRS_setA_posA_042_posB_032_posC_041_record_006_frame_07.png,A,6,7,14,0.42,0.32,0.41
FRS_setA_posA_042_posB_032_posC_041_record_006_frame_08.png,A,6,8,16,0.42,0.32,0.41
FRS_setA_posA_042_posB_032_posC_041_record_006_frame_09.png,A,6,9,18,0.42,0.32,0.41
FRS_setA_posA_042_posB_032_posC_041_record_006_frame_10.png,A,6,10,20,0.42,0.32,0.41
FRS_setA_posA_042_posB_032_posC_041_record_006_frame_11.png,A,6,11,22,0.42,0.32,0.41
FRS_setA_posA_042_posB_032_posC_041_record_006_frame_12.png,A,6,12,24,0.42,0.32,0.41
FRS_setA_posA_042_posB_032_posC_041_record_006_frame_13.png,A,6,13,26,0.42,0.32,0.41
FRS_setA_posA_042_posB_032_posC_041_record_006_frame_14.png,A,6,14,28,0.42,0.32,0.41
FRS_setA_posA_042_posB_032_posC_041_record_006_frame_15.png,A,6,15,30,0.42,0.32,0.41
FRS_setA_posA_042_posB_032_posC_041_record_006_frame_16.png,A,6,16,32,0.42,0.32,0.41
FRS_setA_posA_042_posB_032_posC_041_record_006_frame_17.png,A,6,17,34,0.42,0.32,0.41
FRS_setA_posA_042_posB_032_posC_041_record_006_frame_18.png,A,6,18,36,0.42,0.32,0.41
FRS_setA_posA_042_posB_032_posC_041_record_006_frame_19.png,A,6,19,38,0.42,0.32,0.41
FRS_setA_posA_044_posB_032_posC_042_record_007_frame_00.png,A,7,0,0,0.44,0.32,0.42
FRS_setA_posA_044_posB_032_posC_042_record_007_frame_01.png,A,7,1,2,0.44,0.32,0.42
FRS_setA_posA_044_posB_032_posC_042_record_007_frame_02.png,A,7,2,4,0.44,0.32,0.42
FRS_setA_posA_044_posB_032_posC_042_record_007_frame_03.png,A,7,3,6,0.44,0.32,0.42
FRS_setA_posA_044_posB_032_posC_042_record_007_frame_04.png,A,7,4,8,0.44,0.32,0.42
FRS_setA_posA_044_posB_032_posC_042_record_007_frame_05.png,A,7,5,10,0.44,0.32,0.42
FRS_setA_posA_044_posB_032_posC_042_record_007_frame_06.png,A,7,6,12,0.44,0.32,0.42
FRS_setA_posA_044_posB_032_posC_042_record_007_frame_07.png,A,7,7,14,0.44,0.32,0.42
FRS_setA_posA_044_posB_032_posC_042_record_007_frame_08.png,A,7,8,16,0.44,0.32,0.42
FRS_setA_posA_044_posB_032_posC_042_record_007_frame_09.png,A,7,9,18,0.44,0.32,0.42
FRS_setA_posA_044_posB_032_posC_042_record_007_frame_10.png,A,7,10,20,0.44,0.32,0.42
FRS_setA_posA_044_posB_032_posC_042_record_007_frame_11.png,A,7,11,22,0.44,0.32,0.42
FRS_setA_posA_044_posB_032_posC_042_record_007_frame_12.png,A,7,12,24,0.44,0.32,0.42
FRS_setA_posA_044_posB_032_posC_042_record_007_frame_13.png,A,7,13,26,0.44,0.32,0.42
FRS_setA_posA_044_posB_032_posC_042_record_007_frame_14.png,A,7,14,28,0.44,0.32,0.42
FRS_setA_posA_044_posB_032_posC_042_record_007_frame_15.png,A,7,15,30,0.44,0.32,0.42
FRS_setA_posA_044_posB_032_posC_042_record_007_frame_16.png,A,7,16,32,0.44,0.32,0.42
FRS_setA_posA_044_posB_032_posC_042_record_007_frame_17.png,A,7,17,34,0.44,0.32,0.42
FRS_setA_posA_044_posB_032_posC_042_record_007_frame_18.png,A,7,18,36,0.44,0.32,0.42
FRS_setA_posA_044_posB_032_posC_042_record_007_frame_19.png,A,7,19,38,0.44,0.32,0.42
FRS_setA_posA_045_posB_035_posC_043_record_008_frame_00.png,A,8,0,0,0.45,0.35,0.43
FRS_setA_posA_045_posB_035_posC_043_record_008_frame_01.png,A,8,1,2,0.45,0.35,0.43
FRS_setA_posA_045_posB_035_posC_043_record_008_frame_02.png,A,8,2,4,0.45,0.35,0.43
FRS_setA_posA_045_posB_035_posC_043_record_008_frame_03.png,A,8,3,6,0.45,0.35,0.43
FRS_setA_posA_045_posB_035_posC_043_record_008_frame_04.png,A,8,4,8,0.45,0.35,0.43
FRS_setA_posA_045_posB_035_posC_043_record_008_frame_05.png,A,8,5,10,0.45,0.35,0.43
FRS_setA_posA_045_posB_035_posC_043_record_008_frame_06.png,A,8,6,12,0.45,0.35,0.43
FRS_setA_posA_045_posB_035_posC_043_record_008_frame_07.png,A,8,7,14,0.45,0.35,0.43
FRS_setA_posA_045_posB_035_posC_043_record_008_frame_08.png,A,8,8,16,0.45,0.35,0.43
FRS_setA_posA_045_posB_035_posC_043_record_008_frame_09.png,A,8,9,18,0.45,0.35,0.43
FRS_setA_posA_045_posB_035_posC_043_record_008_frame_10.png,A,8,10,20,0.45,0.35,0.43
FRS_setA_posA_045_posB_035_posC_043_record_008_frame_11.png,A,8,11,22,0.45,0.35,0.43
FRS_setA_posA_045_posB_035_posC_043_record_008_frame_12.png,A,8,12,24,0.45,0.35,0.43
FRS_setA_posA_045_posB_035_posC_043_record_008_frame_13.png,A,8,13,26,0.45,0.35,0.43
FRS_setA_posA_045_posB_035_posC_043_record_008_frame_14.png,A,8,14,28,0.45,0.35,0.43
FRS_setA_posA_045_posB_035_posC_043_record_008_frame_15.png,A,8,15,30,0.45,0.35,0.43
FRS_setA_posA_045_posB_035_posC_043_record_008_frame_16.png,A,8,16,32,0.45,0.35,0.43
FRS_setA_posA_045_posB_035_posC_043_record_008_frame_17.png,A,8,17,34,0.45,0.35,0.43
FRS_setA_posA_045_posB_035_posC_043_record_008_frame_18.png,A,8,18,36,0.45,0.35,0.43
FRS_setA_posA_045_posB_035_posC_043_record_008_frame_19.png,A,8,19,38,0.45,0.35,0.43
FRS_setA_posA_046_posB_035_posC_043_record_009_frame_00.png,A,9,0,0,0.46,0.35,0.43
FRS_setA_posA_046_posB_035_posC_043_record_009_frame_01.png,A,9,1,2,0.46,0.35,0.43
FRS_setA_posA_046_posB_035_posC_043_record_009_frame_02.png,A,9,2,4,0.46,0.35,0.43
FRS_setA_posA_046_posB_035_posC_043_record_009_frame_03.png,A,9,3,6,0.46,0.35,0.43
FRS_setA_posA_046_posB_035_posC_043_record_009_frame_04.png,A,9,4,8,0.46,0.35,0.43
FRS_setA_posA_046_posB_035_posC_043_record_009_frame_05.png,A,9,5,10,0.46,0.35,0.43
FRS_setA_posA_046_posB_035_posC_043_record_009_frame_06.png,A,9,6,12,0.46,0.35,0.43
FRS_setA_posA_046_posB_035_posC_043_record_009_frame_07.png,A,9,7,14,0.46,0.35,0.43
FRS_setA_posA_046_posB_035_posC_043_record_009_frame_08.png,A,9,8,16,0.46,0.35,0.43
FRS_setA_posA_046_posB_035_posC_043_record_009_frame_09.png,A,9,9,18,0.46,0.35,0.43
FRS_setA_posA_046_posB_035_posC_043_record_009_frame_10.png,A,9,10,20,0.46,0.35,0.43
FRS_setA_posA_046_posB_035_posC_043_record_009_frame_11.png,A,9,11,22,0.46,0.35,0.43
FRS_setA_posA_046_posB_035_posC_043_record_009_frame_12.png,A,9,12,24,0.46,0.35,0.43
FRS_setA_posA_046_posB_035_posC_043_record_009_frame_13.png,A,9,13,26,0.46,0.35,0.43
FRS_setA_posA_046_posB_035_posC_043_record_009_frame_14.png,A,9,14,28,0.46,0.35,0.43
FRS_setA_posA_046_posB_035_posC_043_record_009_frame_15.png,A,9,15,30,0.46,0.35,0.43
FRS_setA_posA_046_posB_035_posC_043_record_009_frame_16.png,A,9,16,32,0.46,0.35,0.43
FRS_setA_posA_046_posB_035_posC_043_record_009_frame_17.png,A,9,17,34,0.46,0.35,0.43
FRS_setA_posA_046_posB_035_posC_043_record_009_frame_18.png,A,9,18,36,0.46,0.35,0.43
FRS_setA_posA_046_posB_035_posC_043_record_009_frame_19.png,A,9,19,38,0.46,0.35,0.43
FRS_setA_posA_048_posB_037_posC_045_record_010_frame_00.png,A,10,0,0,0.48,0.37,0.45
FRS_setA_posA_048_posB_037_posC_045_record_010_frame_01.png,A,10,1,2,0.48,0.37,0.45
FRS_setA_posA_048_posB_037_posC_045_record_010_frame_02.png,A,10,2,4,0.48,0.37,0.45
FRS_setA_posA_048_posB_037_posC_045_record_010_frame_03.png,A,10,3,6,0.48,0.37,0.45
FRS_setA_posA_048_posB_037_posC_045_record_010_frame_04.png,A,10,4,8,0.48,0.37,0.45
FRS_setA_posA_048_posB_037_posC_045_record_010_frame_05.png,A,10,5,10,0.48,0.37,0.45
FRS_setA_posA_048_posB_037_posC_045_record_010_frame_06.png,A,10,6,12,0.48,0.37,0.45
FRS_setA_posA_048_posB_037_posC_045_record_010_frame_07.png,A,10,7,14,0.48,0.37,0.45
FRS_setA_posA_048_posB_037_posC_045_record_010_frame_08.png,A,10,8,16,0.48,0.37,0.45
FRS_setA_posA_048_posB_037_posC_045_record_010_frame_09.png,A,10,9,18,0.48,0.37,0.45
FRS_setA_posA_048_posB_037_posC_045_record_010_frame_10.png,A,10,10,20,0.48,0.37,0.45
FRS_setA_posA_048_posB_037_posC_045_record_010_frame_11.png,A,10,11,22,0.48,0.37,0.45
FRS_setA_posA_048_posB_037_posC_045_record_010_frame_12.png,A,10,12,24,0.48,0.37,0.45
FRS_setA_posA_048_posB_037_posC_045_record_010_frame_13.png,A,10,13,26,0.48,0.37,0.45
FRS_setA_posA_048_posB_037_posC_045_record_010_frame_14.png,A,10,14,28,0.48,0.37,0.45
FRS_setA_posA_048_posB_037_posC_045_record_010_frame_15.png,A,10,15,30,0.48,0.37,0.45
FRS_setA_posA_048_posB_037_posC_045_record_010_frame_16.png,A,10,16,32,0.48,0.37,0.45
FRS_setA_posA_048_posB_037_posC_045_record_010_frame_17.png,A,10,17,34,0.48,0.37,0.45
FRS_setA_posA_048_posB_037_posC_045_record_010_frame_18.png,A,10,18,36,0.48,0.37,0.45
FRS_setA_posA_048_posB_037_posC_045_record_010_frame_19.png,A,10,19,38,0.48,0.37,0.45
FRS_setA_posA_050_posB_039_posC_046_record_011_frame_00.png,A,11,0,0,0.5,0.39,0.46
FRS_setA_posA_050_posB_039_posC_046_record_011_frame_01.png,A,11,1,2,0.5,0.39,0.46
FRS_setA_posA_050_posB_039_posC_046_record_011_frame_02.png,A,11,2,4,0.5,0.39,0.46
FRS_setA_posA_050_posB_039_posC_046_record_011_frame_03.png,A,11,3,6,0.5,0.39,0.46
FRS_setA_posA_050_posB_039_posC_046_record_011_frame_04.png,A,11,4,8,0.5,0.39,0.46
FRS_setA_posA_050_posB_039_posC_046_record_011_frame_05.png,A,11,5,10,0.5,0.39,0.46
FRS_setA_posA_050_posB_039_posC_046_record_011_frame_06.png,A,11,6,12,0.5,0.39,0.46
FRS_setA_posA_050_posB_039_posC_046_record_011_frame_07.png,A,11,7,14,0.5,0.39,0.46
FRS_setA_posA_050_posB_039_posC_046_record_011_frame_08.png,A,11,8,16,0.5,0.39,0.46
FRS_setA_posA_050_posB_039_posC_046_record_011_frame_09.png,A,11,9,18,0.5,0.39,0.46
FRS_setA_posA_050_posB_039_posC_046_record_011_frame_10.png,A,11,10,20,0.5,0.39,0.46
FRS_setA_posA_050_posB_039_posC_046_record_011_frame_11.png,A,11,11,22,0.5,0.39,0.46
FRS_setA_posA_050_posB_039_posC_046_record_011_frame_12.png,A,11,12,24,0.5,0.39,0.46
FRS_setA_posA_050_posB_039_posC_046_record_011_frame_13.png,A,11,13,26,0.5,0.39,0.46
FRS_setA_posA_050_posB_039_posC_046_record_011_frame_14.png,A,11,14,28,0.5,0.39,0.46
FRS_setA_posA_050_posB_039_posC_046_record_011_frame_15.png,A,11,15,30,0.5,0.39,0.46
FRS_setA_posA_050_posB_039_posC_046_record_011_frame_16.png,A,11,16,32,0.5,0.39,0.46
FRS_setA_posA_050_posB_039_posC_046_record_011_frame_17.png,A,11,17,34,0.5,0.39,0.46
FRS_setA_posA_050_posB_039_posC_046_record_011_frame_18.png,A,11,18,36,0.5,0.39,0.46
FRS_setA_posA_050_posB_039_posC_046_record_011_frame_19.png,A,11,19,38,0.5,0.39,0.46
FRS_setA_posA_050_posB_040_posC_046_record_012_frame_00.png,A,12,0,0,0.5,0.4,0.46
FRS_setA_posA_050_posB_040_posC_046_record_012_frame_01.png,A,12,1,2,0.5,0.4,0.46
FRS_setA_posA_050_posB_040_posC_046_record_012_frame_02.png,A,12,2,4,0.5,0.4,0.46
FRS_setA_posA_050_posB_040_posC_046_record_012_frame_03.png,A,12,3,6,0.5,0.4,0.46
FRS_setA_posA_050_posB_040_posC_046_record_012_frame_04.png,A,12,4,8,0.5,0.4,0.46
FRS_setA_posA_050_posB_040_posC_046_record_012_frame_05.png,A,12,5,10,0.5,0.4,0.46
FRS_setA_posA_050_posB_040_posC_046_record_012_frame_06.png,A,12,6,12,0.5,0.4,0.46
FRS_setA_posA_050_posB_040_posC_046_record_012_frame_07.png,A,12,7,14,0.5,0.4,0.46
FRS_setA_posA_050_posB_040_posC_046_record_012_frame_08.png,A,12,8,16,0.5,0.4,0.46
FRS_setA_posA_050_posB_040_posC_046_record_012_frame_09.png,A,12,9,18,0.5,0.4,0.46
FRS_setA_posA_050_posB_040_posC_046_record_012_frame_10.png,A,12,10,20,0.5,0.4,0.46
FRS_setA_posA_050_posB_040_posC_046_record_012_frame_11.png,A,12,11,22,0.5,0.4,0.46
FRS_setA_posA_050_posB_040_posC_046_record_012_frame_12.png,A,12,12,24,0.5,0.4,0.46
FRS_setA_posA_050_posB_040_posC_046_record_012_frame_13.png,A,12,13,26,0.5,0.4,0.46
FRS_setA_posA_050_posB_040_posC_046_record_012_frame_14.png,A,12,14,28,0.5,0.4,0.46
FRS_setA_posA_050_posB_040_posC_046_record_012_frame_15.png,A,12,15,30,0.5,0.4,0.46
FRS_setA_posA_050_posB_040_posC_046_record_012_frame_16.png,A,12,16,32,0.5,0.4,0.46
FRS_setA_posA_050_posB_040_posC_046_record_012_frame_17.png,A,12,17,34,0.5,0.4,0.46
FRS_setA_posA_050_posB_040_posC_046_record_012_frame_18.png,A,12,18,36,0.5,0.4,0.46
FRS_setA_posA_050_posB_040_posC_046_record_012_frame_19.png,A,12,19,38,0.5,0.4,0.46
FRS_setA_posA_051_posB_040_posC_047_record_013_frame_00.png,A,13,0,0,0.51,0.4,0.47
FRS_setA_posA_051_posB_040_posC_047_record_013_frame_01.png,A,13,1,2,0.51,0.4,0.47
FRS_setA_posA_051_posB_040_posC_047_record_013_frame_02.png,A,13,2,4,0.51,0.4,0.47
FRS_setA_posA_051_posB_040_posC_047_record_013_frame_03.png,A,13,3,6,0.51,0.4,0.47
FRS_setA_posA_051_posB_040_posC_047_record_013_frame_04.png,A,13,4,8,0.51,0.4,0.47
FRS_setA_posA_051_posB_040_posC_047_record_013_frame_05.png,A,13,5,10,0.51,0.4,0.47
FRS_setA_posA_051_posB_040_posC_047_record_013_frame_06.png,A,13,6,12,0.51,0.4,0.47
FRS_setA_posA_051_posB_040_posC_047_record_013_frame_07.png,A,13,7,14,0.51,0.4,0.47
FRS_setA_posA_051_posB_040_posC_047_record_013_frame_08.png,A,13,8,16,0.51,0.4,0.47
FRS_setA_posA_051_posB_040_posC_047_record_013_frame_09.png,A,13,9,18,0.51,0.4,0.47
FRS_setA_posA_051_posB_040_posC_047_record_013_frame_10.png,A,13,10,20,0.51,0.4,0.47
FRS_setA_posA_051_posB_040_posC_047_record_013_frame_11.png,A,13,11,22,0.51,0.4,0.47
FRS_setA_posA_051_posB_040_posC_047_record_013_frame_12.png,A,13,12,24,0.51,0.4,0.47
FRS_setA_posA_051_posB_040_posC_047_record_013_frame_13.png,A,13,13,26,0.51,0.4,0.47
FRS_setA_posA_051_posB_040_posC_047_record_013_frame_14.png,A,13,14,28,0.51,0.4,0.47
FRS_setA_posA_051_posB_040_posC_047_record_013_frame_15.png,A,13,15,30,0.51,0.4,0.47
FRS_setA_posA_051_posB_040_posC_047_record_013_frame_16.png,A,13,16,32,0.51,0.4,0.47
FRS_setA_posA_051_posB_040_posC_047_record_013_frame_17.png,A,13,17,34,0.51,0.4,0.47
FRS_setA_posA_051_posB_040_posC_047_record_013_frame_18.png,A,13,18,36,0.51,0.4,0.47
FRS_setA_posA_051_posB_040_posC_047_record_013_frame_19.png,A,13,19,38,0.51,0.4,0.47
FRS_setA_posA_052_posB_040_posC_048_record_014_frame_00.png,A,14,0,0,0.52,0.4,0.48
FRS_setA_posA_052_posB_040_posC_048_record_014_frame_01.png,A,14,1,2,0.52,0.4,0.48
FRS_setA_posA_052_posB_040_posC_048_record_014_frame_02.png,A,14,2,4,0.52,0.4,0.48
FRS_setA_posA_052_posB_040_posC_048_record_014_frame_03.png,A,14,3,6,0.52,0.4,0.48
FRS_setA_posA_052_posB_040_posC_048_record_014_frame_04.png,A,14,4,8,0.52,0.4,0.48
FRS_setA_posA_052_posB_040_posC_048_record_014_frame_05.png,A,14,5,10,0.52,0.4,0.48
FRS_setA_posA_052_posB_040_posC_048_record_014_frame_06.png,A,14,6,12,0.52,0.4,0.48
FRS_setA_posA_052_posB_040_posC_048_record_014_frame_07.png,A,14,7,14,0.52,0.4,0.48
FRS_setA_posA_052_posB_040_posC_048_record_014_frame_08.png,A,14,8,16,0.52,0.4,0.48
FRS_setA_posA_052_posB_040_posC_048_record_014_frame_09.png,A,14,9,18,0.52,0.4,0.48
FRS_setA_posA_052_posB_040_posC_048_record_014_frame_10.png,A,14,10,20,0.52,0.4,0.48
FRS_setA_posA_052_posB_040_posC_048_record_014_frame_11.png,A,14,11,22,0.52,0.4,0.48
FRS_setA_posA_052_posB_040_posC_048_record_014_frame_12.png,A,14,12,24,0.52,0.4,0.48
FRS_setA_posA_052_posB_040_posC_048_record_014_frame_13.png,A,14,13,26,0.52,0.4,0.48
FRS_setA_posA_052_posB_040_posC_048_record_014_frame_14.png,A,14,14,28,0.52,0.4,0.48
FRS_setA_posA_052_posB_040_posC_048_record_014_frame_15.png,A,14,15,30,0.52,0.4,0.48
FRS_setA_posA_052_posB_040_posC_048_record_014_frame_16.png,A,14,16,32,0.52,0.4,0.48
FRS_setA_posA_052_posB_040_posC_048_record_014_frame_17.png,A,14,17,34,0.52,0.4,0.48
FRS_setA_posA_052_posB_040_posC_048_record_014_frame_18.png,A,14,18,36,0.52,0.4,0.48
FRS_setA_posA_052_posB_040_posC_048_record_014_frame_19.png,A,14,19,38,0.52,0.4,0.48
FRS_setA_posA_053_posB_041_posC_048_record_015_frame_00.png,A,15,0,0,0.53,0.41,0.48
FRS_setA_posA_053_posB_041_posC_048_record_015_frame_01.png,A,15,1,2,0.53,0.41,0.48
FRS_setA_posA_053_posB_041_posC_048_record_015_frame_02.png,A,15,2,4,0.53,0.41,0.48
FRS_setA_posA_053_posB_041_posC_048_record_015_frame_03.png,A,15,3,6,0.53,0.41,0.48
FRS_setA_posA_053_posB_041_posC_048_record_015_frame_04.png,A,15,4,8,0.53,0.41,0.48
FRS_setA_posA_053_posB_041_posC_048_record_015_frame_05.png,A,15,5,10,0.53,0.41,0.48
FRS_setA_posA_053_posB_041_posC_048_record_015_frame_06.png,A,15,6,12,0.53,0.41,0.48
FRS_setA_posA_053_posB_041_posC_048_record_015_frame_07.png,A,15,7,14,0.53,0.41,0.48
FRS_setA_posA_053_posB_041_posC_048_record_015_frame_08.png,A,15,8,16,0.53,0.41,0.48
FRS_setA_posA_053_posB_041_posC_048_record_015_frame_09.png,A,15,9,18,0.53,0.41,0.48
FRS_setA_posA_053_posB_041_posC_048_record_015_frame_10.png,A,15,10,20,0.53,0.41,0.48
FRS_setA_posA_053_posB_041_posC_048_record_015_frame_11.png,A,15,11,22,0.53,0.41,0.48
FRS_setA_posA_053_posB_041_posC_048_record_015_frame_12.png,A,15,12,24,0.53,0.41,0.48
FRS_setA_posA_053_posB_041_posC_048_record_015_frame_13.png,A,15,13,26,0.53,0.41,0.48
FRS_setA_posA_053_posB_041_posC_048_record_015_frame_14.png,A,15,14,28,0.53,0.41,0.48
FRS_setA_posA_053_posB_041_posC_048_record_015_frame_15.png,A,15,15,30,0.53,0.41,0.48
FRS_setA_posA_053_posB_041_posC_048_record_015_frame_16.png,A,15,16,32,0.53,0.41,0.48
FRS_setA_posA_053_posB_041_posC_048_record_015_frame_17.png,A,15,17,34,0.53,0.41,0.48
FRS_setA_posA_053_posB_041_posC_048_record_015_frame_18.png,A,15,18,36,0.53,0.41,0.48
FRS_setA_posA_053_posB_041_posC_048_record_015_frame_19.png,A,15,19,38,0.53,0.41,0.48
FRS_setA_posA_054_posB_042_posC_049_record_016_frame_00.png,A,16,0,0,0.54,0.42,0.49
FRS_setA_posA_054_posB_042_posC_049_record_016_frame_01.png,A,16,1,2,0.54,0.42,0.49
FRS_setA_posA_054_posB_042_posC_049_record_016_frame_02.png,A,16,2,4,0.54,0.42,0.49
FRS_setA_posA_054_posB_042_posC_049_record_016_frame_03.png,A,16,3,6,0.54,0.42,0.49
FRS_setA_posA_054_posB_042_posC_049_record_016_frame_04.png,A,16,4,8,0.54,0.42,0.49
FRS_setA_posA_054_posB_042_posC_049_record_016_frame_05.png,A,16,5,10,0.54,0.42,0.49
FRS_setA_posA_054_posB_042_posC_049_record_016_frame_06.png,A,16,6,12,0.54,0.42,0.49
FRS_setA_posA_054_posB_042_posC_049_record_016_frame_07.png,A,16,7,14,0.54,0.42,0.49
FRS_setA_posA_054_posB_042_posC_049_record_016_frame_08.png,A,16,8,16,0.54,0.42,0.49
FRS_setA_posA_054_posB_042_posC_049_record_016_frame_09.png,A,16,9,18,0.54,0.42,0.49
FRS_setA_posA_054_posB_042_posC_049_record_016_frame_10.png,A,16,10,20,0.54,0.42,0.49
FRS_setA_posA_054_posB_042_posC_049_record_016_frame_11.png,A,16,11,22,0.54,0.42,0.49
FRS_setA_posA_054_posB_042_posC_049_record_016_frame_12.png,A,16,12,24,0.54,0.42,0.49
FRS_setA_posA_054_posB_042_posC_049_record_016_frame_13.png,A,16,13,26,0.54,0.42,0.49
FRS_setA_posA_054_posB_042_posC_049_record_016_frame_14.png,A,16,14,28,0.54,0.42,0.49
FRS_setA_posA_054_posB_042_posC_049_record_016_frame_15.png,A,16,15,30,0.54,0.42,0.49
FRS_setA_posA_054_posB_042_posC_049_record_016_frame_16.png,A,16,16,32,0.54,0.42,0.49
FRS_setA_posA_054_posB_042_posC_049_record_016_frame_17.png,A,16,17,34,0.54,0.42,0.49
FRS_setA_posA_054_posB_042_posC_049_record_016_frame_18.png,A,16,18,36,0.54,0.42,0.49
FRS_setA_posA_054_posB_042_posC_049_record_016_frame_19.png,A,16,19,38,0.54,0.42,0.49
FRS_setA_posA_055_posB_043_posC_050_record_017_frame_00.png,A,17,0,0,0.55,0.43,0.5
FRS_setA_posA_055_posB_043_posC_050_record_017_frame_01.png,A,17,1,2,0.55,0.43,0.5
FRS_setA_posA_055_posB_043_posC_050_record_017_frame_02.png,A,17,2,4,0.55,0.43,0.5
FRS_setA_posA_055_posB_043_posC_050_record_017_frame_03.png,A,17,3,6,0.55,0.43,0.5
FRS_setA_posA_055_posB_043_posC_050_record_017_frame_04.png,A,17,4,8,0.55,0.43,0.5
FRS_setA_posA_055_posB_043_posC_050_record_017_frame_05.png,A,17,5,10,0.55,0.43,0.5
FRS_setA_posA_055_posB_043_posC_050_record_017_frame_06.png,A,17,6,12,0.55,0.43,0.5
FRS_setA_posA_055_posB_043_posC_050_record_017_frame_07.png,A,17,7,14,0.55,0.43,0.5
FRS_setA_posA_055_posB_043_posC_050_record_017_frame_08.png,A,17,8,16,0.55,0.43,0.5
FRS_setA_posA_055_posB_043_posC_050_record_017_frame_09.png,A,17,9,18,0.55,0.43,0.5
FRS_setA_posA_055_posB_043_posC_050_record_017_frame_10.png,A,17,10,20,0.55,0.43,0.5
FRS_setA_posA_055_posB_043_posC_050_record_017_frame_11.png,A,17,11,22,0.55,0.43,0.5
FRS_setA_posA_055_posB_043_posC_050_record_017_frame_12.png,A,17,12,24,0.55,0.43,0.5
FRS_setA_posA_055_posB_043_posC_050_record_017_frame_13.png,A,17,13,26,0.55,0.43,0.5
FRS_setA_posA_055_posB_043_posC_050_record_017_frame_14.png,A,17,14,28,0.55,0.43,0.5
FRS_setA_posA_055_posB_043_posC_050_record_017_frame_15.png,A,17,15,30,0.55,0.43,0.5
FRS_setA_posA_055_posB_043_posC_050_record_017_frame_16.png,A,17,16,32,0.55,0.43,0.5
FRS_setA_posA_055_posB_043_posC_050_record_017_frame_17.png,A,17,17,34,0.55,0.43,0.5
FRS_setA_posA_055_posB_043_posC_050_record_017_frame_18.png,A,17,18,36,0.55,0.43,0.5
FRS_setA_posA_055_posB_043_posC_050_record_017_frame_19.png,A,17,19,38,0.55,0.43,0.5
FRS_setA_posA_055_posB_044_posC_051_record_018_frame_00.png,A,18,0,0,0.55,0.44,0.51
FRS_setA_posA_055_posB_044_posC_051_record_018_frame_01.png,A,18,1,2,0.55,0.44,0.51
FRS_setA_posA_055_posB_044_posC_051_record_018_frame_02.png,A,18,2,4,0.55,0.44,0.51
FRS_setA_posA_055_posB_044_posC_051_record_018_frame_03.png,A,18,3,6,0.55,0.44,0.51
FRS_setA_posA_055_posB_044_posC_051_record_018_frame_04.png,A,18,4,8,0.55,0.44,0.51
FRS_setA_posA_055_posB_044_posC_051_record_018_frame_05.png,A,18,5,10,0.55,0.44,0.51
FRS_setA_posA_055_posB_044_posC_051_record_018_frame_06.png,A,18,6,12,0.55,0.44,0.51
FRS_setA_posA_055_posB_044_posC_051_record_018_frame_07.png,A,18,7,14,0.55,0.44,0.51
FRS_setA_posA_055_posB_044_posC_051_record_018_frame_08.png,A,18,8,16,0.55,0.44,0.51
FRS_setA_posA_055_posB_044_posC_051_record_018_frame_09.png,A,18,9,18,0.55,0.44,0.51
FRS_setA_posA_055_posB_044_posC_051_record_018_frame_10.png,A,18,10,20,0.55,0.44,0.51
FRS_setA_posA_055_posB_044_posC_051_record_018_frame_11.png,A,18,11,22,0.55,0.44,0.51
FRS_setA_posA_055_posB_044_posC_051_record_018_frame_12.png,A,18,12,24,0.55,0.44,0.51
FRS_setA_posA_055_posB_044_posC_051_record_018_frame_13.png,A,18,13,26,0.55,0.44,0.51
FRS_setA_posA_055_posB_044_posC_051_record_018_frame_14.png,A,18,14,28,0.55,0.44,0.51
FRS_setA_posA_055_posB_044_posC_051_record_018_frame_15.png,A,18,15,30,0.55,0.44,0.51
FRS_setA_posA_055_posB_044_posC_051_record_018_frame_16.png,A,18,16,32,0.55,0.44,0.51
FRS_setA_posA_055_posB_044_posC_051_record_018_frame_17.png,A,18,17,34,0.55,0.44,0.51
FRS_setA_posA_055_posB_044_posC_051_record_018_frame_18.png,A,18,18,36,0.55,0.44,0.51
FRS_setA_posA_055_posB_044_posC_051_record_018_frame_19.png,A,18,19,38,0.55,0.44,0.51
FRS_setA_posA_056_posB_044_posC_051_record_019_frame_00.png,A,19,0,0,0.56,0.44,0.51
FRS_setA_posA_056_posB_044_posC_051_record_019_frame_01.png,A,19,1,2,0.56,0.44,0.51
FRS_setA_posA_056_posB_044_posC_051_record_019_frame_02.png,A,19,2,4,0.56,0.44,0.51
FRS_setA_posA_056_posB_044_posC_051_record_019_frame_03.png,A,19,3,6,0.56,0.44,0.51
FRS_setA_posA_056_posB_044_posC_051_record_019_frame_04.png,A,19,4,8,0.56,0.44,0.51
FRS_setA_posA_056_posB_044_posC_051_record_019_frame_05.png,A,19,5,10,0.56,0.44,0.51
FRS_setA_posA_056_posB_044_posC_051_record_019_frame_06.png,A,19,6,12,0.56,0.44,0.51
FRS_setA_posA_056_posB_044_posC_051_record_019_frame_07.png,A,19,7,14,0.56,0.44,0.51
FRS_setA_posA_056_posB_044_posC_051_record_019_frame_08.png,A,19,8,16,0.56,0.44,0.51
FRS_setA_posA_056_posB_044_posC_051_record_019_frame_09.png,A,19,9,18,0.56,0.44,0.51
FRS_setA_posA_056_posB_044_posC_051_record_019_frame_10.png,A,19,10,20,0.56,0.44,0.51
FRS_setA_posA_056_posB_044_posC_051_record_019_frame_11.png,A,19,11,22,0.56,0.44,0.51
FRS_setA_posA_056_posB_044_posC_051_record_019_frame_12.png,A,19,12,24,0.56,0.44,0.51
FRS_setA_posA_056_posB_044_posC_051_record_019_frame_13.png,A,19,13,26,0.56,0.44,0.51
FRS_setA_posA_056_posB_044_posC_051_record_019_frame_14.png,A,19,14,28,0.56,0.44,0.51
FRS_setA_posA_056_posB_044_posC_051_record_019_frame_15.png,A,19,15,30,0.56,0.44,0.51
FRS_setA_posA_056_posB_044_posC_051_record_019_frame_16.png,A,19,16,32,0.56,0.44,0.51
FRS_setA_posA_056_posB_044_posC_051_record_019_frame_17.png,A,19,17,34,0.56,0.44,0.51
FRS_setA_posA_056_posB_044_posC_051_record_019_frame_18.png,A,19,18,36,0.56,0.44,0.51
FRS_setA_posA_056_posB_044_posC_051_record_019_frame_19.png,A,19,19,38,0.56,0.44,0.51
FRS_setA_posA_056_posB_044_posC_051_record_020_frame_00.png,A,20,0,0,0.56,0.44,0.51
FRS_setA_posA_056_posB_044_posC_051_record_020_frame_01.png,A,20,1,2,0.56,0.44,0.51
FRS_setA_posA_056_posB_044_posC_051_record_020_frame_02.png,A,20,2,4,0.56,0.44,0.51
FRS_setA_posA_056_posB_044_posC_051_record_020_frame_03.png,A,20,3,6,0.56,0.44,0.51
FRS_setA_posA_056_posB_044_posC_051_record_020_frame_04.png,A,20,4,8,0.56,0.44,0.51
FRS_setA_posA_056_posB_044_posC_051_record_020_frame_05.png,A,20,5,10,0.56,0.44,0.51
FRS_setA_posA_056_posB_044_posC_051_record_020_frame_06.png,A,20,6,12,0.56,0.44,0.51
FRS_setA_posA_056_posB_044_posC_051_record_020_frame_07.png,A,20,7,14,0.56,0.44,0.51
FRS_setA_posA_056_posB_044_posC_051_record_020_frame_08.png,A,20,8,16,0.56,0.44,0.51
FRS_setA_posA_056_posB_044_posC_051_record_020_frame_09.png,A,20,9,18,0.56,0.44,0.51
FRS_setA_posA_056_posB_044_posC_051_record_020_frame_10.png,A,20,10,20,0.56,0.44,0.51
FRS_setA_posA_056_posB_044_posC_051_record_020_frame_11.png,A,20,11,22,0.56,0.44,0.51
FRS_setA_posA_056_posB_044_posC_051_record_020_frame_12.png,A,20,12,24,0.56,0.44,0.51
FRS_setA_posA_056_posB_044_posC_051_record_020_frame_13.png,A,20,13,26,0.56,0.44,0.51
FRS_setA_posA_056_posB_044_posC_051_record_020_frame_14.png,A,20,14,28,0.56,0.44,0.51
FRS_setA_posA_056_posB_044_posC_051_record_020_frame_15.png,A,20,15,30,0.56,0.44,0.51
FRS_setA_posA_056_posB_044_posC_051_record_020_frame_16.png,A,20,16,32,0.56,0.44,0.51
FRS_setA_posA_056_posB_044_posC_051_record_020_frame_17.png,A,20,17,34,0.56,0.44,0.51
FRS_setA_posA_056_posB_044_posC_051_record_020_frame_18.png,A,20,18,36,0.56,0.44,0.51
FRS_setA_posA_056_posB_044_posC_051_record_020_frame_19.png,A,20,19,38,0.56,0.44,0.51
FRS_setA_posA_058_posB_046_posC_052_record_021_frame_00.png,A,21,0,0,0.58,0.46,0.52
FRS_setA_posA_058_posB_046_posC_052_record_021_frame_01.png,A,21,1,2,0.58,0.46,0.52
FRS_setA_posA_058_posB_046_posC_052_record_021_frame_02.png,A,21,2,4,0.58,0.46,0.52
FRS_setA_posA_058_posB_046_posC_052_record_021_frame_03.png,A,21,3,6,0.58,0.46,0.52
FRS_setA_posA_058_posB_046_posC_052_record_021_frame_04.png,A,21,4,8,0.58,0.46,0.52
FRS_setA_posA_058_posB_046_posC_052_record_021_frame_05.png,A,21,5,10,0.58,0.46,0.52
FRS_setA_posA_058_posB_046_posC_052_record_021_frame_06.png,A,21,6,12,0.58,0.46,0.52
FRS_setA_posA_058_posB_046_posC_052_record_021_frame_07.png,A,21,7,14,0.58,0.46,0.52
FRS_setA_posA_058_posB_046_posC_052_record_021_frame_08.png,A,21,8,16,0.58,0.46,0.52
FRS_setA_posA_058_posB_046_posC_052_record_021_frame_09.png,A,21,9,18,0.58,0.46,0.52
FRS_setA_posA_058_posB_046_posC_052_record_021_frame_10.png,A,21,10,20,0.58,0.46,0.52
FRS_setA_posA_058_posB_046_posC_052_record_021_frame_11.png,A,21,11,22,0.58,0.46,0.52
FRS_setA_posA_058_posB_046_posC_052_record_021_frame_12.png,A,21,12,24,0.58,0.46,0.52
FRS_setA_posA_058_posB_046_posC_052_record_021_frame_13.png,A,21,13,26,0.58,0.46,0.52
FRS_setA_posA_058_posB_046_posC_052_record_021_frame_14.png,A,21,14,28,0.58,0.46,0.52
FRS_setA_posA_058_posB_046_posC_052_record_021_frame_15.png,A,21,15,30,0.58,0.46,0.52
FRS_setA_posA_058_posB_046_posC_052_record_021_frame_16.png,A,21,16,32,0.58,0.46,0.52
FRS_setA_posA_058_posB_046_posC_052_record_021_frame_17.png,A,21,17,34,0.58,0.46,0.52
FRS_setA_posA_058_posB_046_posC_052_record_021_frame_18.png,A,21,18,36,0.58,0.46,0.52
FRS_setA_posA_058_posB_046_posC_052_record_021_frame_19.png,A,21,19,38,0.58,0.46,0.52
FRS_setA_posA_060_posB_047_posC_053_record_022_frame_00.png,A,22,0,0,0.6,0.47,0.53
FRS_setA_posA_060_posB_047_posC_053_record_022_frame_01.png,A,22,1,2,0.6,0.47,0.53
FRS_setA_posA_060_posB_047_posC_053_record_022_frame_02.png,A,22,2,4,0.6,0.47,0.53
FRS_setA_posA_060_posB_047_posC_053_record_022_frame_03.png,A,22,3,6,0.6,0.47,0.53
FRS_setA_posA_060_posB_047_posC_053_record_022_frame_04.png,A,22,4,8,0.6,0.47,0.53
FRS_setA_posA_060_posB_047_posC_053_record_022_frame_05.png,A,22,5,10,0.6,0.47,0.53
FRS_setA_posA_060_posB_047_posC_053_record_022_frame_06.png,A,22,6,12,0.6,0.47,0.53
FRS_setA_posA_060_posB_047_posC_053_record_022_frame_07.png,A,22,7,14,0.6,0.47,0.53
FRS_setA_posA_060_posB_047_posC_053_record_022_frame_08.png,A,22,8,16,0.6,0.47,0.53
FRS_setA_posA_060_posB_047_posC_053_record_022_frame_09.png,A,22,9,18,0.6,0.47,0.53
FRS_setA_posA_060_posB_047_posC_053_record_022_frame_10.png,A,22,10,20,0.6,0.47,0.53
FRS_setA_posA_060_posB_047_posC_053_record_022_frame_11.png,A,22,11,22,0.6,0.47,0.53
FRS_setA_posA_060_posB_047_posC_053_record_022_frame_12.png,A,22,12,24,0.6,0.47,0.53
FRS_setA_posA_060_posB_047_posC_053_record_022_frame_13.png,A,22,13,26,0.6,0.47,0.53
FRS_setA_posA_060_posB_047_posC_053_record_022_frame_14.png,A,22,14,28,0.6,0.47,0.53
FRS_setA_posA_060_posB_047_posC_053_record_022_frame_15.png,A,22,15,30,0.6,0.47,0.53
FRS_setA_posA_060_posB_047_posC_053_record_022_frame_16.png,A,22,16,32,0.6,0.47,0.53
FRS_setA_posA_060_posB_047_posC_053_record_022_frame_17.png,A,22,17,34,0.6,0.47,0.53
FRS_setA_posA_060_posB_047_posC_053_record_022_frame_18.png,A,22,18,36,0.6,0.47,0.53
FRS_setA_posA_060_posB_047_posC_053_record_022_frame_19.png,A,22,19,38,0.6,0.47,0.53
FRS_setA_posA_061_posB_047_posC_053_record_023_frame_00.png,A,23,0,0,0.61,0.47,0.53
FRS_setA_posA_061_posB_047_posC_053_record_023_frame_01.png,A,23,1,2,0.61,0.47,0.53
FRS_setA_posA_061_posB_047_posC_053_record_023_frame_02.png,A,23,2,4,0.61,0.47,0.53
FRS_setA_posA_061_posB_047_posC_053_record_023_frame_03.png,A,23,3,6,0.61,0.47,0.53
FRS_setA_posA_061_posB_047_posC_053_record_023_frame_04.png,A,23,4,8,0.61,0.47,0.53
FRS_setA_posA_061_posB_047_posC_053_record_023_frame_05.png,A,23,5,10,0.61,0.47,0.53
FRS_setA_posA_061_posB_047_posC_053_record_023_frame_06.png,A,23,6,12,0.61,0.47,0.53
FRS_setA_posA_061_posB_047_posC_053_record_023_frame_07.png,A,23,7,14,0.61,0.47,0.53
FRS_setA_posA_061_posB_047_posC_053_record_023_frame_08.png,A,23,8,16,0.61,0.47,0.53
FRS_setA_posA_061_posB_047_posC_053_record_023_frame_09.png,A,23,9,18,0.61,0.47,0.53
FRS_setA_posA_061_posB_047_posC_053_record_023_frame_10.png,A,23,10,20,0.61,0.47,0.53
FRS_setA_posA_061_posB_047_posC_053_record_023_frame_11.png,A,23,11,22,0.61,0.47,0.53
FRS_setA_posA_061_posB_047_posC_053_record_023_frame_12.png,A,23,12,24,0.61,0.47,0.53
FRS_setA_posA_061_posB_047_posC_053_record_023_frame_13.png,A,23,13,26,0.61,0.47,0.53
FRS_setA_posA_061_posB_047_posC_053_record_023_frame_14.png,A,23,14,28,0.61,0.47,0.53
FRS_setA_posA_061_posB_047_posC_053_record_023_frame_15.png,A,23,15,30,0.61,0.47,0.53
FRS_setA_posA_061_posB_047_posC_053_record_023_frame_16.png,A,23,16,32,0.61,0.47,0.53
FRS_setA_posA_061_posB_047_posC_053_record_023_frame_17.png,A,23,17,34,0.61,0.47,0.53
FRS_setA_posA_061_posB_047_posC_053_record_023_frame_18.png,A,23,18,36,0.61,0.47,0.53
FRS_setA_posA_061_posB_047_posC_053_record_023_frame_19.png,A,23,19,38,0.61,0.47,0.53
FRS_setA_posA_062_posB_048_posC_053_record_024_frame_00.png,A,24,0,0,0.62,0.48,0.53
FRS_setA_posA_062_posB_048_posC_053_record_024_frame_01.png,A,24,1,2,0.62,0.48,0.53
FRS_setA_posA_062_posB_048_posC_053_record_024_frame_02.png,A,24,2,4,0.62,0.48,0.53
FRS_setA_posA_062_posB_048_posC_053_record_024_frame_03.png,A,24,3,6,0.62,0.48,0.53
FRS_setA_posA_062_posB_048_posC_053_record_024_frame_04.png,A,24,4,8,0.62,0.48,0.53
FRS_setA_posA_062_posB_048_posC_053_record_024_frame_05.png,A,24,5,10,0.62,0.48,0.53
FRS_setA_posA_062_posB_048_posC_053_record_024_frame_06.png,A,24,6,12,0.62,0.48,0.53
FRS_setA_posA_062_posB_048_posC_053_record_024_frame_07.png,A,24,7,14,0.62,0.48,0.53
FRS_setA_posA_062_posB_048_posC_053_record_024_frame_08.png,A,24,8,16,0.62,0.48,0.53
FRS_setA_posA_062_posB_048_posC_053_record_024_frame_09.png,A,24,9,18,0.62,0.48,0.53
FRS_setA_posA_062_posB_048_posC_053_record_024_frame_10.png,A,24,10,20,0.62,0.48,0.53
FRS_setA_posA_062_posB_048_posC_053_record_024_frame_11.png,A,24,11,22,0.62,0.48,0.53
FRS_setA_posA_062_posB_048_posC_053_record_024_frame_12.png,A,24,12,24,0.62,0.48,0.53
FRS_setA_posA_062_posB_048_posC_053_record_024_frame_13.png,A,24,13,26,0.62,0.48,0.53
FRS_setA_posA_062_posB_048_posC_053_record_024_frame_14.png,A,24,14,28,0.62,0.48,0.53
FRS_setA_posA_062_posB_048_posC_053_record_024_frame_15.png,A,24,15,30,0.62,0.48,0.53
FRS_setA_posA_062_posB_048_posC_053_record_024_frame_16.png,A,24,16,32,0.62,0.48,0.53
FRS_setA_posA_062_posB_048_posC_053_record_024_frame_17.png,A,24,17,34,0.62,0.48,0.53
FRS_setA_posA_062_posB_048_posC_053_record_024_frame_18.png,A,24,18,36,0.62,0.48,0.53
FRS_setA_posA_062_posB_048_posC_053_record_024_frame_19.png,A,24,19,38,0.62,0.48,0.53
FRS_setA_posA_064_posB_050_posC_054_record_025_frame_00.png,A,25,0,0,0.64,0.5,0.54
FRS_setA_posA_064_posB_050_posC_054_record_025_frame_01.png,A,25,1,2,0.64,0.5,0.54
FRS_setA_posA_064_posB_050_posC_054_record_025_frame_02.png,A,25,2,4,0.64,0.5,0.54
FRS_setA_posA_064_posB_050_posC_054_record_025_frame_03.png,A,25,3,6,0.64,0.5,0.54
FRS_setA_posA_064_posB_050_posC_054_record_025_frame_04.png,A,25,4,8,0.64,0.5,0.54
FRS_setA_posA_064_posB_050_posC_054_record_025_frame_05.png,A,25,5,10,0.64,0.5,0.54
FRS_setA_posA_064_posB_050_posC_054_record_025_frame_06.png,A,25,6,12,0.64,0.5,0.54
FRS_setA_posA_064_posB_050_posC_054_record_025_frame_07.png,A,25,7,14,0.64,0.5,0.54
FRS_setA_posA_064_posB_050_posC_054_record_025_frame_08.png,A,25,8,16,0.64,0.5,0.54
FRS_setA_posA_064_posB_050_posC_054_record_025_frame_09.png,A,25,9,18,0.64,0.5,0.54
FRS_setA_posA_064_posB_050_posC_054_record_025_frame_10.png,A,25,10,20,0.64,0.5,0.54
FRS_setA_posA_064_posB_050_posC_054_record_025_frame_11.png,A,25,11,22,0.64,0.5,0.54
FRS_setA_posA_064_posB_050_posC_054_record_025_frame_12.png,A,25,12,24,0.64,0.5,0.54
FRS_setA_posA_064_posB_050_posC_054_record_025_frame_13.png,A,25,13,26,0.64,0.5,0.54
FRS_setA_posA_064_posB_050_posC_054_record_025_frame_14.png,A,25,14,28,0.64,0.5,0.54
FRS_setA_posA_064_posB_050_posC_054_record_025_frame_15.png,A,25,15,30,0.64,0.5,0.54
FRS_setA_posA_064_posB_050_posC_054_record_025_frame_16.png,A,25,16,32,0.64,0.5,0.54
FRS_setA_posA_064_posB_050_posC_054_record_025_frame_17.png,A,25,17,34,0.64,0.5,0.54
FRS_setA_posA_064_posB_050_posC_054_record_025_frame_18.png,A,25,18,36,0.64,0.5,0.54
FRS_setA_posA_064_posB_050_posC_054_record_025_frame_19.png,A,25,19,38,0.64,0.5,0.54
FRS_setA_posA_066_posB_051_posC_055_record_026_frame_00.png,A,26,0,0,0.66,0.51,0.55
FRS_setA_posA_066_posB_051_posC_055_record_026_frame_01.png,A,26,1,2,0.66,0.51,0.55
FRS_setA_posA_066_posB_051_posC_055_record_026_frame_02.png,A,26,2,4,0.66,0.51,0.55
FRS_setA_posA_066_posB_051_posC_055_record_026_frame_03.png,A,26,3,6,0.66,0.51,0.55
FRS_setA_posA_066_posB_051_posC_055_record_026_frame_04.png,A,26,4,8,0.66,0.51,0.55
FRS_setA_posA_066_posB_051_posC_055_record_026_frame_05.png,A,26,5,10,0.66,0.51,0.55
FRS_setA_posA_066_posB_051_posC_055_record_026_frame_06.png,A,26,6,12,0.66,0.51,0.55
FRS_setA_posA_066_posB_051_posC_055_record_026_frame_07.png,A,26,7,14,0.66,0.51,0.55
FRS_setA_posA_066_posB_051_posC_055_record_026_frame_08.png,A,26,8,16,0.66,0.51,0.55
FRS_setA_posA_066_posB_051_posC_055_record_026_frame_09.png,A,26,9,18,0.66,0.51,0.55
FRS_setA_posA_066_posB_051_posC_055_record_026_frame_10.png,A,26,10,20,0.66,0.51,0.55
FRS_setA_posA_066_posB_051_posC_055_record_026_frame_11.png,A,26,11,22,0.66,0.51,0.55
FRS_setA_posA_066_posB_051_posC_055_record_026_frame_12.png,A,26,12,24,0.66,0.51,0.55
FRS_setA_posA_066_posB_051_posC_055_record_026_frame_13.png,A,26,13,26,0.66,0.51,0.55
FRS_setA_posA_066_posB_051_posC_055_record_026_frame_14.png,A,26,14,28,0.66,0.51,0.55
FRS_setA_posA_066_posB_051_posC_055_record_026_frame_15.png,A,26,15,30,0.66,0.51,0.55
FRS_setA_posA_066_posB_051_posC_055_record_026_frame_16.png,A,26,16,32,0.66,0.51,0.55
FRS_setA_posA_066_posB_051_posC_055_record_026_frame_17.png,A,26,17,34,0.66,0.51,0.55
FRS_setA_posA_066_posB_051_posC_055_record_026_frame_18.png,A,26,18,36,0.66,0.51,0.55
FRS_setA_posA_066_posB_051_posC_055_record_026_frame_19.png,A,26,19,38,0.66,0.51,0.55
FRS_setA_posA_067_posB_052_posC_056_record_027_frame_00.png,A,27,0,0,0.67,0.52,0.56
FRS_setA_posA_067_posB_052_posC_056_record_027_frame_01.png,A,27,1,2,0.67,0.52,0.56
FRS_setA_posA_067_posB_052_posC_056_record_027_frame_02.png,A,27,2,4,0.67,0.52,0.56
FRS_setA_posA_067_posB_052_posC_056_record_027_frame_03.png,A,27,3,6,0.67,0.52,0.56
FRS_setA_posA_067_posB_052_posC_056_record_027_frame_04.png,A,27,4,8,0.67,0.52,0.56
FRS_setA_posA_067_posB_052_posC_056_record_027_frame_05.png,A,27,5,10,0.67,0.52,0.56
FRS_setA_posA_067_posB_052_posC_056_record_027_frame_06.png,A,27,6,12,0.67,0.52,0.56
FRS_setA_posA_067_posB_052_posC_056_record_027_frame_07.png,A,27,7,14,0.67,0.52,0.56
FRS_setA_posA_067_posB_052_posC_056_record_027_frame_08.png,A,27,8,16,0.67,0.52,0.56
FRS_setA_posA_067_posB_052_posC_056_record_027_frame_09.png,A,27,9,18,0.67,0.52,0.56
FRS_setA_posA_067_posB_052_posC_056_record_027_frame_10.png,A,27,10,20,0.67,0.52,0.56
FRS_setA_posA_067_posB_052_posC_056_record_027_frame_11.png,A,27,11,22,0.67,0.52,0.56
FRS_setA_posA_067_posB_052_posC_056_record_027_frame_12.png,A,27,12,24,0.67,0.52,0.56
FRS_setA_posA_067_posB_052_posC_056_record_027_frame_13.png,A,27,13,26,0.67,0.52,0.56
FRS_setA_posA_067_posB_052_posC_056_record_027_frame_14.png,A,27,14,28,0.67,0.52,0.56
FRS_setA_posA_067_posB_052_posC_056_record_027_frame_15.png,A,27,15,30,0.67,0.52,0.56
FRS_setA_posA_067_posB_052_posC_056_record_027_frame_16.png,A,27,16,32,0.67,0.52,0.56
FRS_setA_posA_067_posB_052_posC_056_record_027_frame_17.png,A,27,17,34,0.67,0.52,0.56
FRS_setA_posA_067_posB_052_posC_056_record_027_frame_18.png,A,27,18,36,0.67,0.52,0.56
FRS_setA_posA_067_posB_052_posC_056_record_027_frame_19.png,A,27,19,38,0.67,0.52,0.56
FRS_setA_posA_070_posB_053_posC_057_record_028_frame_00.png,A,28,0,0,0.7,0.53,0.57
FRS_setA_posA_070_posB_053_posC_057_record_028_frame_01.png,A,28,1,2,0.7,0.53,0.57
FRS_setA_posA_070_posB_053_posC_057_record_028_frame_02.png,A,28,2,4,0.7,0.53,0.57
FRS_setA_posA_070_posB_053_posC_057_record_028_frame_03.png,A,28,3,6,0.7,0.53,0.57
FRS_setA_posA_070_posB_053_posC_057_record_028_frame_04.png,A,28,4,8,0.7,0.53,0.57
FRS_setA_posA_070_posB_053_posC_057_record_028_frame_05.png,A,28,5,10,0.7,0.53,0.57
FRS_setA_posA_070_posB_053_posC_057_record_028_frame_06.png,A,28,6,12,0.7,0.53,0.57
FRS_setA_posA_070_posB_053_posC_057_record_028_frame_07.png,A,28,7,14,0.7,0.53,0.57
FRS_setA_posA_070_posB_053_posC_057_record_028_frame_08.png,A,28,8,16,0.7,0.53,0.57
FRS_setA_posA_070_posB_053_posC_057_record_028_frame_09.png,A,28,9,18,0.7,0.53,0.57
FRS_setA_posA_070_posB_053_posC_057_record_028_frame_10.png,A,28,10,20,0.7,0.53,0.57
FRS_setA_posA_070_posB_053_posC_057_record_028_frame_11.png,A,28,11,22,0.7,0.53,0.57
FRS_setA_posA_070_posB_053_posC_057_record_028_frame_12.png,A,28,12,24,0.7,0.53,0.57
FRS_setA_posA_070_posB_053_posC_057_record_028_frame_13.png,A,28,13,26,0.7,0.53,0.57
FRS_setA_posA_070_posB_053_posC_057_record_028_frame_14.png,A,28,14,28,0.7,0.53,0.57
FRS_setA_posA_070_posB_053_posC_057_record_028_frame_15.png,A,28,15,30,0.7,0.53,0.57
FRS_setA_posA_070_posB_053_posC_057_record_028_frame_16.png,A,28,16,32,0.7,0.53,0.57
FRS_setA_posA_070_posB_053_posC_057_record_028_frame_17.png,A,28,17,34,0.7,0.53,0.57
FRS_setA_posA_070_posB_053_posC_057_record_028_frame_18.png,A,28,18,36,0.7,0.53,0.57
FRS_setA_posA_070_posB_053_posC_057_record_028_frame_19.png,A,28,19,38,0.7,0.53,0.57
FRS_setA_posA_071_posB_055_posC_057_record_029_frame_00.png,A,29,0,0,0.71,0.55,0.57
FRS_setA_posA_071_posB_055_posC_057_record_029_frame_01.png,A,29,1,2,0.71,0.55,0.57
FRS_setA_posA_071_posB_055_posC_057_record_029_frame_02.png,A,29,2,4,0.71,0.55,0.57
FRS_setA_posA_071_posB_055_posC_057_record_029_frame_03.png,A,29,3,6,0.71,0.55,0.57
FRS_setA_posA_071_posB_055_posC_057_record_029_frame_04.png,A,29,4,8,0.71,0.55,0.57
FRS_setA_posA_071_posB_055_posC_057_record_029_frame_05.png,A,29,5,10,0.71,0.55,0.57
FRS_setA_posA_071_posB_055_posC_057_record_029_frame_06.png,A,29,6,12,0.71,0.55,0.57
FRS_setA_posA_071_posB_055_posC_057_record_029_frame_07.png,A,29,7,14,0.71,0.55,0.57
FRS_setA_posA_071_posB_055_posC_057_record_029_frame_08.png,A,29,8,16,0.71,0.55,0.57
FRS_setA_posA_071_posB_055_posC_057_record_029_frame_09.png,A,29,9,18,0.71,0.55,0.57
FRS_setA_posA_071_posB_055_posC_057_record_029_frame_10.png,A,29,10,20,0.71,0.55,0.57
FRS_setA_posA_071_posB_055_posC_057_record_029_frame_11.png,A,29,11,22,0.71,0.55,0.57
FRS_setA_posA_071_posB_055_posC_057_record_029_frame_12.png,A,29,12,24,0.71,0.55,0.57
FRS_setA_posA_071_posB_055_posC_057_record_029_frame_13.png,A,29,13,26,0.71,0.55,0.57
FRS_setA_posA_071_posB_055_posC_057_record_029_frame_14.png,A,29,14,28,0.71,0.55,0.57
FRS_setA_posA_071_posB_055_posC_057_record_029_frame_15.png,A,29,15,30,0.71,0.55,0.57
FRS_setA_posA_071_posB_055_posC_057_record_029_frame_16.png,A,29,16,32,0.71,0.55,0.57
FRS_setA_posA_071_posB_055_posC_057_record_029_frame_17.png,A,29,17,34,0.71,0.55,0.57
FRS_setA_posA_071_posB_055_posC_057_record_029_frame_18.png,A,29,18,36,0.71,0.55,0.57
FRS_setA_posA_071_posB_055_posC_057_record_029_frame_19.png,A,29,19,38,0.71,0.55,0.57
FRS_setA_posA_074_posB_056_posC_058_record_030_frame_00.png,A,30,0,0,0.74,0.56,0.58
FRS_setA_posA_074_posB_056_posC_058_record_030_frame_01.png,A,30,1,2,0.74,0.56,0.58
FRS_setA_posA_074_posB_056_posC_058_record_030_frame_02.png,A,30,2,4,0.74,0.56,0.58
FRS_setA_posA_074_posB_056_posC_058_record_030_frame_03.png,A,30,3,6,0.74,0.56,0.58
FRS_setA_posA_074_posB_056_posC_058_record_030_frame_04.png,A,30,4,8,0.74,0.56,0.58
FRS_setA_posA_074_posB_056_posC_058_record_030_frame_05.png,A,30,5,10,0.74,0.56,0.58
FRS_setA_posA_074_posB_056_posC_058_record_030_frame_06.png,A,30,6,12,0.74,0.56,0.58
FRS_setA_posA_074_posB_056_posC_058_record_030_frame_07.png,A,30,7,14,0.74,0.56,0.58
FRS_setA_posA_074_posB_056_posC_058_record_030_frame_08.png,A,30,8,16,0.74,0.56,0.58
FRS_setA_posA_074_posB_056_posC_058_record_030_frame_09.png,A,30,9,18,0.74,0.56,0.58
FRS_setA_posA_074_posB_056_posC_058_record_030_frame_10.png,A,30,10,20,0.74,0.56,0.58
FRS_setA_posA_074_posB_056_posC_058_record_030_frame_11.png,A,30,11,22,0.74,0.56,0.58
FRS_setA_posA_074_posB_056_posC_058_record_030_frame_12.png,A,30,12,24,0.74,0.56,0.58
FRS_setA_posA_074_posB_056_posC_058_record_030_frame_13.png,A,30,13,26,0.74,0.56,0.58
FRS_setA_posA_074_posB_056_posC_058_record_030_frame_14.png,A,30,14,28,0.74,0.56,0.58
FRS_setA_posA_074_posB_056_posC_058_record_030_frame_15.png,A,30,15,30,0.74,0.56,0.58
FRS_setA_posA_074_posB_056_posC_058_record_030_frame_16.png,A,30,16,32,0.74,0.56,0.58
FRS_setA_posA_074_posB_056_posC_058_record_030_frame_17.png,A,30,17,34,0.74,0.56,0.58
FRS_setA_posA_074_posB_056_posC_058_record_030_frame_18.png,A,30,18,36,0.74,0.56,0.58
FRS_setA_posA_074_posB_056_posC_058_record_030_frame_19.png,A,30,19,38,0.74,0.56,0.58
FRS_setA_posA_075_posB_058_posC_059_record_031_frame_00.png,A,31,0,0,0.75,0.58,0.59
FRS_setA_posA_075_posB_058_posC_059_record_031_frame_01.png,A,31,1,2,0.75,0.58,0.59
FRS_setA_posA_075_posB_058_posC_059_record_031_frame_02.png,A,31,2,4,0.75,0.58,0.59
FRS_setA_posA_075_posB_058_posC_059_record_031_frame_03.png,A,31,3,6,0.75,0.58,0.59
FRS_setA_posA_075_posB_058_posC_059_record_031_frame_04.png,A,31,4,8,0.75,0.58,0.59
FRS_setA_posA_075_posB_058_posC_059_record_031_frame_05.png,A,31,5,10,0.75,0.58,0.59
FRS_setA_posA_075_posB_058_posC_059_record_031_frame_06.png,A,31,6,12,0.75,0.58,0.59
FRS_setA_posA_075_posB_058_posC_059_record_031_frame_07.png,A,31,7,14,0.75,0.58,0.59
FRS_setA_posA_075_posB_058_posC_059_record_031_frame_08.png,A,31,8,16,0.75,0.58,0.59
FRS_setA_posA_075_posB_058_posC_059_record_031_frame_09.png,A,31,9,18,0.75,0.58,0.59
FRS_setA_posA_075_posB_058_posC_059_record_031_frame_10.png,A,31,10,20,0.75,0.58,0.59
FRS_setA_posA_075_posB_058_posC_059_record_031_frame_11.png,A,31,11,22,0.75,0.58,0.59
FRS_setA_posA_075_posB_058_posC_059_record_031_frame_12.png,A,31,12,24,0.75,0.58,0.59
FRS_setA_posA_075_posB_058_posC_059_record_031_frame_13.png,A,31,13,26,0.75,0.58,0.59
FRS_setA_posA_075_posB_058_posC_059_record_031_frame_14.png,A,31,14,28,0.75,0.58,0.59
FRS_setA_posA_075_posB_058_posC_059_record_031_frame_15.png,A,31,15,30,0.75,0.58,0.59
FRS_setA_posA_075_posB_058_posC_059_record_031_frame_16.png,A,31,16,32,0.75,0.58,0.59
FRS_setA_posA_075_posB_058_posC_059_record_031_frame_17.png,A,31,17,34,0.75,0.58,0.59
FRS_setA_posA_075_posB_058_posC_059_record_031_frame_18.png,A,31,18,36,0.75,0.58,0.59
FRS_setA_posA_075_posB_058_posC_059_record_031_frame_19.png,A,31,19,38,0.75,0.58,0.59
FRS_setA_posA_076_posB_058_posC_061_record_032_frame_00.png,A,32,0,0,0.76,0.58,0.61
FRS_setA_posA_076_posB_058_posC_061_record_032_frame_01.png,A,32,1,2,0.76,0.58,0.61
FRS_setA_posA_076_posB_058_posC_061_record_032_frame_02.png,A,32,2,4,0.76,0.58,0.61
FRS_setA_posA_076_posB_058_posC_061_record_032_frame_03.png,A,32,3,6,0.76,0.58,0.61
FRS_setA_posA_076_posB_058_posC_061_record_032_frame_04.png,A,32,4,8,0.76,0.58,0.61
FRS_setA_posA_076_posB_058_posC_061_record_032_frame_05.png,A,32,5,10,0.76,0.58,0.61
FRS_setA_posA_076_posB_058_posC_061_record_032_frame_06.png,A,32,6,12,0.76,0.58,0.61
FRS_setA_posA_076_posB_058_posC_061_record_032_frame_07.png,A,32,7,14,0.76,0.58,0.61
FRS_setA_posA_076_posB_058_posC_061_record_032_frame_08.png,A,32,8,16,0.76,0.58,0.61
FRS_setA_posA_076_posB_058_posC_061_record_032_frame_09.png,A,32,9,18,0.76,0.58,0.61
FRS_setA_posA_076_posB_058_posC_061_record_032_frame_10.png,A,32,10,20,0.76,0.58,0.61
FRS_setA_posA_076_posB_058_posC_061_record_032_frame_11.png,A,32,11,22,0.76,0.58,0.61
FRS_setA_posA_076_posB_058_posC_061_record_032_frame_12.png,A,32,12,24,0.76,0.58,0.61
FRS_setA_posA_076_posB_058_posC_061_record_032_frame_13.png,A,32,13,26,0.76,0.58,0.61
FRS_setA_posA_076_posB_058_posC_061_record_032_frame_14.png,A,32,14,28,0.76,0.58,0.61
FRS_setA_posA_076_posB_058_posC_061_record_032_frame_15.png,A,32,15,30,0.76,0.58,0.61
FRS_setA_posA_076_posB_058_posC_061_record_032_frame_16.png,A,32,16,32,0.76,0.58,0.61
FRS_setA_posA_076_posB_058_posC_061_record_032_frame_17.png,A,32,17,34,0.76,0.58,0.61
FRS_setA_posA_076_posB_058_posC_061_record_032_frame_18.png,A,32,18,36,0.76,0.58,0.61
FRS_setA_posA_076_posB_058_posC_061_record_032_frame_19.png,A,32,19,38,0.76,0.58,0.61
FRS_setA_posA_077_posB_059_posC_061_record_033_frame_00.png,A,33,0,0,0.77,0.59,0.61
FRS_setA_posA_077_posB_059_posC_061_record_033_frame_01.png,A,33,1,2,0.77,0.59,0.61
FRS_setA_posA_077_posB_059_posC_061_record_033_frame_02.png,A,33,2,4,0.77,0.59,0.61
FRS_setA_posA_077_posB_059_posC_061_record_033_frame_03.png,A,33,3,6,0.77,0.59,0.61
FRS_setA_posA_077_posB_059_posC_061_record_033_frame_04.png,A,33,4,8,0.77,0.59,0.61
FRS_setA_posA_077_posB_059_posC_061_record_033_frame_05.png,A,33,5,10,0.77,0.59,0.61
FRS_setA_posA_077_posB_059_posC_061_record_033_frame_06.png,A,33,6,12,0.77,0.59,0.61
FRS_setA_posA_077_posB_059_posC_061_record_033_frame_07.png,A,33,7,14,0.77,0.59,0.61
FRS_setA_posA_077_posB_059_posC_061_record_033_frame_08.png,A,33,8,16,0.77,0.59,0.61
FRS_setA_posA_077_posB_059_posC_061_record_033_frame_09.png,A,33,9,18,0.77,0.59,0.61
FRS_setA_posA_077_posB_059_posC_061_record_033_frame_10.png,A,33,10,20,0.77,0.59,0.61
FRS_setA_posA_077_posB_059_posC_061_record_033_frame_11.png,A,33,11,22,0.77,0.59,0.61
FRS_setA_posA_077_posB_059_posC_061_record_033_frame_12.png,A,33,12,24,0.77,0.59,0.61
FRS_setA_posA_077_posB_059_posC_061_record_033_frame_13.png,A,33,13,26,0.77,0.59,0.61
FRS_setA_posA_077_posB_059_posC_061_record_033_frame_14.png,A,33,14,28,0.77,0.59,0.61
FRS_setA_posA_077_posB_059_posC_061_record_033_frame_15.png,A,33,15,30,0.77,0.59,0.61
FRS_setA_posA_077_posB_059_posC_061_record_033_frame_16.png,A,33,16,32,0.77,0.59,0.61
FRS_setA_posA_077_posB_059_posC_061_record_033_frame_17.png,A,33,17,34,0.77,0.59,0.61
FRS_setA_posA_077_posB_059_posC_061_record_033_frame_18.png,A,33,18,36,0.77,0.59,0.61
FRS_setA_posA_077_posB_059_posC_061_record_033_frame_19.png,A,33,19,38,0.77,0.59,0.61
FRS_setA_posA_078_posB_060_posC_062_record_034_frame_00.png,A,34,0,0,0.78,0.6,0.62
FRS_setA_posA_078_posB_060_posC_062_record_034_frame_01.png,A,34,1,2,0.78,0.6,0.62
FRS_setA_posA_078_posB_060_posC_062_record_034_frame_02.png,A,34,2,4,0.78,0.6,0.62
FRS_setA_posA_078_posB_060_posC_062_record_034_frame_03.png,A,34,3,6,0.78,0.6,0.62
FRS_setA_posA_078_posB_060_posC_062_record_034_frame_04.png,A,34,4,8,0.78,0.6,0.62
FRS_setA_posA_078_posB_060_posC_062_record_034_frame_05.png,A,34,5,10,0.78,0.6,0.62
FRS_setA_posA_078_posB_060_posC_062_record_034_frame_06.png,A,34,6,12,0.78,0.6,0.62
FRS_setA_posA_078_posB_060_posC_062_record_034_frame_07.png,A,34,7,14,0.78,0.6,0.62
FRS_setA_posA_078_posB_060_posC_062_record_034_frame_08.png,A,34,8,16,0.78,0.6,0.62
FRS_setA_posA_078_posB_060_posC_062_record_034_frame_09.png,A,34,9,18,0.78,0.6,0.62
FRS_setA_posA_078_posB_060_posC_062_record_034_frame_10.png,A,34,10,20,0.78,0.6,0.62
FRS_setA_posA_078_posB_060_posC_062_record_034_frame_11.png,A,34,11,22,0.78,0.6,0.62
FRS_setA_posA_078_posB_060_posC_062_record_034_frame_12.png,A,34,12,24,0.78,0.6,0.62
FRS_setA_posA_078_posB_060_posC_062_record_034_frame_13.png,A,34,13,26,0.78,0.6,0.62
FRS_setA_posA_078_posB_060_posC_062_record_034_frame_14.png,A,34,14,28,0.78,0.6,0.62
FRS_setA_posA_078_posB_060_posC_062_record_034_frame_15.png,A,34,15,30,0.78,0.6,0.62
FRS_setA_posA_078_posB_060_posC_062_record_034_frame_16.png,A,34,16,32,0.78,0.6,0.62
FRS_setA_posA_078_posB_060_posC_062_record_034_frame_17.png,A,34,17,34,0.78,0.6,0.62
FRS_setA_posA_078_posB_060_posC_062_record_034_frame_18.png,A,34,18,36,0.78,0.6,0.62
FRS_setA_posA_078_posB_060_posC_062_record_034_frame_19.png,A,34,19,38,0.78,0.6,0.62
FRS_setA_posA_079_posB_061_posC_063_record_035_frame_00.png,A,35,0,0,0.79,0.61,0.63
FRS_setA_posA_079_posB_061_posC_063_record_035_frame_01.png,A,35,1,2,0.79,0.61,0.63
FRS_setA_posA_079_posB_061_posC_063_record_035_frame_02.png,A,35,2,4,0.79,0.61,0.63
FRS_setA_posA_079_posB_061_posC_063_record_035_frame_03.png,A,35,3,6,0.79,0.61,0.63
FRS_setA_posA_079_posB_061_posC_063_record_035_frame_04.png,A,35,4,8,0.79,0.61,0.63
FRS_setA_posA_079_posB_061_posC_063_record_035_frame_05.png,A,35,5,10,0.79,0.61,0.63
FRS_setA_posA_079_posB_061_posC_063_record_035_frame_06.png,A,35,6,12,0.79,0.61,0.63
FRS_setA_posA_079_posB_061_posC_063_record_035_frame_07.png,A,35,7,14,0.79,0.61,0.63
FRS_setA_posA_079_posB_061_posC_063_record_035_frame_08.png,A,35,8,16,0.79,0.61,0.63
FRS_setA_posA_079_posB_061_posC_063_record_035_frame_09.png,A,35,9,18,0.79,0.61,0.63
FRS_setA_posA_079_posB_061_posC_063_record_035_frame_10.png,A,35,10,20,0.79,0.61,0.63
FRS_setA_posA_079_posB_061_posC_063_record_035_frame_11.png,A,35,11,22,0.79,0.61,0.63
FRS_setA_posA_079_posB_061_posC_063_record_035_frame_12.png,A,35,12,24,0.79,0.61,0.63
FRS_setA_posA_079_posB_061_posC_063_record_035_frame_13.png,A,35,13,26,0.79,0.61,0.63
FRS_setA_posA_079_posB_061_posC_063_record_035_frame_14.png,A,35,14,28,0.79,0.61,0.63
FRS_setA_posA_079_posB_061_posC_063_record_035_frame_15.png,A,35,15,30,0.79,0.61,0.63
FRS_setA_posA_079_posB_061_posC_063_record_035_frame_16.png,A,35,16,32,0.79,0.61,0.63
FRS_setA_posA_079_posB_061_posC_063_record_035_frame_17.png,A,35,17,34,0.79,0.61,0.63
FRS_setA_posA_079_posB_061_posC_063_record_035_frame_18.png,A,35,18,36,0.79,0.61,0.63
FRS_setA_posA_079_posB_061_posC_063_record_035_frame_19.png,A,35,19,38,0.79,0.61,0.63
FRS_setA_posA_081_posB_063_posC_064_record_036_frame_00.png,A,36,0,0,0.81,0.63,0.64
FRS_setA_posA_081_posB_063_posC_064_record_036_frame_01.png,A,36,1,2,0.81,0.63,0.64
FRS_setA_posA_081_posB_063_posC_064_record_036_frame_02.png,A,36,2,4,0.81,0.63,0.64
FRS_setA_posA_081_posB_063_posC_064_record_036_frame_03.png,A,36,3,6,0.81,0.63,0.64
FRS_setA_posA_081_posB_063_posC_064_record_036_frame_04.png,A,36,4,8,0.81,0.63,0.64
FRS_setA_posA_081_posB_063_posC_064_record_036_frame_05.png,A,36,5,10,0.81,0.63,0.64
FRS_setA_posA_081_posB_063_posC_064_record_036_frame_06.png,A,36,6,12,0.81,0.63,0.64
FRS_setA_posA_081_posB_063_posC_064_record_036_frame_07.png,A,36,7,14,0.81,0.63,0.64
FRS_setA_posA_081_posB_063_posC_064_record_036_frame_08.png,A,36,8,16,0.81,0.63,0.64
FRS_setA_posA_081_posB_063_posC_064_record_036_frame_09.png,A,36,9,18,0.81,0.63,0.64
FRS_setA_posA_081_posB_063_posC_064_record_036_frame_10.png,A,36,10,20,0.81,0.63,0.64
FRS_setA_posA_081_posB_063_posC_064_record_036_frame_11.png,A,36,11,22,0.81,0.63,0.64
FRS_setA_posA_081_posB_063_posC_064_record_036_frame_12.png,A,36,12,24,0.81,0.63,0.64
FRS_setA_posA_081_posB_063_posC_064_record_036_frame_13.png,A,36,13,26,0.81,0.63,0.64
FRS_setA_posA_081_posB_063_posC_064_record_036_frame_14.png,A,36,14,28,0.81,0.63,0.64
FRS_setA_posA_081_posB_063_posC_064_record_036_frame_15.png,A,36,15,30,0.81,0.63,0.64
FRS_setA_posA_081_posB_063_posC_064_record_036_frame_16.png,A,36,16,32,0.81,0.63,0.64
FRS_setA_posA_081_posB_063_posC_064_record_036_frame_17.png,A,36,17,34,0.81,0.63,0.64
FRS_setA_posA_081_posB_063_posC_064_record_036_frame_18.png,A,36,18,36,0.81,0.63,0.64
FRS_setA_posA_081_posB_063_posC_064_record_036_frame_19.png,A,36,19,38,0.81,0.63,0.64
FRS_setA_posA_083_posB_064_posC_065_record_037_frame_00.png,A,37,0,0,0.83,0.64,0.65
FRS_setA_posA_083_posB_064_posC_065_record_037_frame_01.png,A,37,1,2,0.83,0.64,0.65
FRS_setA_posA_083_posB_064_posC_065_record_037_frame_02.png,A,37,2,4,0.83,0.64,0.65
FRS_setA_posA_083_posB_064_posC_065_record_037_frame_03.png,A,37,3,6,0.83,0.64,0.65
FRS_setA_posA_083_posB_064_posC_065_record_037_frame_04.png,A,37,4,8,0.83,0.64,0.65
FRS_setA_posA_083_posB_064_posC_065_record_037_frame_05.png,A,37,5,10,0.83,0.64,0.65
FRS_setA_posA_083_posB_064_posC_065_record_037_frame_06.png,A,37,6,12,0.83,0.64,0.65
FRS_setA_posA_083_posB_064_posC_065_record_037_frame_07.png,A,37,7,14,0.83,0.64,0.65
FRS_setA_posA_083_posB_064_posC_065_record_037_frame_08.png,A,37,8,16,0.83,0.64,0.65
FRS_setA_posA_083_posB_064_posC_065_record_037_frame_09.png,A,37,9,18,0.83,0.64,0.65
FRS_setA_posA_083_posB_064_posC_065_record_037_frame_10.png,A,37,10,20,0.83,0.64,0.65
FRS_setA_posA_083_posB_064_posC_065_record_037_frame_11.png,A,37,11,22,0.83,0.64,0.65
FRS_setA_posA_083_posB_064_posC_065_record_037_frame_12.png,A,37,12,24,0.83,0.64,0.65
FRS_setA_posA_083_posB_064_posC_065_record_037_frame_13.png,A,37,13,26,0.83,0.64,0.65
FRS_setA_posA_083_posB_064_posC_065_record_037_frame_14.png,A,37,14,28,0.83,0.64,0.65
FRS_setA_posA_083_posB_064_posC_065_record_037_frame_15.png,A,37,15,30,0.83,0.64,0.65
FRS_setA_posA_083_posB_064_posC_065_record_037_frame_16.png,A,37,16,32,0.83,0.64,0.65
FRS_setA_posA_083_posB_064_posC_065_record_037_frame_17.png,A,37,17,34,0.83,0.64,0.65
FRS_setA_posA_083_posB_064_posC_065_record_037_frame_18.png,A,37,18,36,0.83,0.64,0.65
FRS_setA_posA_083_posB_064_posC_065_record_037_frame_19.png,A,37,19,38,0.83,0.64,0.65
FRS_setA_posA_084_posB_065_posC_067_record_038_frame_00.png,A,38,0,0,0.84,0.65,0.67
FRS_setA_posA_084_posB_065_posC_067_record_038_frame_01.png,A,38,1,2,0.84,0.65,0.67
FRS_setA_posA_084_posB_065_posC_067_record_038_frame_02.png,A,38,2,4,0.84,0.65,0.67
FRS_setA_posA_084_posB_065_posC_067_record_038_frame_03.png,A,38,3,6,0.84,0.65,0.67
FRS_setA_posA_084_posB_065_posC_067_record_038_frame_04.png,A,38,4,8,0.84,0.65,0.67
FRS_setA_posA_084_posB_065_posC_067_record_038_frame_05.png,A,38,5,10,0.84,0.65,0.67
FRS_setA_posA_084_posB_065_posC_067_record_038_frame_06.png,A,38,6,12,0.84,0.65,0.67
FRS_setA_posA_084_posB_065_posC_067_record_038_frame_07.png,A,38,7,14,0.84,0.65,0.67
FRS_setA_posA_084_posB_065_posC_067_record_038_frame_08.png,A,38,8,16,0.84,0.65,0.67
FRS_setA_posA_084_posB_065_posC_067_record_038_frame_09.png,A,38,9,18,0.84,0.65,0.67
FRS_setA_posA_084_posB_065_posC_067_record_038_frame_10.png,A,38,10,20,0.84,0.65,0.67
FRS_setA_posA_084_posB_065_posC_067_record_038_frame_11.png,A,38,11,22,0.84,0.65,0.67
FRS_setA_posA_084_posB_065_posC_067_record_038_frame_12.png,A,38,12,24,0.84,0.65,0.67
FRS_setA_posA_084_posB_065_posC_067_record_038_frame_13.png,A,38,13,26,0.84,0.65,0.67
FRS_setA_posA_084_posB_065_posC_067_record_038_frame_14.png,A,38,14,28,0.84,0.65,0.67
FRS_setA_posA_084_posB_065_posC_067_record_038_frame_15.png,A,38,15,30,0.84,0.65,0.67
FRS_setA_posA_084_posB_065_posC_067_record_038_frame_16.png,A,38,16,32,0.84,0.65,0.67
FRS_setA_posA_084_posB_065_posC_067_record_038_frame_17.png,A,38,17,34,0.84,0.65,0.67
FRS_setA_posA_084_posB_065_posC_067_record_038_frame_18.png,A,38,18,36,0.84,0.65,0.67
FRS_setA_posA_084_posB_065_posC_067_record_038_frame_19.png,A,38,19,38,0.84,0.65,0.67
FRS_setA_posA_085_posB_066_posC_068_record_039_frame_00.png,A,39,0,0,0.85,0.66,0.68
FRS_setA_posA_085_posB_066_posC_068_record_039_frame_01.png,A,39,1,2,0.85,0.66,0.68
FRS_setA_posA_085_posB_066_posC_068_record_039_frame_02.png,A,39,2,4,0.85,0.66,0.68
FRS_setA_posA_085_posB_066_posC_068_record_039_frame_03.png,A,39,3,6,0.85,0.66,0.68
FRS_setA_posA_085_posB_066_posC_068_record_039_frame_04.png,A,39,4,8,0.85,0.66,0.68
FRS_setA_posA_085_posB_066_posC_068_record_039_frame_05.png,A,39,5,10,0.85,0.66,0.68
FRS_setA_posA_085_posB_066_posC_068_record_039_frame_06.png,A,39,6,12,0.85,0.66,0.68
FRS_setA_posA_085_posB_066_posC_068_record_039_frame_07.png,A,39,7,14,0.85,0.66,0.68
FRS_setA_posA_085_posB_066_posC_068_record_039_frame_08.png,A,39,8,16,0.85,0.66,0.68
FRS_setA_posA_085_posB_066_posC_068_record_039_frame_09.png,A,39,9,18,0.85,0.66,0.68
FRS_setA_posA_085_posB_066_posC_068_record_039_frame_10.png,A,39,10,20,0.85,0.66,0.68
FRS_setA_posA_085_posB_066_posC_068_record_039_frame_11.png,A,39,11,22,0.85,0.66,0.68
FRS_setA_posA_085_posB_066_posC_068_record_039_frame_12.png,A,39,12,24,0.85,0.66,0.68
FRS_setA_posA_085_posB_066_posC_068_record_039_frame_13.png,A,39,13,26,0.85,0.66,0.68
FRS_setA_posA_085_posB_066_posC_068_record_039_frame_14.png,A,39,14,28,0.85,0.66,0.68
FRS_setA_posA_085_posB_066_posC_068_record_039_frame_15.png,A,39,15,30,0.85,0.66,0.68
FRS_setA_posA_085_posB_066_posC_068_record_039_frame_16.png,A,39,16,32,0.85,0.66,0.68
FRS_setA_posA_085_posB_066_posC_068_record_039_frame_17.png,A,39,17,34,0.85,0.66,0.68
FRS_setA_posA_085_posB_066_posC_068_record_039_frame_18.png,A,39,18,36,0.85,0.66,0.68
FRS_setA_posA_085_posB_066_posC_068_record_039_frame_19.png,A,39,19,38,0.85,0.66,0.68
FRS_setA_posA_087_posB_068_posC_070_record_040_frame_00.png,A,40,0,0,0.87,0.68,0.7
FRS_setA_posA_087_posB_068_posC_070_record_040_frame_01.png,A,40,1,2,0.87,0.68,0.7
FRS_setA_posA_087_posB_068_posC_070_record_040_frame_02.png,A,40,2,4,0.87,0.68,0.7
FRS_setA_posA_087_posB_068_posC_070_record_040_frame_03.png,A,40,3,6,0.87,0.68,0.7
FRS_setA_posA_087_posB_068_posC_070_record_040_frame_04.png,A,40,4,8,0.87,0.68,0.7
FRS_setA_posA_087_posB_068_posC_070_record_040_frame_05.png,A,40,5,10,0.87,0.68,0.7
FRS_setA_posA_087_posB_068_posC_070_record_040_frame_06.png,A,40,6,12,0.87,0.68,0.7
FRS_setA_posA_087_posB_068_posC_070_record_040_frame_07.png,A,40,7,14,0.87,0.68,0.7
FRS_setA_posA_087_posB_068_posC_070_record_040_frame_08.png,A,40,8,16,0.87,0.68,0.7
FRS_setA_posA_087_posB_068_posC_070_record_040_frame_09.png,A,40,9,18,0.87,0.68,0.7
FRS_setA_posA_087_posB_068_posC_070_record_040_frame_10.png,A,40,10,20,0.87,0.68,0.7
FRS_setA_posA_087_posB_068_posC_070_record_040_frame_11.png,A,40,11,22,0.87,0.68,0.7
FRS_setA_posA_087_posB_068_posC_070_record_040_frame_12.png,A,40,12,24,0.87,0.68,0.7
FRS_setA_posA_087_posB_068_posC_070_record_040_frame_13.png,A,40,13,26,0.87,0.68,0.7
FRS_setA_posA_087_posB_068_posC_070_record_040_frame_14.png,A,40,14,28,0.87,0.68,0.7
FRS_setA_posA_087_posB_068_posC_070_record_040_frame_15.png,A,40,15,30,0.87,0.68,0.7
FRS_setA_posA_087_posB_068_posC_070_record_040_frame_16.png,A,40,16,32,0.87,0.68,0.7
FRS_setA_posA_087_posB_068_posC_070_record_040_frame_17.png,A,40,17,34,0.87,0.68,0.7
FRS_setA_posA_087_posB_068_posC_070_record_040_frame_18.png,A,40,18,36,0.87,0.68,0.7
FRS_setA_posA_087_posB_068_posC_070_record_040_frame_19.png,A,40,19,38,0.87,0.68,0.7
FRS_setA_posA_089_posB_069_posC_071_record_041_frame_00.png,A,41,0,0,0.89,0.69,0.71
FRS_setA_posA_089_posB_069_posC_071_record_041_frame_01.png,A,41,1,2,0.89,0.69,0.71
FRS_setA_posA_089_posB_069_posC_071_record_041_frame_02.png,A,41,2,4,0.89,0.69,0.71
FRS_setA_posA_089_posB_069_posC_071_record_041_frame_03.png,A,41,3,6,0.89,0.69,0.71
FRS_setA_posA_089_posB_069_posC_071_record_041_frame_04.png,A,41,4,8,0.89,0.69,0.71
FRS_setA_posA_089_posB_069_posC_071_record_041_frame_05.png,A,41,5,10,0.89,0.69,0.71
FRS_setA_posA_089_posB_069_posC_071_record_041_frame_06.png,A,41,6,12,0.89,0.69,0.71
FRS_setA_posA_089_posB_069_posC_071_record_041_frame_07.png,A,41,7,14,0.89,0.69,0.71
FRS_setA_posA_089_posB_069_posC_071_record_041_frame_08.png,A,41,8,16,0.89,0.69,0.71
FRS_setA_posA_089_posB_069_posC_071_record_041_frame_09.png,A,41,9,18,0.89,0.69,0.71
FRS_setA_posA_089_posB_069_posC_071_record_041_frame_10.png,A,41,10,20,0.89,0.69,0.71
FRS_setA_posA_089_posB_069_posC_071_record_041_frame_11.png,A,41,11,22,0.89,0.69,0.71
FRS_setA_posA_089_posB_069_posC_071_record_041_frame_12.png,A,41,12,24,0.89,0.69,0.71
FRS_setA_posA_089_posB_069_posC_071_record_041_frame_13.png,A,41,13,26,0.89,0.69,0.71
FRS_setA_posA_089_posB_069_posC_071_record_041_frame_14.png,A,41,14,28,0.89,0.69,0.71
FRS_setA_posA_089_posB_069_posC_071_record_041_frame_15.png,A,41,15,30,0.89,0.69,0.71
FRS_setA_posA_089_posB_069_posC_071_record_041_frame_16.png,A,41,16,32,0.89,0.69,0.71
FRS_setA_posA_089_posB_069_posC_071_record_041_frame_17.png,A,41,17,34,0.89,0.69,0.71
FRS_setA_posA_089_posB_069_posC_071_record_041_frame_18.png,A,41,18,36,0.89,0.69,0.71
FRS_setA_posA_089_posB_069_posC_071_record_041_frame_19.png,A,41,19,38,0.89,0.69,0.71
FRS_setA_posA_090_posB_070_posC_073_record_042_frame_00.png,A,42,0,0,0.9,0.7,0.73
FRS_setA_posA_090_posB_070_posC_073_record_042_frame_01.png,A,42,1,2,0.9,0.7,0.73
FRS_setA_posA_090_posB_070_posC_073_record_042_frame_02.png,A,42,2,4,0.9,0.7,0.73
FRS_setA_posA_090_posB_070_posC_073_record_042_frame_03.png,A,42,3,6,0.9,0.7,0.73
FRS_setA_posA_090_posB_070_posC_073_record_042_frame_04.png,A,42,4,8,0.9,0.7,0.73
FRS_setA_posA_090_posB_070_posC_073_record_042_frame_05.png,A,42,5,10,0.9,0.7,0.73
FRS_setA_posA_090_posB_070_posC_073_record_042_frame_06.png,A,42,6,12,0.9,0.7,0.73
FRS_setA_posA_090_posB_070_posC_073_record_042_frame_07.png,A,42,7,14,0.9,0.7,0.73
FRS_setA_posA_090_posB_070_posC_073_record_042_frame_08.png,A,42,8,16,0.9,0.7,0.73
FRS_setA_posA_090_posB_070_posC_073_record_042_frame_09.png,A,42,9,18,0.9,0.7,0.73
FRS_setA_posA_090_posB_070_posC_073_record_042_frame_10.png,A,42,10,20,0.9,0.7,0.73
FRS_setA_posA_090_posB_070_posC_073_record_042_frame_11.png,A,42,11,22,0.9,0.7,0.73
FRS_setA_posA_090_posB_070_posC_073_record_042_frame_12.png,A,42,12,24,0.9,0.7,0.73
FRS_setA_posA_090_posB_070_posC_073_record_042_frame_13.png,A,42,13,26,0.9,0.7,0.73
FRS_setA_posA_090_posB_070_posC_073_record_042_frame_14.png,A,42,14,28,0.9,0.7,0.73
FRS_setA_posA_090_posB_070_posC_073_record_042_frame_15.png,A,42,15,30,0.9,0.7,0.73
FRS_setA_posA_090_posB_070_posC_073_record_042_frame_16.png,A,42,16,32,0.9,0.7,0.73
FRS_setA_posA_090_posB_070_posC_073_record_042_frame_17.png,A,42,17,34,0.9,0.7,0.73
FRS_setA_posA_090_posB_070_posC_073_record_042_frame_18.png,A,42,18,36,0.9,0.7,0.73
FRS_setA_posA_090_posB_070_posC_073_record_042_frame_19.png,A,42,19,38,0.9,0.7,0.73
FRS_setA_posA_091_posB_071_posC_074_record_043_frame_00.png,A,43,0,0,0.91,0.71,0.74
FRS_setA_posA_091_posB_071_posC_074_record_043_frame_01.png,A,43,1,2,0.91,0.71,0.74
FRS_setA_posA_091_posB_071_posC_074_record_043_frame_02.png,A,43,2,4,0.91,0.71,0.74
FRS_setA_posA_091_posB_071_posC_074_record_043_frame_03.png,A,43,3,6,0.91,0.71,0.74
FRS_setA_posA_091_posB_071_posC_074_record_043_frame_04.png,A,43,4,8,0.91,0.71,0.74
FRS_setA_posA_091_posB_071_posC_074_record_043_frame_05.png,A,43,5,10,0.91,0.71,0.74
FRS_setA_posA_091_posB_071_posC_074_record_043_frame_06.png,A,43,6,12,0.91,0.71,0.74
FRS_setA_posA_091_posB_071_posC_074_record_043_frame_07.png,A,43,7,14,0.91,0.71,0.74
FRS_setA_posA_091_posB_071_posC_074_record_043_frame_08.png,A,43,8,16,0.91,0.71,0.74
FRS_setA_posA_091_posB_071_posC_074_record_043_frame_09.png,A,43,9,18,0.91,0.71,0.74
FRS_setA_posA_091_posB_071_posC_074_record_043_frame_10.png,A,43,10,20,0.91,0.71,0.74
FRS_setA_posA_091_posB_071_posC_074_record_043_frame_11.png,A,43,11,22,0.91,0.71,0.74
FRS_setA_posA_091_posB_071_posC_074_record_043_frame_12.png,A,43,12,24,0.91,0.71,0.74
FRS_setA_posA_091_posB_071_posC_074_record_043_frame_13.png,A,43,13,26,0.91,0.71,0.74
FRS_setA_posA_091_posB_071_posC_074_record_043_frame_14.png,A,43,14,28,0.91,0.71,0.74
FRS_setA_posA_091_posB_071_posC_074_record_043_frame_15.png,A,43,15,30,0.91,0.71,0.74
FRS_setA_posA_091_posB_071_posC_074_record_043_frame_16.png,A,43,16,32,0.91,0.71,0.74
FRS_setA_posA_091_posB_071_posC_074_record_043_frame_17.png,A,43,17,34,0.91,0.71,0.74
FRS_setA_posA_091_posB_071_posC_074_record_043_frame_18.png,A,43,18,36,0.91,0.71,0.74
FRS_setA_posA_091_posB_071_posC_074_record_043_frame_19.png,A,43,19,38,0.91,0.71,0.74
FRS_setA_posA_093_posB_073_posC_075_record_044_frame_00.png,A,44,0,0,0.93,0.73,0.75
FRS_setA_posA_093_posB_073_posC_075_record_044_frame_01.png,A,44,1,2,0.93,0.73,0.75
FRS_setA_posA_093_posB_073_posC_075_record_044_frame_02.png,A,44,2,4,0.93,0.73,0.75
FRS_setA_posA_093_posB_073_posC_075_record_044_frame_03.png,A,44,3,6,0.93,0.73,0.75
FRS_setA_posA_093_posB_073_posC_075_record_044_frame_04.png,A,44,4,8,0.93,0.73,0.75
FRS_setA_posA_093_posB_073_posC_075_record_044_frame_05.png,A,44,5,10,0.93,0.73,0.75
FRS_setA_posA_093_posB_073_posC_075_record_044_frame_06.png,A,44,6,12,0.93,0.73,0.75
FRS_setA_posA_093_posB_073_posC_075_record_044_frame_07.png,A,44,7,14,0.93,0.73,0.75
FRS_setA_posA_093_posB_073_posC_075_record_044_frame_08.png,A,44,8,16,0.93,0.73,0.75
FRS_setA_posA_093_posB_073_posC_075_record_044_frame_09.png,A,44,9,18,0.93,0.73,0.75
FRS_setA_posA_093_posB_073_posC_075_record_044_frame_10.png,A,44,10,20,0.93,0.73,0.75
FRS_setA_posA_093_posB_073_posC_075_record_044_frame_11.png,A,44,11,22,0.93,0.73,0.75
FRS_setA_posA_093_posB_073_posC_075_record_044_frame_12.png,A,44,12,24,0.93,0.73,0.75
FRS_setA_posA_093_posB_073_posC_075_record_044_frame_13.png,A,44,13,26,0.93,0.73,0.75
FRS_setA_posA_093_posB_073_posC_075_record_044_frame_14.png,A,44,14,28,0.93,0.73,0.75
FRS_setA_posA_093_posB_073_posC_075_record_044_frame_15.png,A,44,15,30,0.93,0.73,0.75
FRS_setA_posA_093_posB_073_posC_075_record_044_frame_16.png,A,44,16,32,0.93,0.73,0.75
FRS_setA_posA_093_posB_073_posC_075_record_044_frame_17.png,A,44,17,34,0.93,0.73,0.75
FRS_setA_posA_093_posB_073_posC_075_record_044_frame_18.png,A,44,18,36,0.93,0.73,0.75
FRS_setA_posA_093_posB_073_posC_075_record_044_frame_19.png,A,44,19,38,0.93,0.73,0.75
FRS_setA_posA_095_posB_075_posC_077_record_045_frame_00.png,A,45,0,0,0.95,0.75,0.77
FRS_setA_posA_095_posB_075_posC_077_record_045_frame_01.png,A,45,1,2,0.95,0.75,0.77
FRS_setA_posA_095_posB_075_posC_077_record_045_frame_02.png,A,45,2,4,0.95,0.75,0.77
FRS_setA_posA_095_posB_075_posC_077_record_045_frame_03.png,A,45,3,6,0.95,0.75,0.77
FRS_setA_posA_095_posB_075_posC_077_record_045_frame_04.png,A,45,4,8,0.95,0.75,0.77
FRS_setA_posA_095_posB_075_posC_077_record_045_frame_05.png,A,45,5,10,0.95,0.75,0.77
FRS_setA_posA_095_posB_075_posC_077_record_045_frame_06.png,A,45,6,12,0.95,0.75,0.77
FRS_setA_posA_095_posB_075_posC_077_record_045_frame_07.png,A,45,7,14,0.95,0.75,0.77
FRS_setA_posA_095_posB_075_posC_077_record_045_frame_08.png,A,45,8,16,0.95,0.75,0.77
FRS_setA_posA_095_posB_075_posC_077_record_045_frame_09.png,A,45,9,18,0.95,0.75,0.77
FRS_setA_posA_095_posB_075_posC_077_record_045_frame_10.png,A,45,10,20,0.95,0.75,0.77
FRS_setA_posA_095_posB_075_posC_077_record_045_frame_11.png,A,45,11,22,0.95,0.75,0.77
FRS_setA_posA_095_posB_075_posC_077_record_045_frame_12.png,A,45,12,24,0.95,0.75,0.77
FRS_setA_posA_095_posB_075_posC_077_record_045_frame_13.png,A,45,13,26,0.95,0.75,0.77
FRS_setA_posA_095_posB_075_posC_077_record_045_frame_14.png,A,45,14,28,0.95,0.75,0.77
FRS_setA_posA_095_posB_075_posC_077_record_045_frame_15.png,A,45,15,30,0.95,0.75,0.77
FRS_setA_posA_095_posB_075_posC_077_record_045_frame_16.png,A,45,16,32,0.95,0.75,0.77
FRS_setA_posA_095_posB_075_posC_077_record_045_frame_17.png,A,45,17,34,0.95,0.75,0.77
FRS_setA_posA_095_posB_075_posC_077_record_045_frame_18.png,A,45,18,36,0.95,0.75,0.77
FRS_setA_posA_095_posB_075_posC_077_record_045_frame_19.png,A,45,19,38,0.95,0.75,0.77
FRS_setA_posA_096_posB_076_posC_078_record_046_frame_00.png,A,46,0,0,0.96,0.76,0.78
FRS_setA_posA_096_posB_076_posC_078_record_046_frame_01.png,A,46,1,2,0.96,0.76,0.78
FRS_setA_posA_096_posB_076_posC_078_record_046_frame_02.png,A,46,2,4,0.96,0.76,0.78
FRS_setA_posA_096_posB_076_posC_078_record_046_frame_03.png,A,46,3,6,0.96,0.76,0.78
FRS_setA_posA_096_posB_076_posC_078_record_046_frame_04.png,A,46,4,8,0.96,0.76,0.78
FRS_setA_posA_096_posB_076_posC_078_record_046_frame_05.png,A,46,5,10,0.96,0.76,0.78
FRS_setA_posA_096_posB_076_posC_078_record_046_frame_06.png,A,46,6,12,0.96,0.76,0.78
FRS_setA_posA_096_posB_076_posC_078_record_046_frame_07.png,A,46,7,14,0.96,0.76,0.78
FRS_setA_posA_096_posB_076_posC_078_record_046_frame_08.png,A,46,8,16,0.96,0.76,0.78
FRS_setA_posA_096_posB_076_posC_078_record_046_frame_09.png,A,46,9,18,0.96,0.76,0.78
FRS_setA_posA_096_posB_076_posC_078_record_046_frame_10.png,A,46,10,20,0.96,0.76,0.78
FRS_setA_posA_096_posB_076_posC_078_record_046_frame_11.png,A,46,11,22,0.96,0.76,0.78
FRS_setA_posA_096_posB_076_posC_078_record_046_frame_12.png,A,46,12,24,0.96,0.76,0.78
FRS_setA_posA_096_posB_076_posC_078_record_046_frame_13.png,A,46,13,26,0.96,0.76,0.78
FRS_setA_posA_096_posB_076_posC_078_record_046_frame_14.png,A,46,14,28,0.96,0.76,0.78
FRS_setA_posA_096_posB_076_posC_078_record_046_frame_15.png,A,46,15,30,0.96,0.76,0.78
FRS_setA_posA_096_posB_076_posC_078_record_046_frame_16.png,A,46,16,32,0.96,0.76,0.78
FRS_setA_posA_096_posB_076_posC_078_record_046_frame_17.png,A,46,17,34,0.96,0.76,0.78
FRS_setA_posA_096_posB_076_posC_078_record_046_frame_18.png,A,46,18,36,0.96,0.76,0.78
FRS_setA_posA_096_posB_076_posC_078_record_046_frame_19.png,A,46,19,38,0.96,0.76,0.78
FRS_setA_posA_098_posB_077_posC_080_record_047_frame_00.png,A,47,0,0,0.98,0.77,0.8
FRS_setA_posA_098_posB_077_posC_080_record_047_frame_01.png,A,47,1,2,0.98,0.77,0.8
FRS_setA_posA_098_posB_077_posC_080_record_047_frame_02.png,A,47,2,4,0.98,0.77,0.8
FRS_setA_posA_098_posB_077_posC_080_record_047_frame_03.png,A,47,3,6,0.98,0.77,0.8
FRS_setA_posA_098_posB_077_posC_080_record_047_frame_04.png,A,47,4,8,0.98,0.77,0.8
FRS_setA_posA_098_posB_077_posC_080_record_047_frame_05.png,A,47,5,10,0.98,0.77,0.8
FRS_setA_posA_098_posB_077_posC_080_record_047_frame_06.png,A,47,6,12,0.98,0.77,0.8
FRS_setA_posA_098_posB_077_posC_080_record_047_frame_07.png,A,47,7,14,0.98,0.77,0.8
FRS_setA_posA_098_posB_077_posC_080_record_047_frame_08.png,A,47,8,16,0.98,0.77,0.8
FRS_setA_posA_098_posB_077_posC_080_record_047_frame_09.png,A,47,9,18,0.98,0.77,0.8
FRS_setA_posA_098_posB_077_posC_080_record_047_frame_10.png,A,47,10,20,0.98,0.77,0.8
FRS_setA_posA_098_posB_077_posC_080_record_047_frame_11.png,A,47,11,22,0.98,0.77,0.8
FRS_setA_posA_098_posB_077_posC_080_record_047_frame_12.png,A,47,12,24,0.98,0.77,0.8
FRS_setA_posA_098_posB_077_posC_080_record_047_frame_13.png,A,47,13,26,0.98,0.77,0.8
FRS_setA_posA_098_posB_077_posC_080_record_047_frame_14.png,A,47,14,28,0.98,0.77,0.8
FRS_setA_posA_098_posB_077_posC_080_record_047_frame_15.png,A,47,15,30,0.98,0.77,0.8
FRS_setA_posA_098_posB_077_posC_080_record_047_frame_16.png,A,47,16,32,0.98,0.77,0.8
FRS_setA_posA_098_posB_077_posC_080_record_047_frame_17.png,A,47,17,34,0.98,0.77,0.8
FRS_setA_posA_098_posB_077_posC_080_record_047_frame_18.png,A,47,18,36,0.98,0.77,0.8
FRS_setA_posA_098_posB_077_posC_080_record_047_frame_19.png,A,47,19,38,0.98,0.77,0.8
FRS_setA_posA_100_posB_078_posC_081_record_048_frame_00.png,A,48,0,0,1,0.78,0.81
FRS_setA_posA_100_posB_078_posC_081_record_048_frame_01.png,A,48,1,2,1,0.78,0.81
FRS_setA_posA_100_posB_078_posC_081_record_048_frame_02.png,A,48,2,4,1,0.78,0.81
FRS_setA_posA_100_posB_078_posC_081_record_048_frame_03.png,A,48,3,6,1,0.78,0.81
FRS_setA_posA_100_posB_078_posC_081_record_048_frame_04.png,A,48,4,8,1,0.78,0.81
FRS_setA_posA_100_posB_078_posC_081_record_048_frame_05.png,A,48,5,10,1,0.78,0.81
FRS_setA_posA_100_posB_078_posC_081_record_048_frame_06.png,A,48,6,12,1,0.78,0.81
FRS_setA_posA_100_posB_078_posC_081_record_048_frame_07.png,A,48,7,14,1,0.78,0.81
FRS_setA_posA_100_posB_078_posC_081_record_048_frame_08.png,A,48,8,16,1,0.78,0.81
FRS_setA_posA_100_posB_078_posC_081_record_048_frame_09.png,A,48,9,18,1,0.78,0.81
FRS_setA_posA_100_posB_078_posC_081_record_048_frame_10.png,A,48,10,20,1,0.78,0.81
FRS_setA_posA_100_posB_078_posC_081_record_048_frame_11.png,A,48,11,22,1,0.78,0.81
FRS_setA_posA_100_posB_078_posC_081_record_048_frame_12.png,A,48,12,24,1,0.78,0.81
FRS_setA_posA_100_posB_078_posC_081_record_048_frame_13.png,A,48,13,26,1,0.78,0.81
FRS_setA_posA_100_posB_078_posC_081_record_048_frame_14.png,A,48,14,28,1,0.78,0.81
FRS_setA_posA_100_posB_078_posC_081_record_048_frame_15.png,A,48,15,30,1,0.78,0.81
FRS_setA_posA_100_posB_078_posC_081_record_048_frame_16.png,A,48,16,32,1,0.78,0.81
FRS_setA_posA_100_posB_078_posC_081_record_048_frame_17.png,A,48,17,34,1,0.78,0.81
FRS_setA_posA_100_posB_078_posC_081_record_048_frame_18.png,A,48,18,36,1,0.78,0.81
FRS_setA_posA_100_posB_078_posC_081_record_048_frame_19.png,A,48,19,38,1,0.78,0.81
FRS_setA_posA_101_posB_080_posC_083_record_049_frame_00.png,A,49,0,0,1.01,0.8,0.83
FRS_setA_posA_101_posB_080_posC_083_record_049_frame_01.png,A,49,1,2,1.01,0.8,0.83
FRS_setA_posA_101_posB_080_posC_083_record_049_frame_02.png,A,49,2,4,1.01,0.8,0.83
FRS_setA_posA_101_posB_080_posC_083_record_049_frame_03.png,A,49,3,6,1.01,0.8,0.83
FRS_setA_posA_101_posB_080_posC_083_record_049_frame_04.png,A,49,4,8,1.01,0.8,0.83
FRS_setA_posA_101_posB_080_posC_083_record_049_frame_05.png,A,49,5,10,1.01,0.8,0.83
FRS_setA_posA_101_posB_080_posC_083_record_049_frame_06.png,A,49,6,12,1.01,0.8,0.83
FRS_setA_posA_101_posB_080_posC_083_record_049_frame_07.png,A,49,7,14,1.01,0.8,0.83
FRS_setA_posA_101_posB_080_posC_083_record_049_frame_08.png,A,49,8,16,1.01,0.8,0.83
FRS_setA_posA_101_posB_080_posC_083_record_049_frame_09.png,A,49,9,18,1.01,0.8,0.83
FRS_setA_posA_101_posB_080_posC_083_record_049_frame_10.png,A,49,10,20,1.01,0.8,0.83
FRS_setA_posA_101_posB_080_posC_083_record_049_frame_11.png,A,49,11,22,1.01,0.8,0.83
FRS_setA_posA_101_posB_080_posC_083_record_049_frame_12.png,A,49,12,24,1.01,0.8,0.83
FRS_setA_posA_101_posB_080_posC_083_record_049_frame_13.png,A,49,13,26,1.01,0.8,0.83
FRS_setA_posA_101_posB_080_posC_083_record_049_frame_14.png,A,49,14,28,1.01,0.8,0.83
FRS_setA_posA_101_posB_080_posC_083_record_049_frame_15.png,A,49,15,30,1.01,0.8,0.83
FRS_setA_posA_101_posB_080_posC_083_record_049_frame_16.png,A,49,16,32,1.01,0.8,0.83
FRS_setA_posA_101_posB_080_posC_083_record_049_frame_17.png,A,49,17,34,1.01,0.8,0.83
FRS_setA_posA_101_posB_080_posC_083_record_049_frame_18.png,A,49,18,36,1.01,0.8,0.83
FRS_setA_posA_101_posB_080_posC_083_record_049_frame_19.png,A,49,19,38,1.01,0.8,0.83
FRS_setA_posA_103_posB_081_posC_084_record_050_frame_00.png,A,50,0,0,1.03,0.81,0.84
FRS_setA_posA_103_posB_081_posC_084_record_050_frame_01.png,A,50,1,2,1.03,0.81,0.84
FRS_setA_posA_103_posB_081_posC_084_record_050_frame_02.png,A,50,2,4,1.03,0.81,0.84
FRS_setA_posA_103_posB_081_posC_084_record_050_frame_03.png,A,50,3,6,1.03,0.81,0.84
FRS_setA_posA_103_posB_081_posC_084_record_050_frame_04.png,A,50,4,8,1.03,0.81,0.84
FRS_setA_posA_103_posB_081_posC_084_record_050_frame_05.png,A,50,5,10,1.03,0.81,0.84
FRS_setA_posA_103_posB_081_posC_084_record_050_frame_06.png,A,50,6,12,1.03,0.81,0.84
FRS_setA_posA_103_posB_081_posC_084_record_050_frame_07.png,A,50,7,14,1.03,0.81,0.84
FRS_setA_posA_103_posB_081_posC_084_record_050_frame_08.png,A,50,8,16,1.03,0.81,0.84
FRS_setA_posA_103_posB_081_posC_084_record_050_frame_09.png,A,50,9,18,1.03,0.81,0.84
FRS_setA_posA_103_posB_081_posC_084_record_050_frame_10.png,A,50,10,20,1.03,0.81,0.84
FRS_setA_posA_103_posB_081_posC_084_record_050_frame_11.png,A,50,11,22,1.03,0.81,0.84
FRS_setA_posA_103_posB_081_posC_084_record_050_frame_12.png,A,50,12,24,1.03,0.81,0.84
FRS_setA_posA_103_posB_081_posC_084_record_050_frame_13.png,A,50,13,26,1.03,0.81,0.84
FRS_setA_posA_103_posB_081_posC_084_record_050_frame_14.png,A,50,14,28,1.03,0.81,0.84
FRS_setA_posA_103_posB_081_posC_084_record_050_frame_15.png,A,50,15,30,1.03,0.81,0.84
FRS_setA_posA_103_posB_081_posC_084_record_050_frame_16.png,A,50,16,32,1.03,0.81,0.84
FRS_setA_posA_103_posB_081_posC_084_record_050_frame_17.png,A,50,17,34,1.03,0.81,0.84
FRS_setA_posA_103_posB_081_posC_084_record_050_frame_18.png,A,50,18,36,1.03,0.81,0.84
FRS_setA_posA_103_posB_081_posC_084_record_050_frame_19.png,A,50,19,38,1.03,0.81,0.84
FRS_setA_posA_105_posB_082_posC_086_record_051_frame_00.png,A,51,0,0,1.05,0.82,0.86
FRS_setA_posA_105_posB_082_posC_086_record_051_frame_01.png,A,51,1,2,1.05,0.82,0.86
FRS_setA_posA_105_posB_082_posC_086_record_051_frame_02.png,A,51,2,4,1.05,0.82,0.86
FRS_setA_posA_105_posB_082_posC_086_record_051_frame_03.png,A,51,3,6,1.05,0.82,0.86
FRS_setA_posA_105_posB_082_posC_086_record_051_frame_04.png,A,51,4,8,1.05,0.82,0.86
FRS_setA_posA_105_posB_082_posC_086_record_051_frame_05.png,A,51,5,10,1.05,0.82,0.86
FRS_setA_posA_105_posB_082_posC_086_record_051_frame_06.png,A,51,6,12,1.05,0.82,0.86
FRS_setA_posA_105_posB_082_posC_086_record_051_frame_07.png,A,51,7,14,1.05,0.82,0.86
FRS_setA_posA_105_posB_082_posC_086_record_051_frame_08.png,A,51,8,16,1.05,0.82,0.86
FRS_setA_posA_105_posB_082_posC_086_record_051_frame_09.png,A,51,9,18,1.05,0.82,0.86
FRS_setA_posA_105_posB_082_posC_086_record_051_frame_10.png,A,51,10,20,1.05,0.82,0.86
FRS_setA_posA_105_posB_082_posC_086_record_051_frame_11.png,A,51,11,22,1.05,0.82,0.86
FRS_setA_posA_105_posB_082_posC_086_record_051_frame_12.png,A,51,12,24,1.05,0.82,0.86
FRS_setA_posA_105_posB_082_posC_086_record_051_frame_13.png,A,51,13,26,1.05,0.82,0.86
FRS_setA_posA_105_posB_082_posC_086_record_051_frame_14.png,A,51,14,28,1.05,0.82,0.86
FRS_setA_posA_105_posB_082_posC_086_record_051_frame_15.png,A,51,15,30,1.05,0.82,0.86
FRS_setA_posA_105_posB_082_posC_086_record_051_frame_16.png,A,51,16,32,1.05,0.82,0.86
FRS_setA_posA_105_posB_082_posC_086_record_051_frame_17.png,A,51,17,34,1.05,0.82,0.86
FRS_setA_posA_105_posB_082_posC_086_record_051_frame_18.png,A,51,18,36,1.05,0.82,0.86
FRS_setA_posA_105_posB_082_posC_086_record_051_frame_19.png,A,51,19,38,1.05,0.82,0.86
FRS_setA_posA_105_posB_082_posC_087_record_052_frame_00.png,A,52,0,0,1.05,0.82,0.87
FRS_setA_posA_105_posB_082_posC_087_record_052_frame_01.png,A,52,1,2,1.05,0.82,0.87
FRS_setA_posA_105_posB_082_posC_087_record_052_frame_02.png,A,52,2,4,1.05,0.82,0.87
FRS_setA_posA_105_posB_082_posC_087_record_052_frame_03.png,A,52,3,6,1.05,0.82,0.87
FRS_setA_posA_105_posB_082_posC_087_record_052_frame_04.png,A,52,4,8,1.05,0.82,0.87
FRS_setA_posA_105_posB_082_posC_087_record_052_frame_05.png,A,52,5,10,1.05,0.82,0.87
FRS_setA_posA_105_posB_082_posC_087_record_052_frame_06.png,A,52,6,12,1.05,0.82,0.87
FRS_setA_posA_105_posB_082_posC_087_record_052_frame_07.png,A,52,7,14,1.05,0.82,0.87
FRS_setA_posA_105_posB_082_posC_087_record_052_frame_08.png,A,52,8,16,1.05,0.82,0.87
FRS_setA_posA_105_posB_082_posC_087_record_052_frame_09.png,A,52,9,18,1.05,0.82,0.87
FRS_setA_posA_105_posB_082_posC_087_record_052_frame_10.png,A,52,10,20,1.05,0.82,0.87
FRS_setA_posA_105_posB_082_posC_087_record_052_frame_11.png,A,52,11,22,1.05,0.82,0.87
FRS_setA_posA_105_posB_082_posC_087_record_052_frame_12.png,A,52,12,24,1.05,0.82,0.87
FRS_setA_posA_105_posB_082_posC_087_record_052_frame_13.png,A,52,13,26,1.05,0.82,0.87
FRS_setA_posA_105_posB_082_posC_087_record_052_frame_14.png,A,52,14,28,1.05,0.82,0.87
FRS_setA_posA_105_posB_082_posC_087_record_052_frame_15.png,A,52,15,30,1.05,0.82,0.87
FRS_setA_posA_105_posB_082_posC_087_record_052_frame_16.png,A,52,16,32,1.05,0.82,0.87
FRS_setA_posA_105_posB_082_posC_087_record_052_frame_17.png,A,52,17,34,1.05,0.82,0.87
FRS_setA_posA_105_posB_082_posC_087_record_052_frame_18.png,A,52,18,36,1.05,0.82,0.87
FRS_setA_posA_105_posB_082_posC_087_record_052_frame_19.png,A,52,19,38,1.05,0.82,0.87
FRS_setA_posA_105_posB_083_posC_086_record_053_frame_00.png,A,53,0,0,1.05,0.83,0.86
FRS_setA_posA_105_posB_083_posC_086_record_053_frame_01.png,A,53,1,2,1.05,0.83,0.86
FRS_setA_posA_105_posB_083_posC_086_record_053_frame_02.png,A,53,2,4,1.05,0.83,0.86
FRS_setA_posA_105_posB_083_posC_086_record_053_frame_03.png,A,53,3,6,1.05,0.83,0.86
FRS_setA_posA_105_posB_083_posC_086_record_053_frame_04.png,A,53,4,8,1.05,0.83,0.86
FRS_setA_posA_105_posB_083_posC_086_record_053_frame_05.png,A,53,5,10,1.05,0.83,0.86
FRS_setA_posA_105_posB_083_posC_086_record_053_frame_06.png,A,53,6,12,1.05,0.83,0.86
FRS_setA_posA_105_posB_083_posC_086_record_053_frame_07.png,A,53,7,14,1.05,0.83,0.86
FRS_setA_posA_105_posB_083_posC_086_record_053_frame_08.png,A,53,8,16,1.05,0.83,0.86
FRS_setA_posA_105_posB_083_posC_086_record_053_frame_09.png,A,53,9,18,1.05,0.83,0.86
FRS_setA_posA_105_posB_083_posC_086_record_053_frame_10.png,A,53,10,20,1.05,0.83,0.86
FRS_setA_posA_105_posB_083_posC_086_record_053_frame_11.png,A,53,11,22,1.05,0.83,0.86
FRS_setA_posA_105_posB_083_posC_086_record_053_frame_12.png,A,53,12,24,1.05,0.83,0.86
FRS_setA_posA_105_posB_083_posC_086_record_053_frame_13.png,A,53,13,26,1.05,0.83,0.86
FRS_setA_posA_105_posB_083_posC_086_record_053_frame_14.png,A,53,14,28,1.05,0.83,0.86
FRS_setA_posA_105_posB_083_posC_086_record_053_frame_15.png,A,53,15,30,1.05,0.83,0.86
FRS_setA_posA_105_posB_083_posC_086_record_053_frame_16.png,A,53,16,32,1.05,0.83,0.86
FRS_setA_posA_105_posB_083_posC_086_record_053_frame_17.png,A,53,17,34,1.05,0.83,0.86
FRS_setA_posA_105_posB_083_posC_086_record_053_frame_18.png,A,53,18,36,1.05,0.83,0.86
FRS_setA_posA_105_posB_083_posC_086_record_053_frame_19.png,A,53,19,38,1.05,0.83,0.86
FRS_setA_posA_106_posB_085_posC_089_record_054_frame_00.png,A,54,0,0,1.06,0.85,0.89
FRS_setA_posA_106_posB_085_posC_089_record_054_frame_01.png,A,54,1,2,1.06,0.85,0.89
FRS_setA_posA_106_posB_085_posC_089_record_054_frame_02.png,A,54,2,4,1.06,0.85,0.89
FRS_setA_posA_106_posB_085_posC_089_record_054_frame_03.png,A,54,3,6,1.06,0.85,0.89
FRS_setA_posA_106_posB_085_posC_089_record_054_frame_04.png,A,54,4,8,1.06,0.85,0.89
FRS_setA_posA_106_posB_085_posC_089_record_054_frame_05.png,A,54,5,10,1.06,0.85,0.89
FRS_setA_posA_106_posB_085_posC_089_record_054_frame_06.png,A,54,6,12,1.06,0.85,0.89
FRS_setA_posA_106_posB_085_posC_089_record_054_frame_07.png,A,54,7,14,1.06,0.85,0.89
FRS_setA_posA_106_posB_085_posC_089_record_054_frame_08.png,A,54,8,16,1.06,0.85,0.89
FRS_setA_posA_106_posB_085_posC_089_record_054_frame_09.png,A,54,9,18,1.06,0.85,0.89
FRS_setA_posA_106_posB_085_posC_089_record_054_frame_10.png,A,54,10,20,1.06,0.85,0.89
FRS_setA_posA_106_posB_085_posC_089_record_054_frame_11.png,A,54,11,22,1.06,0.85,0.89
FRS_setA_posA_106_posB_085_posC_089_record_054_frame_12.png,A,54,12,24,1.06,0.85,0.89
FRS_setA_posA_106_posB_085_posC_089_record_054_frame_13.png,A,54,13,26,1.06,0.85,0.89
FRS_setA_posA_106_posB_085_posC_089_record_054_frame_14.png,A,54,14,28,1.06,0.85,0.89
FRS_setA_posA_106_posB_085_posC_089_record_054_frame_15.png,A,54,15,30,1.06,0.85,0.89
FRS_setA_posA_106_posB_085_posC_089_record_054_frame_16.png,A,54,16,32,1.06,0.85,0.89
FRS_setA_posA_106_posB_085_posC_089_record_054_frame_17.png,A,54,17,34,1.06,0.85,0.89
FRS_setA_posA_106_posB_085_posC_089_record_054_frame_18.png,A,54,18,36,1.06,0.85,0.89
FRS_setA_posA_106_posB_085_posC_089_record_054_frame_19.png,A,54,19,38,1.06,0.85,0.89
FRS_setA_posA_106_posB_085_posC_090_record_055_frame_00.png,A,55,0,0,1.06,0.85,0.9
FRS_setA_posA_106_posB_085_posC_090_record_055_frame_01.png,A,55,1,2,1.06,0.85,0.9
FRS_setA_posA_106_posB_085_posC_090_record_055_frame_02.png,A,55,2,4,1.06,0.85,0.9
FRS_setA_posA_106_posB_085_posC_090_record_055_frame_03.png,A,55,3,6,1.06,0.85,0.9
FRS_setA_posA_106_posB_085_posC_090_record_055_frame_04.png,A,55,4,8,1.06,0.85,0.9
FRS_setA_posA_106_posB_085_posC_090_record_055_frame_05.png,A,55,5,10,1.06,0.85,0.9
FRS_setA_posA_106_posB_085_posC_090_record_055_frame_06.png,A,55,6,12,1.06,0.85,0.9
FRS_setA_posA_106_posB_085_posC_090_record_055_frame_07.png,A,55,7,14,1.06,0.85,0.9
FRS_setA_posA_106_posB_085_posC_090_record_055_frame_08.png,A,55,8,16,1.06,0.85,0.9
FRS_setA_posA_106_posB_085_posC_090_record_055_frame_09.png,A,55,9,18,1.06,0.85,0.9
FRS_setA_posA_106_posB_085_posC_090_record_055_frame_10.png,A,55,10,20,1.06,0.85,0.9
FRS_setA_posA_106_posB_085_posC_090_record_055_frame_11.png,A,55,11,22,1.06,0.85,0.9
FRS_setA_posA_106_posB_085_posC_090_record_055_frame_12.png,A,55,12,24,1.06,0.85,0.9
FRS_setA_posA_106_posB_085_posC_090_record_055_frame_13.png,A,55,13,26,1.06,0.85,0.9
FRS_setA_posA_106_posB_085_posC_090_record_055_frame_14.png,A,55,14,28,1.06,0.85,0.9
FRS_setA_posA_106_posB_085_posC_090_record_055_frame_15.png,A,55,15,30,1.06,0.85,0.9
FRS_setA_posA_106_posB_085_posC_090_record_055_frame_16.png,A,55,16,32,1.06,0.85,0.9
FRS_setA_posA_106_posB_085_posC_090_record_055_frame_17.png,A,55,17,34,1.06,0.85,0.9
FRS_setA_posA_106_posB_085_posC_090_record_055_frame_18.png,A,55,18,36,1.06,0.85,0.9
FRS_setA_posA_106_posB_085_posC_090_record_055_frame_19.png,A,55,19,38,1.06,0.85,0.9
FRS_setA_posA_107_posB_085_posC_095_record_056_frame_00.png,A,56,0,0,1.07,0.85,0.95
FRS_setA_posA_107_posB_085_posC_095_record_056_frame_01.png,A,56,1,2,1.07,0.85,0.95
FRS_setA_posA_107_posB_085_posC_095_record_056_frame_02.png,A,56,2,4,1.07,0.85,0.95
FRS_setA_posA_107_posB_085_posC_095_record_056_frame_03.png,A,56,3,6,1.07,0.85,0.95
FRS_setA_posA_107_posB_085_posC_095_record_056_frame_04.png,A,56,4,8,1.07,0.85,0.95
FRS_setA_posA_107_posB_085_posC_095_record_056_frame_05.png,A,56,5,10,1.07,0.85,0.95
FRS_setA_posA_107_posB_085_posC_095_record_056_frame_06.png,A,56,6,12,1.07,0.85,0.95
FRS_setA_posA_107_posB_085_posC_095_record_056_frame_07.png,A,56,7,14,1.07,0.85,0.95
FRS_setA_posA_107_posB_085_posC_095_record_056_frame_08.png,A,56,8,16,1.07,0.85,0.95
FRS_setA_posA_107_posB_085_posC_095_record_056_frame_09.png,A,56,9,18,1.07,0.85,0.95
FRS_setA_posA_107_posB_085_posC_095_record_056_frame_10.png,A,56,10,20,1.07,0.85,0.95
FRS_setA_posA_107_posB_085_posC_095_record_056_frame_11.png,A,56,11,22,1.07,0.85,0.95
FRS_setA_posA_107_posB_085_posC_095_record_056_frame_12.png,A,56,12,24,1.07,0.85,0.95
FRS_setA_posA_107_posB_085_posC_095_record_056_frame_13.png,A,56,13,26,1.07,0.85,0.95
FRS_setA_posA_107_posB_085_posC_095_record_056_frame_14.png,A,56,14,28,1.07,0.85,0.95
FRS_setA_posA_107_posB_085_posC_095_record_056_frame_15.png,A,56,15,30,1.07,0.85,0.95
FRS_setA_posA_107_posB_085_posC_095_record_056_frame_16.png,A,56,16,32,1.07,0.85,0.95
FRS_setA_posA_107_posB_085_posC_095_record_056_frame_17.png,A,56,17,34,1.07,0.85,0.95
FRS_setA_posA_107_posB_085_posC_095_record_056_frame_18.png,A,56,18,36,1.07,0.85,0.95
FRS_setA_posA_107_posB_085_posC_095_record_056_frame_19.png,A,56,19,38,1.07,0.85,0.95
FRS_setA_posA_108_posB_086_posC_092_record_057_frame_00.png,A,57,0,0,1.08,0.86,0.92
FRS_setA_posA_108_posB_086_posC_092_record_057_frame_01.png,A,57,1,2,1.08,0.86,0.92
FRS_setA_posA_108_posB_086_posC_092_record_057_frame_02.png,A,57,2,4,1.08,0.86,0.92
FRS_setA_posA_108_posB_086_posC_092_record_057_frame_03.png,A,57,3,6,1.08,0.86,0.92
FRS_setA_posA_108_posB_086_posC_092_record_057_frame_04.png,A,57,4,8,1.08,0.86,0.92
FRS_setA_posA_108_posB_086_posC_092_record_057_frame_05.png,A,57,5,10,1.08,0.86,0.92
FRS_setA_posA_108_posB_086_posC_092_record_057_frame_06.png,A,57,6,12,1.08,0.86,0.92
FRS_setA_posA_108_posB_086_posC_092_record_057_frame_07.png,A,57,7,14,1.08,0.86,0.92
FRS_setA_posA_108_posB_086_posC_092_record_057_frame_08.png,A,57,8,16,1.08,0.86,0.92
FRS_setA_posA_108_posB_086_posC_092_record_057_frame_09.png,A,57,9,18,1.08,0.86,0.92
FRS_setA_posA_108_posB_086_posC_092_record_057_frame_10.png,A,57,10,20,1.08,0.86,0.92
FRS_setA_posA_108_posB_086_posC_092_record_057_frame_11.png,A,57,11,22,1.08,0.86,0.92
FRS_setA_posA_108_posB_086_posC_092_record_057_frame_12.png,A,57,12,24,1.08,0.86,0.92
FRS_setA_posA_108_posB_086_posC_092_record_057_frame_13.png,A,57,13,26,1.08,0.86,0.92
FRS_setA_posA_108_posB_086_posC_092_record_057_frame_14.png,A,57,14,28,1.08,0.86,0.92
FRS_setA_posA_108_posB_086_posC_092_record_057_frame_15.png,A,57,15,30,1.08,0.86,0.92
FRS_setA_posA_108_posB_086_posC_092_record_057_frame_16.png,A,57,16,32,1.08,0.86,0.92
FRS_setA_posA_108_posB_086_posC_092_record_057_frame_17.png,A,57,17,34,1.08,0.86,0.92
FRS_setA_posA_108_posB_086_posC_092_record_057_frame_18.png,A,57,18,36,1.08,0.86,0.92
FRS_setA_posA_108_posB_086_posC_092_record_057_frame_19.png,A,57,19,38,1.08,0.86,0.92
FRS_setA_posA_108_posB_086_posC_092_record_058_frame_00.png,A,58,0,0,1.08,0.86,0.92
FRS_setA_posA_108_posB_086_posC_092_record_058_frame_01.png,A,58,1,2,1.08,0.86,0.92
FRS_setA_posA_108_posB_086_posC_092_record_058_frame_02.png,A,58,2,4,1.08,0.86,0.92
FRS_setA_posA_108_posB_086_posC_092_record_058_frame_03.png,A,58,3,6,1.08,0.86,0.92
FRS_setA_posA_108_posB_086_posC_092_record_058_frame_04.png,A,58,4,8,1.08,0.86,0.92
FRS_setA_posA_108_posB_086_posC_092_record_058_frame_05.png,A,58,5,10,1.08,0.86,0.92
FRS_setA_posA_108_posB_086_posC_092_record_058_frame_06.png,A,58,6,12,1.08,0.86,0.92
FRS_setA_posA_108_posB_086_posC_092_record_058_frame_07.png,A,58,7,14,1.08,0.86,0.92
FRS_setA_posA_108_posB_086_posC_092_record_058_frame_08.png,A,58,8,16,1.08,0.86,0.92
FRS_setA_posA_108_posB_086_posC_092_record_058_frame_09.png,A,58,9,18,1.08,0.86,0.92
FRS_setA_posA_108_posB_086_posC_092_record_058_frame_10.png,A,58,10,20,1.08,0.86,0.92
FRS_setA_posA_108_posB_086_posC_092_record_058_frame_11.png,A,58,11,22,1.08,0.86,0.92
FRS_setA_posA_108_posB_086_posC_092_record_058_frame_12.png,A,58,12,24,1.08,0.86,0.92
FRS_setA_posA_108_posB_086_posC_092_record_058_frame_13.png,A,58,13,26,1.08,0.86,0.92
FRS_setA_posA_108_posB_086_posC_092_record_058_frame_14.png,A,58,14,28,1.08,0.86,0.92
FRS_setA_posA_108_posB_086_posC_092_record_058_frame_15.png,A,58,15,30,1.08,0.86,0.92
FRS_setA_posA_108_posB_086_posC_092_record_058_frame_16.png,A,58,16,32,1.08,0.86,0.92
FRS_setA_posA_108_posB_086_posC_092_record_058_frame_17.png,A,58,17,34,1.08,0.86,0.92
FRS_setA_posA_108_posB_086_posC_092_record_058_frame_18.png,A,58,18,36,1.08,0.86,0.92
FRS_setA_posA_108_posB_086_posC_092_record_058_frame_19.png,A,58,19,38,1.08,0.86,0.92
FRS_setA_posA_109_posB_087_posC_095_record_059_frame_00.png,A,59,0,0,1.09,0.87,0.95
FRS_setA_posA_109_posB_087_posC_095_record_059_frame_01.png,A,59,1,2,1.09,0.87,0.95
FRS_setA_posA_109_posB_087_posC_095_record_059_frame_02.png,A,59,2,4,1.09,0.87,0.95
FRS_setA_posA_109_posB_087_posC_095_record_059_frame_03.png,A,59,3,6,1.09,0.87,0.95
FRS_setA_posA_109_posB_087_posC_095_record_059_frame_04.png,A,59,4,8,1.09,0.87,0.95
FRS_setA_posA_109_posB_087_posC_095_record_059_frame_05.png,A,59,5,10,1.09,0.87,0.95
FRS_setA_posA_109_posB_087_posC_095_record_059_frame_06.png,A,59,6,12,1.09,0.87,0.95
FRS_setA_posA_109_posB_087_posC_095_record_059_frame_07.png,A,59,7,14,1.09,0.87,0.95
FRS_setA_posA_109_posB_087_posC_095_record_059_frame_08.png,A,59,8,16,1.09,0.87,0.95
FRS_setA_posA_109_posB_087_posC_095_record_059_frame_09.png,A,59,9,18,1.09,0.87,0.95
FRS_setA_posA_109_posB_087_posC_095_record_059_frame_10.png,A,59,10,20,1.09,0.87,0.95
FRS_setA_posA_109_posB_087_posC_095_record_059_frame_11.png,A,59,11,22,1.09,0.87,0.95
FRS_setA_posA_109_posB_087_posC_095_record_059_frame_12.png,A,59,12,24,1.09,0.87,0.95
FRS_setA_posA_109_posB_087_posC_095_record_059_frame_13.png,A,59,13,26,1.09,0.87,0.95
FRS_setA_posA_109_posB_087_posC_095_record_059_frame_14.png,A,59,14,28,1.09,0.87,0.95
FRS_setA_posA_109_posB_087_posC_095_record_059_frame_15.png,A,59,15,30,1.09,0.87,0.95
FRS_setA_posA_109_posB_087_posC_095_record_059_frame_16.png,A,59,16,32,1.09,0.87,0.95
FRS_setA_posA_109_posB_087_posC_095_record_059_frame_17.png,A,59,17,34,1.09,0.87,0.95
FRS_setA_posA_109_posB_087_posC_095_record_059_frame_18.png,A,59,18,36,1.09,0.87,0.95
FRS_setA_posA_109_posB_087_posC_095_record_059_frame_19.png,A,59,19,38,1.09,0.87,0.95
FRS_setA_posA_110_posB_087_posC_095_record_060_frame_00.png,A,60,0,0,1.1,0.87,0.95
FRS_setA_posA_110_posB_087_posC_095_record_060_frame_01.png,A,60,1,2,1.1,0.87,0.95
FRS_setA_posA_110_posB_087_posC_095_record_060_frame_02.png,A,60,2,4,1.1,0.87,0.95
FRS_setA_posA_110_posB_087_posC_095_record_060_frame_03.png,A,60,3,6,1.1,0.87,0.95
FRS_setA_posA_110_posB_087_posC_095_record_060_frame_04.png,A,60,4,8,1.1,0.87,0.95
FRS_setA_posA_110_posB_087_posC_095_record_060_frame_05.png,A,60,5,10,1.1,0.87,0.95
FRS_setA_posA_110_posB_087_posC_095_record_060_frame_06.png,A,60,6,12,1.1,0.87,0.95
FRS_setA_posA_110_posB_087_posC_095_record_060_frame_07.png,A,60,7,14,1.1,0.87,0.95
FRS_setA_posA_110_posB_087_posC_095_record_060_frame_08.png,A,60,8,16,1.1,0.87,0.95
FRS_setA_posA_110_posB_087_posC_095_record_060_frame_09.png,A,60,9,18,1.1,0.87,0.95
FRS_setA_posA_110_posB_087_posC_095_record_060_frame_10.png,A,60,10,20,1.1,0.87,0.95
FRS_setA_posA_110_posB_087_posC_095_record_060_frame_11.png,A,60,11,22,1.1,0.87,0.95
FRS_setA_posA_110_posB_087_posC_095_record_060_frame_12.png,A,60,12,24,1.1,0.87,0.95
FRS_setA_posA_110_posB_087_posC_095_record_060_frame_13.png,A,60,13,26,1.1,0.87,0.95
FRS_setA_posA_110_posB_087_posC_095_record_060_frame_14.png,A,60,14,28,1.1,0.87,0.95
FRS_setA_posA_110_posB_087_posC_095_record_060_frame_15.png,A,60,15,30,1.1,0.87,0.95
FRS_setA_posA_110_posB_087_posC_095_record_060_frame_16.png,A,60,16,32,1.1,0.87,0.95
FRS_setA_posA_110_posB_087_posC_095_record_060_frame_17.png,A,60,17,34,1.1,0.87,0.95
FRS_setA_posA_110_posB_087_posC_095_record_060_frame_18.png,A,60,18,36,1.1,0.87,0.95
FRS_setA_posA_110_posB_087_posC_095_record_060_frame_19.png,A,60,19,38,1.1,0.87,0.95
FRS_setA_posA_111_posB_087_posC_096_record_061_frame_00.png,A,61,0,0,1.11,0.87,0.96
FRS_setA_posA_111_posB_087_posC_096_record_061_frame_01.png,A,61,1,2,1.11,0.87,0.96
FRS_setA_posA_111_posB_087_posC_096_record_061_frame_02.png,A,61,2,4,1.11,0.87,0.96
FRS_setA_posA_111_posB_087_posC_096_record_061_frame_03.png,A,61,3,6,1.11,0.87,0.96
FRS_setA_posA_111_posB_087_posC_096_record_061_frame_04.png,A,61,4,8,1.11,0.87,0.96
FRS_setA_posA_111_posB_087_posC_096_record_061_frame_05.png,A,61,5,10,1.11,0.87,0.96
FRS_setA_posA_111_posB_087_posC_096_record_061_frame_06.png,A,61,6,12,1.11,0.87,0.96
FRS_setA_posA_111_posB_087_posC_096_record_061_frame_07.png,A,61,7,14,1.11,0.87,0.96
FRS_setA_posA_111_posB_087_posC_096_record_061_frame_08.png,A,61,8,16,1.11,0.87,0.96
FRS_setA_posA_111_posB_087_posC_096_record_061_frame_09.png,A,61,9,18,1.11,0.87,0.96
FRS_setA_posA_111_posB_087_posC_096_record_061_frame_10.png,A,61,10,20,1.11,0.87,0.96
FRS_setA_posA_111_posB_087_posC_096_record_061_frame_11.png,A,61,11,22,1.11,0.87,0.96
FRS_setA_posA_111_posB_087_posC_096_record_061_frame_12.png,A,61,12,24,1.11,0.87,0.96
FRS_setA_posA_111_posB_087_posC_096_record_061_frame_13.png,A,61,13,26,1.11,0.87,0.96
FRS_setA_posA_111_posB_087_posC_096_record_061_frame_14.png,A,61,14,28,1.11,0.87,0.96
FRS_setA_posA_111_posB_087_posC_096_record_061_frame_15.png,A,61,15,30,1.11,0.87,0.96
FRS_setA_posA_111_posB_087_posC_096_record_061_frame_16.png,A,61,16,32,1.11,0.87,0.96
FRS_setA_posA_111_posB_087_posC_096_record_061_frame_17.png,A,61,17,34,1.11,0.87,0.96
FRS_setA_posA_111_posB_087_posC_096_record_061_frame_18.png,A,61,18,36,1.11,0.87,0.96
FRS_setA_posA_111_posB_087_posC_096_record_061_frame_19.png,A,61,19,38,1.11,0.87,0.96
FRS_setA_posA_112_posB_087_posC_096_record_062_frame_00.png,A,62,0,0,1.12,0.87,0.96
FRS_setA_posA_112_posB_087_posC_096_record_062_frame_01.png,A,62,1,2,1.12,0.87,0.96
FRS_setA_posA_112_posB_087_posC_096_record_062_frame_02.png,A,62,2,4,1.12,0.87,0.96
FRS_setA_posA_112_posB_087_posC_096_record_062_frame_03.png,A,62,3,6,1.12,0.87,0.96
FRS_setA_posA_112_posB_087_posC_096_record_062_frame_04.png,A,62,4,8,1.12,0.87,0.96
FRS_setA_posA_112_posB_087_posC_096_record_062_frame_05.png,A,62,5,10,1.12,0.87,0.96
FRS_setA_posA_112_posB_087_posC_096_record_062_frame_06.png,A,62,6,12,1.12,0.87,0.96
FRS_setA_posA_112_posB_087_posC_096_record_062_frame_07.png,A,62,7,14,1.12,0.87,0.96
FRS_setA_posA_112_posB_087_posC_096_record_062_frame_08.png,A,62,8,16,1.12,0.87,0.96
FRS_setA_posA_112_posB_087_posC_096_record_062_frame_09.png,A,62,9,18,1.12,0.87,0.96
FRS_setA_posA_112_posB_087_posC_096_record_062_frame_10.png,A,62,10,20,1.12,0.87,0.96
FRS_setA_posA_112_posB_087_posC_096_record_062_frame_11.png,A,62,11,22,1.12,0.87,0.96
FRS_setA_posA_112_posB_087_posC_096_record_062_frame_12.png,A,62,12,24,1.12,0.87,0.96
FRS_setA_posA_112_posB_087_posC_096_record_062_frame_13.png,A,62,13,26,1.12,0.87,0.96
FRS_setA_posA_112_posB_087_posC_096_record_062_frame_14.png,A,62,14,28,1.12,0.87,0.96
FRS_setA_posA_112_posB_087_posC_096_record_062_frame_15.png,A,62,15,30,1.12,0.87,0.96
FRS_setA_posA_112_posB_087_posC_096_record_062_frame_16.png,A,62,16,32,1.12,0.87,0.96
FRS_setA_posA_112_posB_087_posC_096_record_062_frame_17.png,A,62,17,34,1.12,0.87,0.96
FRS_setA_posA_112_posB_087_posC_096_record_062_frame_18.png,A,62,18,36,1.12,0.87,0.96
FRS_setA_posA_112_posB_087_posC_096_record_062_frame_19.png,A,62,19,38,1.12,0.87,0.96
FRS_setA_posA_116_posB_089_posC_097_record_063_frame_00.png,A,63,0,0,1.16,0.89,0.97
FRS_setA_posA_116_posB_089_posC_097_record_063_frame_01.png,A,63,1,2,1.16,0.89,0.97
FRS_setA_posA_116_posB_089_posC_097_record_063_frame_02.png,A,63,2,4,1.16,0.89,0.97
FRS_setA_posA_116_posB_089_posC_097_record_063_frame_03.png,A,63,3,6,1.16,0.89,0.97
FRS_setA_posA_116_posB_089_posC_097_record_063_frame_04.png,A,63,4,8,1.16,0.89,0.97
FRS_setA_posA_116_posB_089_posC_097_record_063_frame_05.png,A,63,5,10,1.16,0.89,0.97
FRS_setA_posA_116_posB_089_posC_097_record_063_frame_06.png,A,63,6,12,1.16,0.89,0.97
FRS_setA_posA_116_posB_089_posC_097_record_063_frame_07.png,A,63,7,14,1.16,0.89,0.97
FRS_setA_posA_116_posB_089_posC_097_record_063_frame_08.png,A,63,8,16,1.16,0.89,0.97
FRS_setA_posA_116_posB_089_posC_097_record_063_frame_09.png,A,63,9,18,1.16,0.89,0.97
FRS_setA_posA_116_posB_089_posC_097_record_063_frame_10.png,A,63,10,20,1.16,0.89,0.97
FRS_setA_posA_116_posB_089_posC_097_record_063_frame_11.png,A,63,11,22,1.16,0.89,0.97
FRS_setA_posA_116_posB_089_posC_097_record_063_frame_12.png,A,63,12,24,1.16,0.89,0.97
FRS_setA_posA_116_posB_089_posC_097_record_063_frame_13.png,A,63,13,26,1.16,0.89,0.97
FRS_setA_posA_116_posB_089_posC_097_record_063_frame_14.png,A,63,14,28,1.16,0.89,0.97
FRS_setA_posA_116_posB_089_posC_097_record_063_frame_15.png,A,63,15,30,1.16,0.89,0.97
FRS_setA_posA_116_posB_089_posC_097_record_063_frame_16.png,A,63,16,32,1.16,0.89,0.97
FRS_setA_posA_116_posB_089_posC_097_record_063_frame_17.png,A,63,17,34,1.16,0.89,0.97
FRS_setA_posA_116_posB_089_posC_097_record_063_frame_18.png,A,63,18,36,1.16,0.89,0.97
FRS_setA_posA_116_posB_089_posC_097_record_063_frame_19.png,A,63,19,38,1.16,0.89,0.97
FRS_setA_posA_119_posB_090_posC_098_record_064_frame_00.png,A,64,0,0,1.19,0.9,0.98
FRS_setA_posA_119_posB_090_posC_098_record_064_frame_01.png,A,64,1,2,1.19,0.9,0.98
FRS_setA_posA_119_posB_090_posC_098_record_064_frame_02.png,A,64,2,4,1.19,0.9,0.98
FRS_setA_posA_119_posB_090_posC_098_record_064_frame_03.png,A,64,3,6,1.19,0.9,0.98
FRS_setA_posA_119_posB_090_posC_098_record_064_frame_04.png,A,64,4,8,1.19,0.9,0.98
FRS_setA_posA_119_posB_090_posC_098_record_064_frame_05.png,A,64,5,10,1.19,0.9,0.98
FRS_setA_posA_119_posB_090_posC_098_record_064_frame_06.png,A,64,6,12,1.19,0.9,0.98
FRS_setA_posA_119_posB_090_posC_098_record_064_frame_07.png,A,64,7,14,1.19,0.9,0.98
FRS_setA_posA_119_posB_090_posC_098_record_064_frame_08.png,A,64,8,16,1.19,0.9,0.98
FRS_setA_posA_119_posB_090_posC_098_record_064_frame_09.png,A,64,9,18,1.19,0.9,0.98
FRS_setA_posA_119_posB_090_posC_098_record_064_frame_10.png,A,64,10,20,1.19,0.9,0.98
FRS_setA_posA_119_posB_090_posC_098_record_064_frame_11.png,A,64,11,22,1.19,0.9,0.98
FRS_setA_posA_119_posB_090_posC_098_record_064_frame_12.png,A,64,12,24,1.19,0.9,0.98
FRS_setA_posA_119_posB_090_posC_098_record_064_frame_13.png,A,64,13,26,1.19,0.9,0.98
FRS_setA_posA_119_posB_090_posC_098_record_064_frame_14.png,A,64,14,28,1.19,0.9,0.98
FRS_setA_posA_119_posB_090_posC_098_record_064_frame_15.png,A,64,15,30,1.19,0.9,0.98
FRS_setA_posA_119_posB_090_posC_098_record_064_frame_16.png,A,64,16,32,1.19,0.9,0.98
FRS_setA_posA_119_posB_090_posC_098_record_064_frame_17.png,A,64,17,34,1.19,0.9,0.98
FRS_setA_posA_119_posB_090_posC_098_record_064_frame_18.png,A,64,18,36,1.19,0.9,0.98
FRS_setA_posA_119_posB_090_posC_098_record_064_frame_19.png,A,64,19,38,1.19,0.9,0.98
FRS_setA_posA_120_posB_090_posC_101_record_065_frame_00.png,A,65,0,0,1.2,0.9,1.01
FRS_setA_posA_120_posB_090_posC_101_record_065_frame_01.png,A,65,1,2,1.2,0.9,1.01
FRS_setA_posA_120_posB_090_posC_101_record_065_frame_02.png,A,65,2,4,1.2,0.9,1.01
FRS_setA_posA_120_posB_090_posC_101_record_065_frame_03.png,A,65,3,6,1.2,0.9,1.01
FRS_setA_posA_120_posB_090_posC_101_record_065_frame_04.png,A,65,4,8,1.2,0.9,1.01
FRS_setA_posA_120_posB_090_posC_101_record_065_frame_05.png,A,65,5,10,1.2,0.9,1.01
FRS_setA_posA_120_posB_090_posC_101_record_065_frame_06.png,A,65,6,12,1.2,0.9,1.01
FRS_setA_posA_120_posB_090_posC_101_record_065_frame_07.png,A,65,7,14,1.2,0.9,1.01
FRS_setA_posA_120_posB_090_posC_101_record_065_frame_08.png,A,65,8,16,1.2,0.9,1.01
FRS_setA_posA_120_posB_090_posC_101_record_065_frame_09.png,A,65,9,18,1.2,0.9,1.01
FRS_setA_posA_120_posB_090_posC_101_record_065_frame_10.png,A,65,10,20,1.2,0.9,1.01
FRS_setA_posA_120_posB_090_posC_101_record_065_frame_11.png,A,65,11,22,1.2,0.9,1.01
FRS_setA_posA_120_posB_090_posC_101_record_065_frame_12.png,A,65,12,24,1.2,0.9,1.01
FRS_setA_posA_120_posB_090_posC_101_record_065_frame_13.png,A,65,13,26,1.2,0.9,1.01
FRS_setA_posA_120_posB_090_posC_101_record_065_frame_14.png,A,65,14,28,1.2,0.9,1.01
FRS_setA_posA_120_posB_090_posC_101_record_065_frame_15.png,A,65,15,30,1.2,0.9,1.01
FRS_setA_posA_120_posB_090_posC_101_record_065_frame_16.png,A,65,16,32,1.2,0.9,1.01
FRS_setA_posA_120_posB_090_posC_101_record_065_frame_17.png,A,65,17,34,1.2,0.9,1.01
FRS_setA_posA_120_posB_090_posC_101_record_065_frame_18.png,A,65,18,36,1.2,0.9,1.01
FRS_setA_posA_120_posB_090_posC_101_record_065_frame_19.png,A,65,19,38,1.2,0.9,1.01
FRS_setA_posA_120_posB_091_posC_100_record_066_frame_00.png,A,66,0,0,1.2,0.91,1
FRS_setA_posA_120_posB_091_posC_100_record_066_frame_01.png,A,66,1,2,1.2,0.91,1
FRS_setA_posA_120_posB_091_posC_100_record_066_frame_02.png,A,66,2,4,1.2,0.91,1
FRS_setA_posA_120_posB_091_posC_100_record_066_frame_03.png,A,66,3,6,1.2,0.91,1
FRS_setA_posA_120_posB_091_posC_100_record_066_frame_04.png,A,66,4,8,1.2,0.91,1
FRS_setA_posA_120_posB_091_posC_100_record_066_frame_05.png,A,66,5,10,1.2,0.91,1
FRS_setA_posA_120_posB_091_posC_100_record_066_frame_06.png,A,66,6,12,1.2,0.91,1
FRS_setA_posA_120_posB_091_posC_100_record_066_frame_07.png,A,66,7,14,1.2,0.91,1
FRS_setA_posA_120_posB_091_posC_100_record_066_frame_08.png,A,66,8,16,1.2,0.91,1
FRS_setA_posA_120_posB_091_posC_100_record_066_frame_09.png,A,66,9,18,1.2,0.91,1
FRS_setA_posA_120_posB_091_posC_100_record_066_frame_10.png,A,66,10,20,1.2,0.91,1
FRS_setA_posA_120_posB_091_posC_100_record_066_frame_11.png,A,66,11,22,1.2,0.91,1
FRS_setA_posA_120_posB_091_posC_100_record_066_frame_12.png,A,66,12,24,1.2,0.91,1
FRS_setA_posA_120_posB_091_posC_100_record_066_frame_13.png,A,66,13,26,1.2,0.91,1
FRS_setA_posA_120_posB_091_posC_100_record_066_frame_14.png,A,66,14,28,1.2,0.91,1
FRS_setA_posA_120_posB_091_posC_100_record_066_frame_15.png,A,66,15,30,1.2,0.91,1
FRS_setA_posA_120_posB_091_posC_100_record_066_frame_16.png,A,66,16,32,1.2,0.91,1
FRS_setA_posA_120_posB_091_posC_100_record_066_frame_17.png,A,66,17,34,1.2,0.91,1
FRS_setA_posA_120_posB_091_posC_100_record_066_frame_18.png,A,66,18,36,1.2,0.91,1
FRS_setA_posA_120_posB_091_posC_100_record_066_frame_19.png,A,66,19,38,1.2,0.91,1
FRS_setA_posA_120_posB_092_posC_100_record_067_frame_00.png,A,67,0,0,1.2,0.92,1
FRS_setA_posA_120_posB_092_posC_100_record_067_frame_01.png,A,67,1,2,1.2,0.92,1
FRS_setA_posA_120_posB_092_posC_100_record_067_frame_02.png,A,67,2,4,1.2,0.92,1
FRS_setA_posA_120_posB_092_posC_100_record_067_frame_03.png,A,67,3,6,1.2,0.92,1
FRS_setA_posA_120_posB_092_posC_100_record_067_frame_04.png,A,67,4,8,1.2,0.92,1
FRS_setA_posA_120_posB_092_posC_100_record_067_frame_05.png,A,67,5,10,1.2,0.92,1
FRS_setA_posA_120_posB_092_posC_100_record_067_frame_06.png,A,67,6,12,1.2,0.92,1
FRS_setA_posA_120_posB_092_posC_100_record_067_frame_07.png,A,67,7,14,1.2,0.92,1
FRS_setA_posA_120_posB_092_posC_100_record_067_frame_08.png,A,67,8,16,1.2,0.92,1
FRS_setA_posA_120_posB_092_posC_100_record_067_frame_09.png,A,67,9,18,1.2,0.92,1
FRS_setA_posA_120_posB_092_posC_100_record_067_frame_10.png,A,67,10,20,1.2,0.92,1
FRS_setA_posA_120_posB_092_posC_100_record_067_frame_11.png,A,67,11,22,1.2,0.92,1
FRS_setA_posA_120_posB_092_posC_100_record_067_frame_12.png,A,67,12,24,1.2,0.92,1
FRS_setA_posA_120_posB_092_posC_100_record_067_frame_13.png,A,67,13,26,1.2,0.92,1
FRS_setA_posA_120_posB_092_posC_100_record_067_frame_14.png,A,67,14,28,1.2,0.92,1
FRS_setA_posA_120_posB_092_posC_100_record_067_frame_15.png,A,67,15,30,1.2,0.92,1
FRS_setA_posA_120_posB_092_posC_100_record_067_frame_16.png,A,67,16,32,1.2,0.92,1
FRS_setA_posA_120_posB_092_posC_100_record_067_frame_17.png,A,67,17,34,1.2,0.92,1
FRS_setA_posA_120_posB_092_posC_100_record_067_frame_18.png,A,67,18,36,1.2,0.92,1
FRS_setA_posA_120_posB_092_posC_100_record_067_frame_19.png,A,67,19,38,1.2,0.92,1
FRS_setA_posA_121_posB_090_posC_100_record_068_frame_00.png,A,68,0,0,1.21,0.9,1
FRS_setA_posA_121_posB_090_posC_100_record_068_frame_01.png,A,68,1,2,1.21,0.9,1
FRS_setA_posA_121_posB_090_posC_100_record_068_frame_02.png,A,68,2,4,1.21,0.9,1
FRS_setA_posA_121_posB_090_posC_100_record_068_frame_03.png,A,68,3,6,1.21,0.9,1
FRS_setA_posA_121_posB_090_posC_100_record_068_frame_04.png,A,68,4,8,1.21,0.9,1
FRS_setA_posA_121_posB_090_posC_100_record_068_frame_05.png,A,68,5,10,1.21,0.9,1
FRS_setA_posA_121_posB_090_posC_100_record_068_frame_06.png,A,68,6,12,1.21,0.9,1
FRS_setA_posA_121_posB_090_posC_100_record_068_frame_07.png,A,68,7,14,1.21,0.9,1
FRS_setA_posA_121_posB_090_posC_100_record_068_frame_08.png,A,68,8,16,1.21,0.9,1
FRS_setA_posA_121_posB_090_posC_100_record_068_frame_09.png,A,68,9,18,1.21,0.9,1
FRS_setA_posA_121_posB_090_posC_100_record_068_frame_10.png,A,68,10,20,1.21,0.9,1
FRS_setA_posA_121_posB_090_posC_100_record_068_frame_11.png,A,68,11,22,1.21,0.9,1
FRS_setA_posA_121_posB_090_posC_100_record_068_frame_12.png,A,68,12,24,1.21,0.9,1
FRS_setA_posA_121_posB_090_posC_100_record_068_frame_13.png,A,68,13,26,1.21,0.9,1
FRS_setA_posA_121_posB_090_posC_100_record_068_frame_14.png,A,68,14,28,1.21,0.9,1
FRS_setA_posA_121_posB_090_posC_100_record_068_frame_15.png,A,68,15,30,1.21,0.9,1
FRS_setA_posA_121_posB_090_posC_100_record_068_frame_16.png,A,68,16,32,1.21,0.9,1
FRS_setA_posA_121_posB_090_posC_100_record_068_frame_17.png,A,68,17,34,1.21,0.9,1
FRS_setA_posA_121_posB_090_posC_100_record_068_frame_18.png,A,68,18,36,1.21,0.9,1
FRS_setA_posA_121_posB_090_posC_100_record_068_frame_19.png,A,68,19,38,1.21,0.9,1
FRS_setA_posA_121_posB_091_posC_102_record_069_frame_00.png,A,69,0,0,1.21,0.91,1.02
FRS_setA_posA_121_posB_091_posC_102_record_069_frame_01.png,A,69,1,2,1.21,0.91,1.02
FRS_setA_posA_121_posB_091_posC_102_record_069_frame_02.png,A,69,2,4,1.21,0.91,1.02
FRS_setA_posA_121_posB_091_posC_102_record_069_frame_03.png,A,69,3,6,1.21,0.91,1.02
FRS_setA_posA_121_posB_091_posC_102_record_069_frame_04.png,A,69,4,8,1.21,0.91,1.02
FRS_setA_posA_121_posB_091_posC_102_record_069_frame_05.png,A,69,5,10,1.21,0.91,1.02
FRS_setA_posA_121_posB_091_posC_102_record_069_frame_06.png,A,69,6,12,1.21,0.91,1.02
FRS_setA_posA_121_posB_091_posC_102_record_069_frame_07.png,A,69,7,14,1.21,0.91,1.02
FRS_setA_posA_121_posB_091_posC_102_record_069_frame_08.png,A,69,8,16,1.21,0.91,1.02
FRS_setA_posA_121_posB_091_posC_102_record_069_frame_09.png,A,69,9,18,1.21,0.91,1.02
FRS_setA_posA_121_posB_091_posC_102_record_069_frame_10.png,A,69,10,20,1.21,0.91,1.02
FRS_setA_posA_121_posB_091_posC_102_record_069_frame_11.png,A,69,11,22,1.21,0.91,1.02
FRS_setA_posA_121_posB_091_posC_102_record_069_frame_12.png,A,69,12,24,1.21,0.91,1.02
FRS_setA_posA_121_posB_091_posC_102_record_069_frame_13.png,A,69,13,26,1.21,0.91,1.02
FRS_setA_posA_121_posB_091_posC_102_record_069_frame_14.png,A,69,14,28,1.21,0.91,1.02
FRS_setA_posA_121_posB_091_posC_102_record_069_frame_15.png,A,69,15,30,1.21,0.91,1.02
FRS_setA_posA_121_posB_091_posC_102_record_069_frame_16.png,A,69,16,32,1.21,0.91,1.02
FRS_setA_posA_121_posB_091_posC_102_record_069_frame_17.png,A,69,17,34,1.21,0.91,1.02
FRS_setA_posA_121_posB_091_posC_102_record_069_frame_18.png,A,69,18,36,1.21,0.91,1.02
FRS_setA_posA_121_posB_091_posC_102_record_069_frame_19.png,A,69,19,38,1.21,0.91,1.02
FRS_setA_posA_122_posB_092_posC_104_record_070_frame_00.png,A,70,0,0,1.22,0.92,1.04
FRS_setA_posA_122_posB_092_posC_104_record_070_frame_01.png,A,70,1,2,1.22,0.92,1.04
FRS_setA_posA_122_posB_092_posC_104_record_070_frame_02.png,A,70,2,4,1.22,0.92,1.04
FRS_setA_posA_122_posB_092_posC_104_record_070_frame_03.png,A,70,3,6,1.22,0.92,1.04
FRS_setA_posA_122_posB_092_posC_104_record_070_frame_04.png,A,70,4,8,1.22,0.92,1.04
FRS_setA_posA_122_posB_092_posC_104_record_070_frame_05.png,A,70,5,10,1.22,0.92,1.04
FRS_setA_posA_122_posB_092_posC_104_record_070_frame_06.png,A,70,6,12,1.22,0.92,1.04
FRS_setA_posA_122_posB_092_posC_104_record_070_frame_07.png,A,70,7,14,1.22,0.92,1.04
FRS_setA_posA_122_posB_092_posC_104_record_070_frame_08.png,A,70,8,16,1.22,0.92,1.04
FRS_setA_posA_122_posB_092_posC_104_record_070_frame_09.png,A,70,9,18,1.22,0.92,1.04
FRS_setA_posA_122_posB_092_posC_104_record_070_frame_10.png,A,70,10,20,1.22,0.92,1.04
FRS_setA_posA_122_posB_092_posC_104_record_070_frame_11.png,A,70,11,22,1.22,0.92,1.04
FRS_setA_posA_122_posB_092_posC_104_record_070_frame_12.png,A,70,12,24,1.22,0.92,1.04
FRS_setA_posA_122_posB_092_posC_104_record_070_frame_13.png,A,70,13,26,1.22,0.92,1.04
FRS_setA_posA_122_posB_092_posC_104_record_070_frame_14.png,A,70,14,28,1.22,0.92,1.04
FRS_setA_posA_122_posB_092_posC_104_record_070_frame_15.png,A,70,15,30,1.22,0.92,1.04
FRS_setA_posA_122_posB_092_posC_104_record_070_frame_16.png,A,70,16,32,1.22,0.92,1.04
FRS_setA_posA_122_posB_092_posC_104_record_070_frame_17.png,A,70,17,34,1.22,0.92,1.04
FRS_setA_posA_122_posB_092_posC_104_record_070_frame_18.png,A,70,18,36,1.22,0.92,1.04
FRS_setA_posA_122_posB_092_posC_104_record_070_frame_19.png,A,70,19,38,1.22,0.92,1.04
FRS_setA_posA_122_posB_092_posC_105_record_071_frame_00.png,A,71,0,0,1.22,0.92,1.05
FRS_setA_posA_122_posB_092_posC_105_record_071_frame_01.png,A,71,1,2,1.22,0.92,1.05
FRS_setA_posA_122_posB_092_posC_105_record_071_frame_02.png,A,71,2,4,1.22,0.92,1.05
FRS_setA_posA_122_posB_092_posC_105_record_071_frame_03.png,A,71,3,6,1.22,0.92,1.05
FRS_setA_posA_122_posB_092_posC_105_record_071_frame_04.png,A,71,4,8,1.22,0.92,1.05
FRS_setA_posA_122_posB_092_posC_105_record_071_frame_05.png,A,71,5,10,1.22,0.92,1.05
FRS_setA_posA_122_posB_092_posC_105_record_071_frame_06.png,A,71,6,12,1.22,0.92,1.05
FRS_setA_posA_122_posB_092_posC_105_record_071_frame_07.png,A,71,7,14,1.22,0.92,1.05
FRS_setA_posA_122_posB_092_posC_105_record_071_frame_08.png,A,71,8,16,1.22,0.92,1.05
FRS_setA_posA_122_posB_092_posC_105_record_071_frame_09.png,A,71,9,18,1.22,0.92,1.05
FRS_setA_posA_122_posB_092_posC_105_record_071_frame_10.png,A,71,10,20,1.22,0.92,1.05
FRS_setA_posA_122_posB_092_posC_105_record_071_frame_11.png,A,71,11,22,1.22,0.92,1.05
FRS_setA_posA_122_posB_092_posC_105_record_071_frame_12.png,A,71,12,24,1.22,0.92,1.05
FRS_setA_posA_122_posB_092_posC_105_record_071_frame_13.png,A,71,13,26,1.22,0.92,1.05
FRS_setA_posA_122_posB_092_posC_105_record_071_frame_14.png,A,71,14,28,1.22,0.92,1.05
FRS_setA_posA_122_posB_092_posC_105_record_071_frame_15.png,A,71,15,30,1.22,0.92,1.05
FRS_setA_posA_122_posB_092_posC_105_record_071_frame_16.png,A,71,16,32,1.22,0.92,1.05
FRS_setA_posA_122_posB_092_posC_105_record_071_frame_17.png,A,71,17,34,1.22,0.92,1.05
FRS_setA_posA_122_posB_092_posC_105_record_071_frame_18.png,A,71,18,36,1.22,0.92,1.05
FRS_setA_posA_122_posB_092_posC_105_record_071_frame_19.png,A,71,19,38,1.22,0.92,1.05
FRS_setA_posA_122_posB_092_posC_107_record_072_frame_00.png,A,72,0,0,1.22,0.92,1.07
FRS_setA_posA_122_posB_092_posC_107_record_072_frame_01.png,A,72,1,2,1.22,0.92,1.07
FRS_setA_posA_122_posB_092_posC_107_record_072_frame_02.png,A,72,2,4,1.22,0.92,1.07
FRS_setA_posA_122_posB_092_posC_107_record_072_frame_03.png,A,72,3,6,1.22,0.92,1.07
FRS_setA_posA_122_posB_092_posC_107_record_072_frame_04.png,A,72,4,8,1.22,0.92,1.07
FRS_setA_posA_122_posB_092_posC_107_record_072_frame_05.png,A,72,5,10,1.22,0.92,1.07
FRS_setA_posA_122_posB_092_posC_107_record_072_frame_06.png,A,72,6,12,1.22,0.92,1.07
FRS_setA_posA_122_posB_092_posC_107_record_072_frame_07.png,A,72,7,14,1.22,0.92,1.07
FRS_setA_posA_122_posB_092_posC_107_record_072_frame_08.png,A,72,8,16,1.22,0.92,1.07
FRS_setA_posA_122_posB_092_posC_107_record_072_frame_09.png,A,72,9,18,1.22,0.92,1.07
FRS_setA_posA_122_posB_092_posC_107_record_072_frame_10.png,A,72,10,20,1.22,0.92,1.07
FRS_setA_posA_122_posB_092_posC_107_record_072_frame_11.png,A,72,11,22,1.22,0.92,1.07
FRS_setA_posA_122_posB_092_posC_107_record_072_frame_12.png,A,72,12,24,1.22,0.92,1.07
FRS_setA_posA_122_posB_092_posC_107_record_072_frame_13.png,A,72,13,26,1.22,0.92,1.07
FRS_setA_posA_122_posB_092_posC_107_record_072_frame_14.png,A,72,14,28,1.22,0.92,1.07
FRS_setA_posA_122_posB_092_posC_107_record_072_frame_15.png,A,72,15,30,1.22,0.92,1.07
FRS_setA_posA_122_posB_092_posC_107_record_072_frame_16.png,A,72,16,32,1.22,0.92,1.07
FRS_setA_posA_122_posB_092_posC_107_record_072_frame_17.png,A,72,17,34,1.22,0.92,1.07
FRS_setA_posA_122_posB_092_posC_107_record_072_frame_18.png,A,72,18,36,1.22,0.92,1.07
FRS_setA_posA_122_posB_092_posC_107_record_072_frame_19.png,A,72,19,38,1.22,0.92,1.07
FRS_setA_posA_122_posB_092_posC_107_record_073_frame_00.png,A,73,0,0,1.22,0.92,1.07
FRS_setA_posA_122_posB_092_posC_107_record_073_frame_01.png,A,73,1,2,1.22,0.92,1.07
FRS_setA_posA_122_posB_092_posC_107_record_073_frame_02.png,A,73,2,4,1.22,0.92,1.07
FRS_setA_posA_122_posB_092_posC_107_record_073_frame_03.png,A,73,3,6,1.22,0.92,1.07
FRS_setA_posA_122_posB_092_posC_107_record_073_frame_04.png,A,73,4,8,1.22,0.92,1.07
FRS_setA_posA_122_posB_092_posC_107_record_073_frame_05.png,A,73,5,10,1.22,0.92,1.07
FRS_setA_posA_122_posB_092_posC_107_record_073_frame_06.png,A,73,6,12,1.22,0.92,1.07
FRS_setA_posA_122_posB_092_posC_107_record_073_frame_07.png,A,73,7,14,1.22,0.92,1.07
FRS_setA_posA_122_posB_092_posC_107_record_073_frame_08.png,A,73,8,16,1.22,0.92,1.07
FRS_setA_posA_122_posB_092_posC_107_record_073_frame_09.png,A,73,9,18,1.22,0.92,1.07
FRS_setA_posA_122_posB_092_posC_107_record_073_frame_10.png,A,73,10,20,1.22,0.92,1.07
FRS_setA_posA_122_posB_092_posC_107_record_073_frame_11.png,A,73,11,22,1.22,0.92,1.07
FRS_setA_posA_122_posB_092_posC_107_record_073_frame_12.png,A,73,12,24,1.22,0.92,1.07
FRS_setA_posA_122_posB_092_posC_107_record_073_frame_13.png,A,73,13,26,1.22,0.92,1.07
FRS_setA_posA_122_posB_092_posC_107_record_073_frame_14.png,A,73,14,28,1.22,0.92,1.07
FRS_setA_posA_122_posB_092_posC_107_record_073_frame_15.png,A,73,15,30,1.22,0.92,1.07
FRS_setA_posA_122_posB_092_posC_107_record_073_frame_16.png,A,73,16,32,1.22,0.92,1.07
FRS_setA_posA_122_posB_092_posC_107_record_073_frame_17.png,A,73,17,34,1.22,0.92,1.07
FRS_setA_posA_122_posB_092_posC_107_record_073_frame_18.png,A,73,18,36,1.22,0.92,1.07
FRS_setA_posA_122_posB_092_posC_107_record_073_frame_19.png,A,73,19,38,1.22,0.92,1.07
FRS_setB_posA_040_posB_026_posC_038_record_001_frame_00.png,B,1,0,0,0.4,0.26,0.38
FRS_setB_posA_040_posB_026_posC_038_record_001_frame_01.png,B,1,1,2,0.4,0.26,0.38
FRS_setB_posA_040_posB_026_posC_038_record_001_frame_02.png,B,1,2,4,0.4,0.26,0.38
FRS_setB_posA_040_posB_026_posC_038_record_001_frame_03.png,B,1,3,6,0.4,0.26,0.38
FRS_setB_posA_040_posB_026_posC_038_record_001_frame_04.png,B,1,4,8,0.4,0.26,0.38
FRS_setB_posA_040_posB_026_posC_038_record_001_frame_05.png,B,1,5,10,0.4,0.26,0.38
FRS_setB_posA_040_posB_026_posC_038_record_001_frame_06.png,B,1,6,12,0.4,0.26,0.38
FRS_setB_posA_040_posB_026_posC_038_record_001_frame_07.png,B,1,7,14,0.4,0.26,0.38
FRS_setB_posA_040_posB_026_posC_038_record_001_frame_08.png,B,1,8,16,0.4,0.26,0.38
FRS_setB_posA_040_posB_026_posC_038_record_001_frame_09.png,B,1,9,18,0.4,0.26,0.38
FRS_setB_posA_040_posB_026_posC_038_record_001_frame_10.png,B,1,10,20,0.4,0.26,0.38
FRS_setB_posA_040_posB_026_posC_038_record_001_frame_11.png,B,1,11,22,0.4,0.26,0.38
FRS_setB_posA_040_posB_026_posC_038_record_001_frame_12.png,B,1,12,24,0.4,0.26,0.38
FRS_setB_posA_040_posB_026_posC_038_record_001_frame_13.png,B,1,13,26,0.4,0.26,0.38
FRS_setB_posA_040_posB_026_posC_038_record_001_frame_14.png,B,1,14,28,0.4,0.26,0.38
FRS_setB_posA_040_posB_026_posC_038_record_001_frame_15.png,B,1,15,30,0.4,0.26,0.38
FRS_setB_posA_040_posB_026_posC_038_record_001_frame_16.png,B,1,16,32,0.4,0.26,0.38
FRS_setB_posA_040_posB_026_posC_038_record_001_frame_17.png,B,1,17,34,0.4,0.26,0.38
FRS_setB_posA_040_posB_026_posC_038_record_001_frame_18.png,B,1,18,36,0.4,0.26,0.38
FRS_setB_posA_040_posB_026_posC_038_record_001_frame_19.png,B,1,19,38,0.4,0.26,0.38
FRS_setB_posA_041_posB_027_posC_038_record_002_frame_00.png,B,2,0,0,0.41,0.27,0.38
FRS_setB_posA_041_posB_027_posC_038_record_002_frame_01.png,B,2,1,2,0.41,0.27,0.38
FRS_setB_posA_041_posB_027_posC_038_record_002_frame_02.png,B,2,2,4,0.41,0.27,0.38
FRS_setB_posA_041_posB_027_posC_038_record_002_frame_03.png,B,2,3,6,0.41,0.27,0.38
FRS_setB_posA_041_posB_027_posC_038_record_002_frame_04.png,B,2,4,8,0.41,0.27,0.38
FRS_setB_posA_041_posB_027_posC_038_record_002_frame_05.png,B,2,5,10,0.41,0.27,0.38
FRS_setB_posA_041_posB_027_posC_038_record_002_frame_06.png,B,2,6,12,0.41,0.27,0.38
FRS_setB_posA_041_posB_027_posC_038_record_002_frame_07.png,B,2,7,14,0.41,0.27,0.38
FRS_setB_posA_041_posB_027_posC_038_record_002_frame_08.png,B,2,8,16,0.41,0.27,0.38
FRS_setB_posA_041_posB_027_posC_038_record_002_frame_09.png,B,2,9,18,0.41,0.27,0.38
FRS_setB_posA_041_posB_027_posC_038_record_002_frame_10.png,B,2,10,20,0.41,0.27,0.38
FRS_setB_posA_041_posB_027_posC_038_record_002_frame_11.png,B,2,11,22,0.41,0.27,0.38
FRS_setB_posA_041_posB_027_posC_038_record_002_frame_12.png,B,2,12,24,0.41,0.27,0.38
FRS_setB_posA_041_posB_027_posC_038_record_002_frame_13.png,B,2,13,26,0.41,0.27,0.38
FRS_setB_posA_041_posB_027_posC_038_record_002_frame_14.png,B,2,14,28,0.41,0.27,0.38
FRS_setB_posA_041_posB_027_posC_038_record_002_frame_15.png,B,2,15,30,0.41,0.27,0.38
FRS_setB_posA_041_posB_027_posC_038_record_002_frame_16.png,B,2,16,32,0.41,0.27,0.38
FRS_setB_posA_041_posB_027_posC_038_record_002_frame_17.png,B,2,17,34,0.41,0.27,0.38
FRS_setB_posA_041_posB_027_posC_038_record_002_frame_18.png,B,2,18,36,0.41,0.27,0.38
FRS_setB_posA_041_posB_027_posC_038_record_002_frame_19.png,B,2,19,38,0.41,0.27,0.38
FRS_setB_posA_041_posB_027_posC_039_record_003_frame_00.png,B,3,0,0,0.41,0.27,0.39
FRS_setB_posA_041_posB_027_posC_039_record_003_frame_01.png,B,3,1,2,0.41,0.27,0.39
FRS_setB_posA_041_posB_027_posC_039_record_003_frame_02.png,B,3,2,4,0.41,0.27,0.39
FRS_setB_posA_041_posB_027_posC_039_record_003_frame_03.png,B,3,3,6,0.41,0.27,0.39
FRS_setB_posA_041_posB_027_posC_039_record_003_frame_04.png,B,3,4,8,0.41,0.27,0.39
FRS_setB_posA_041_posB_027_posC_039_record_003_frame_05.png,B,3,5,10,0.41,0.27,0.39
FRS_setB_posA_041_posB_027_posC_039_record_003_frame_06.png,B,3,6,12,0.41,0.27,0.39
FRS_setB_posA_041_posB_027_posC_039_record_003_frame_07.png,B,3,7,14,0.41,0.27,0.39
FRS_setB_posA_041_posB_027_posC_039_record_003_frame_08.png,B,3,8,16,0.41,0.27,0.39
FRS_setB_posA_041_posB_027_posC_039_record_003_frame_09.png,B,3,9,18,0.41,0.27,0.39
FRS_setB_posA_041_posB_027_posC_039_record_003_frame_10.png,B,3,10,20,0.41,0.27,0.39
FRS_setB_posA_041_posB_027_posC_039_record_003_frame_11.png,B,3,11,22,0.41,0.27,0.39
FRS_setB_posA_041_posB_027_posC_039_record_003_frame_12.png,B,3,12,24,0.41,0.27,0.39
FRS_setB_posA_041_posB_027_posC_039_record_003_frame_13.png,B,3,13,26,0.41,0.27,0.39
FRS_setB_posA_041_posB_027_posC_039_record_003_frame_14.png,B,3,14,28,0.41,0.27,0.39
FRS_setB_posA_041_posB_027_posC_039_record_003_frame_15.png,B,3,15,30,0.41,0.27,0.39
FRS_setB_posA_041_posB_027_posC_039_record_003_frame_16.png,B,3,16,32,0.41,0.27,0.39
FRS_setB_posA_041_posB_027_posC_039_record_003_frame_17.png,B,3,17,34,0.41,0.27,0.39
FRS_setB_posA_041_posB_027_posC_039_record_003_frame_18.png,B,3,18,36,0.41,0.27,0.39
FRS_setB_posA_041_posB_027_posC_039_record_003_frame_19.png,B,3,19,38,0.41,0.27,0.39
FRS_setB_posA_042_posB_027_posC_039_record_004_frame_00.png,B,4,0,0,0.42,0.27,0.39
FRS_setB_posA_042_posB_027_posC_039_record_004_frame_01.png,B,4,1,2,0.42,0.27,0.39
FRS_setB_posA_042_posB_027_posC_039_record_004_frame_02.png,B,4,2,4,0.42,0.27,0.39
FRS_setB_posA_042_posB_027_posC_039_record_004_frame_03.png,B,4,3,6,0.42,0.27,0.39
FRS_setB_posA_042_posB_027_posC_039_record_004_frame_04.png,B,4,4,8,0.42,0.27,0.39
FRS_setB_posA_042_posB_027_posC_039_record_004_frame_05.png,B,4,5,10,0.42,0.27,0.39
FRS_setB_posA_042_posB_027_posC_039_record_004_frame_06.png,B,4,6,12,0.42,0.27,0.39
FRS_setB_posA_042_posB_027_posC_039_record_004_frame_07.png,B,4,7,14,0.42,0.27,0.39
FRS_setB_posA_042_posB_027_posC_039_record_004_frame_08.png,B,4,8,16,0.42,0.27,0.39
FRS_setB_posA_042_posB_027_posC_039_record_004_frame_09.png,B,4,9,18,0.42,0.27,0.39
FRS_setB_posA_042_posB_027_posC_039_record_004_frame_10.png,B,4,10,20,0.42,0.27,0.39
FRS_setB_posA_042_posB_027_posC_039_record_004_frame_11.png,B,4,11,22,0.42,0.27,0.39
FRS_setB_posA_042_posB_027_posC_039_record_004_frame_12.png,B,4,12,24,0.42,0.27,0.39
FRS_setB_posA_042_posB_027_posC_039_record_004_frame_13.png,B,4,13,26,0.42,0.27,0.39
FRS_setB_posA_042_posB_027_posC_039_record_004_frame_14.png,B,4,14,28,0.42,0.27,0.39
FRS_setB_posA_042_posB_027_posC_039_record_004_frame_15.png,B,4,15,30,0.42,0.27,0.39
FRS_setB_posA_042_posB_027_posC_039_record_004_frame_16.png,B,4,16,32,0.42,0.27,0.39
FRS_setB_posA_042_posB_027_posC_039_record_004_frame_17.png,B,4,17,34,0.42,0.27,0.39
FRS_setB_posA_042_posB_027_posC_039_record_004_frame_18.png,B,4,18,36,0.42,0.27,0.39
FRS_setB_posA_042_posB_027_posC_039_record_004_frame_19.png,B,4,19,38,0.42,0.27,0.39
FRS_setB_posA_042_posB_028_posC_039_record_005_frame_00.png,B,5,0,0,0.42,0.28,0.39
FRS_setB_posA_042_posB_028_posC_039_record_005_frame_01.png,B,5,1,2,0.42,0.28,0.39
FRS_setB_posA_042_posB_028_posC_039_record_005_frame_02.png,B,5,2,4,0.42,0.28,0.39
FRS_setB_posA_042_posB_028_posC_039_record_005_frame_03.png,B,5,3,6,0.42,0.28,0.39
FRS_setB_posA_042_posB_028_posC_039_record_005_frame_04.png,B,5,4,8,0.42,0.28,0.39
FRS_setB_posA_042_posB_028_posC_039_record_005_frame_05.png,B,5,5,10,0.42,0.28,0.39
FRS_setB_posA_042_posB_028_posC_039_record_005_frame_06.png,B,5,6,12,0.42,0.28,0.39
FRS_setB_posA_042_posB_028_posC_039_record_005_frame_07.png,B,5,7,14,0.42,0.28,0.39
FRS_setB_posA_042_posB_028_posC_039_record_005_frame_08.png,B,5,8,16,0.42,0.28,0.39
FRS_setB_posA_042_posB_028_posC_039_record_005_frame_09.png,B,5,9,18,0.42,0.28,0.39
FRS_setB_posA_042_posB_028_posC_039_record_005_frame_10.png,B,5,10,20,0.42,0.28,0.39
FRS_setB_posA_042_posB_028_posC_039_record_005_frame_11.png,B,5,11,22,0.42,0.28,0.39
FRS_setB_posA_042_posB_028_posC_039_record_005_frame_12.png,B,5,12,24,0.42,0.28,0.39
FRS_setB_posA_042_posB_028_posC_039_record_005_frame_13.png,B,5,13,26,0.42,0.28,0.39
FRS_setB_posA_042_posB_028_posC_039_record_005_frame_14.png,B,5,14,28,0.42,0.28,0.39
FRS_setB_posA_042_posB_028_posC_039_record_005_frame_15.png,B,5,15,30,0.42,0.28,0.39
FRS_setB_posA_042_posB_028_posC_039_record_005_frame_16.png,B,5,16,32,0.42,0.28,0.39
FRS_setB_posA_042_posB_028_posC_039_record_005_frame_17.png,B,5,17,34,0.42,0.28,0.39
FRS_setB_posA_042_posB_028_posC_039_record_005_frame_18.png,B,5,18,36,0.42,0.28,0.39
FRS_setB_posA_042_posB_028_posC_039_record_005_frame_19.png,B,5,19,38,0.42,0.28,0.39
FRS_setB_posA_043_posB_028_posC_039_record_006_frame_00.png,B,6,0,0,0.43,0.28,0.39
FRS_setB_posA_043_posB_028_posC_039_record_006_frame_01.png,B,6,1,2,0.43,0.28,0.39
FRS_setB_posA_043_posB_028_posC_039_record_006_frame_02.png,B,6,2,4,0.43,0.28,0.39
FRS_setB_posA_043_posB_028_posC_039_record_006_frame_03.png,B,6,3,6,0.43,0.28,0.39
FRS_setB_posA_043_posB_028_posC_039_record_006_frame_04.png,B,6,4,8,0.43,0.28,0.39
FRS_setB_posA_043_posB_028_posC_039_record_006_frame_05.png,B,6,5,10,0.43,0.28,0.39
FRS_setB_posA_043_posB_028_posC_039_record_006_frame_06.png,B,6,6,12,0.43,0.28,0.39
FRS_setB_posA_043_posB_028_posC_039_record_006_frame_07.png,B,6,7,14,0.43,0.28,0.39
FRS_setB_posA_043_posB_028_posC_039_record_006_frame_08.png,B,6,8,16,0.43,0.28,0.39
FRS_setB_posA_043_posB_028_posC_039_record_006_frame_09.png,B,6,9,18,0.43,0.28,0.39
FRS_setB_posA_043_posB_028_posC_039_record_006_frame_10.png,B,6,10,20,0.43,0.28,0.39
FRS_setB_posA_043_posB_028_posC_039_record_006_frame_11.png,B,6,11,22,0.43,0.28,0.39
FRS_setB_posA_043_posB_028_posC_039_record_006_frame_12.png,B,6,12,24,0.43,0.28,0.39
FRS_setB_posA_043_posB_028_posC_039_record_006_frame_13.png,B,6,13,26,0.43,0.28,0.39
FRS_setB_posA_043_posB_028_posC_039_record_006_frame_14.png,B,6,14,28,0.43,0.28,0.39
FRS_setB_posA_043_posB_028_posC_039_record_006_frame_15.png,B,6,15,30,0.43,0.28,0.39
FRS_setB_posA_043_posB_028_posC_039_record_006_frame_16.png,B,6,16,32,0.43,0.28,0.39
FRS_setB_posA_043_posB_028_posC_039_record_006_frame_17.png,B,6,17,34,0.43,0.28,0.39
FRS_setB_posA_043_posB_028_posC_039_record_006_frame_18.png,B,6,18,36,0.43,0.28,0.39
FRS_setB_posA_043_posB_028_posC_039_record_006_frame_19.png,B,6,19,38,0.43,0.28,0.39
FRS_setB_posA_044_posB_029_posC_040_record_007_frame_00.png,B,7,0,0,0.44,0.29,0.4
FRS_setB_posA_044_posB_029_posC_040_record_007_frame_01.png,B,7,1,2,0.44,0.29,0.4
FRS_setB_posA_044_posB_029_posC_040_record_007_frame_02.png,B,7,2,4,0.44,0.29,0.4
FRS_setB_posA_044_posB_029_posC_040_record_007_frame_03.png,B,7,3,6,0.44,0.29,0.4
FRS_setB_posA_044_posB_029_posC_040_record_007_frame_04.png,B,7,4,8,0.44,0.29,0.4
FRS_setB_posA_044_posB_029_posC_040_record_007_frame_05.png,B,7,5,10,0.44,0.29,0.4
FRS_setB_posA_044_posB_029_posC_040_record_007_frame_06.png,B,7,6,12,0.44,0.29,0.4
FRS_setB_posA_044_posB_029_posC_040_record_007_frame_07.png,B,7,7,14,0.44,0.29,0.4
FRS_setB_posA_044_posB_029_posC_040_record_007_frame_08.png,B,7,8,16,0.44,0.29,0.4
FRS_setB_posA_044_posB_029_posC_040_record_007_frame_09.png,B,7,9,18,0.44,0.29,0.4
FRS_setB_posA_044_posB_029_posC_040_record_007_frame_10.png,B,7,10,20,0.44,0.29,0.4
FRS_setB_posA_044_posB_029_posC_040_record_007_frame_11.png,B,7,11,22,0.44,0.29,0.4
FRS_setB_posA_044_posB_029_posC_040_record_007_frame_12.png,B,7,12,24,0.44,0.29,0.4
FRS_setB_posA_044_posB_029_posC_040_record_007_frame_13.png,B,7,13,26,0.44,0.29,0.4
FRS_setB_posA_044_posB_029_posC_040_record_007_frame_14.png,B,7,14,28,0.44,0.29,0.4
FRS_setB_posA_044_posB_029_posC_040_record_007_frame_15.png,B,7,15,30,0.44,0.29,0.4
FRS_setB_posA_044_posB_029_posC_040_record_007_frame_16.png,B,7,16,32,0.44,0.29,0.4
FRS_setB_posA_044_posB_029_posC_040_record_007_frame_17.png,B,7,17,34,0.44,0.29,0.4
FRS_setB_posA_044_posB_029_posC_040_record_007_frame_18.png,B,7,18,36,0.44,0.29,0.4
FRS_setB_posA_044_posB_029_posC_040_record_007_frame_19.png,B,7,19,38,0.44,0.29,0.4
FRS_setB_posA_045_posB_029_posC_040_record_008_frame_00.png,B,8,0,0,0.45,0.29,0.4
FRS_setB_posA_045_posB_029_posC_040_record_008_frame_01.png,B,8,1,2,0.45,0.29,0.4
FRS_setB_posA_045_posB_029_posC_040_record_008_frame_02.png,B,8,2,4,0.45,0.29,0.4
FRS_setB_posA_045_posB_029_posC_040_record_008_frame_03.png,B,8,3,6,0.45,0.29,0.4
FRS_setB_posA_045_posB_029_posC_040_record_008_frame_04.png,B,8,4,8,0.45,0.29,0.4
FRS_setB_posA_045_posB_029_posC_040_record_008_frame_05.png,B,8,5,10,0.45,0.29,0.4
FRS_setB_posA_045_posB_029_posC_040_record_008_frame_06.png,B,8,6,12,0.45,0.29,0.4
FRS_setB_posA_045_posB_029_posC_040_record_008_frame_07.png,B,8,7,14,0.45,0.29,0.4
FRS_setB_posA_045_posB_029_posC_040_record_008_frame_08.png,B,8,8,16,0.45,0.29,0.4
FRS_setB_posA_045_posB_029_posC_040_record_008_frame_09.png,B,8,9,18,0.45,0.29,0.4
FRS_setB_posA_045_posB_029_posC_040_record_008_frame_10.png,B,8,10,20,0.45,0.29,0.4
FRS_setB_posA_045_posB_029_posC_040_record_008_frame_11.png,B,8,11,22,0.45,0.29,0.4
FRS_setB_posA_045_posB_029_posC_040_record_008_frame_12.png,B,8,12,24,0.45,0.29,0.4
FRS_setB_posA_045_posB_029_posC_040_record_008_frame_13.png,B,8,13,26,0.45,0.29,0.4
FRS_setB_posA_045_posB_029_posC_040_record_008_frame_14.png,B,8,14,28,0.45,0.29,0.4
FRS_setB_posA_045_posB_029_posC_040_record_008_frame_15.png,B,8,15,30,0.45,0.29,0.4
FRS_setB_posA_045_posB_029_posC_040_record_008_frame_16.png,B,8,16,32,0.45,0.29,0.4
FRS_setB_posA_045_posB_029_posC_040_record_008_frame_17.png,B,8,17,34,0.45,0.29,0.4
FRS_setB_posA_045_posB_029_posC_040_record_008_frame_18.png,B,8,18,36,0.45,0.29,0.4
FRS_setB_posA_045_posB_029_posC_040_record_008_frame_19.png,B,8,19,38,0.45,0.29,0.4
FRS_setB_posA_045_posB_030_posC_041_record_009_frame_00.png,B,9,0,0,0.45,0.3,0.41
FRS_setB_posA_045_posB_030_posC_041_record_009_frame_01.png,B,9,1,2,0.45,0.3,0.41
FRS_setB_posA_045_posB_030_posC_041_record_009_frame_02.png,B,9,2,4,0.45,0.3,0.41
FRS_setB_posA_045_posB_030_posC_041_record_009_frame_03.png,B,9,3,6,0.45,0.3,0.41
FRS_setB_posA_045_posB_030_posC_041_record_009_frame_04.png,B,9,4,8,0.45,0.3,0.41
FRS_setB_posA_045_posB_030_posC_041_record_009_frame_05.png,B,9,5,10,0.45,0.3,0.41
FRS_setB_posA_045_posB_030_posC_041_record_009_frame_06.png,B,9,6,12,0.45,0.3,0.41
FRS_setB_posA_045_posB_030_posC_041_record_009_frame_07.png,B,9,7,14,0.45,0.3,0.41
FRS_setB_posA_045_posB_030_posC_041_record_009_frame_08.png,B,9,8,16,0.45,0.3,0.41
FRS_setB_posA_045_posB_030_posC_041_record_009_frame_09.png,B,9,9,18,0.45,0.3,0.41
FRS_setB_posA_045_posB_030_posC_041_record_009_frame_10.png,B,9,10,20,0.45,0.3,0.41
FRS_setB_posA_045_posB_030_posC_041_record_009_frame_11.png,B,9,11,22,0.45,0.3,0.41
FRS_setB_posA_045_posB_030_posC_041_record_009_frame_12.png,B,9,12,24,0.45,0.3,0.41
FRS_setB_posA_045_posB_030_posC_041_record_009_frame_13.png,B,9,13,26,0.45,0.3,0.41
FRS_setB_posA_045_posB_030_posC_041_record_009_frame_14.png,B,9,14,28,0.45,0.3,0.41
FRS_setB_posA_045_posB_030_posC_041_record_009_frame_15.png,B,9,15,30,0.45,0.3,0.41
FRS_setB_posA_045_posB_030_posC_041_record_009_frame_16.png,B,9,16,32,0.45,0.3,0.41
FRS_setB_posA_045_posB_030_posC_041_record_009_frame_17.png,B,9,17,34,0.45,0.3,0.41
FRS_setB_posA_045_posB_030_posC_041_record_009_frame_18.png,B,9,18,36,0.45,0.3,0.41
FRS_setB_posA_045_posB_030_posC_041_record_009_frame_19.png,B,9,19,38,0.45,0.3,0.41
FRS_setB_posA_047_posB_031_posC_041_record_010_frame_00.png,B,10,0,0,0.47,0.31,0.41
FRS_setB_posA_047_posB_031_posC_041_record_010_frame_01.png,B,10,1,2,0.47,0.31,0.41
FRS_setB_posA_047_posB_031_posC_041_record_010_frame_02.png,B,10,2,4,0.47,0.31,0.41
FRS_setB_posA_047_posB_031_posC_041_record_010_frame_03.png,B,10,3,6,0.47,0.31,0.41
FRS_setB_posA_047_posB_031_posC_041_record_010_frame_04.png,B,10,4,8,0.47,0.31,0.41
FRS_setB_posA_047_posB_031_posC_041_record_010_frame_05.png,B,10,5,10,0.47,0.31,0.41
FRS_setB_posA_047_posB_031_posC_041_record_010_frame_06.png,B,10,6,12,0.47,0.31,0.41
FRS_setB_posA_047_posB_031_posC_041_record_010_frame_07.png,B,10,7,14,0.47,0.31,0.41
FRS_setB_posA_047_posB_031_posC_041_record_010_frame_08.png,B,10,8,16,0.47,0.31,0.41
FRS_setB_posA_047_posB_031_posC_041_record_010_frame_09.png,B,10,9,18,0.47,0.31,0.41
FRS_setB_posA_047_posB_031_posC_041_record_010_frame_10.png,B,10,10,20,0.47,0.31,0.41
FRS_setB_posA_047_posB_031_posC_041_record_010_frame_11.png,B,10,11,22,0.47,0.31,0.41
FRS_setB_posA_047_posB_031_posC_041_record_010_frame_12.png,B,10,12,24,0.47,0.31,0.41
FRS_setB_posA_047_posB_031_posC_041_record_010_frame_13.png,B,10,13,26,0.47,0.31,0.41
FRS_setB_posA_047_posB_031_posC_041_record_010_frame_14.png,B,10,14,28,0.47,0.31,0.41
FRS_setB_posA_047_posB_031_posC_041_record_010_frame_15.png,B,10,15,30,0.47,0.31,0.41
FRS_setB_posA_047_posB_031_posC_041_record_010_frame_16.png,B,10,16,32,0.47,0.31,0.41
FRS_setB_posA_047_posB_031_posC_041_record_010_frame_17.png,B,10,17,34,0.47,0.31,0.41
FRS_setB_posA_047_posB_031_posC_041_record_010_frame_18.png,B,10,18,36,0.47,0.31,0.41
FRS_setB_posA_047_posB_031_posC_041_record_010_frame_19.png,B,10,19,38,0.47,0.31,0.41
FRS_setB_posA_047_posB_031_posC_042_record_011_frame_00.png,B,11,0,0,0.47,0.31,0.42
FRS_setB_posA_047_posB_031_posC_042_record_011_frame_01.png,B,11,1,2,0.47,0.31,0.42
FRS_setB_posA_047_posB_031_posC_042_record_011_frame_02.png,B,11,2,4,0.47,0.31,0.42
FRS_setB_posA_047_posB_031_posC_042_record_011_frame_03.png,B,11,3,6,0.47,0.31,0.42
FRS_setB_posA_047_posB_031_posC_042_record_011_frame_04.png,B,11,4,8,0.47,0.31,0.42
FRS_setB_posA_047_posB_031_posC_042_record_011_frame_05.png,B,11,5,10,0.47,0.31,0.42
FRS_setB_posA_047_posB_031_posC_042_record_011_frame_06.png,B,11,6,12,0.47,0.31,0.42
FRS_setB_posA_047_posB_031_posC_042_record_011_frame_07.png,B,11,7,14,0.47,0.31,0.42
FRS_setB_posA_047_posB_031_posC_042_record_011_frame_08.png,B,11,8,16,0.47,0.31,0.42
FRS_setB_posA_047_posB_031_posC_042_record_011_frame_09.png,B,11,9,18,0.47,0.31,0.42
FRS_setB_posA_047_posB_031_posC_042_record_011_frame_10.png,B,11,10,20,0.47,0.31,0.42
FRS_setB_posA_047_posB_031_posC_042_record_011_frame_11.png,B,11,11,22,0.47,0.31,0.42
FRS_setB_posA_047_posB_031_posC_042_record_011_frame_12.png,B,11,12,24,0.47,0.31,0.42
FRS_setB_posA_047_posB_031_posC_042_record_011_frame_13.png,B,11,13,26,0.47,0.31,0.42
FRS_setB_posA_047_posB_031_posC_042_record_011_frame_14.png,B,11,14,28,0.47,0.31,0.42
FRS_setB_posA_047_posB_031_posC_042_record_011_frame_15.png,B,11,15,30,0.47,0.31,0.42
FRS_setB_posA_047_posB_031_posC_042_record_011_frame_16.png,B,11,16,32,0.47,0.31,0.42
FRS_setB_posA_047_posB_031_posC_042_record_011_frame_17.png,B,11,17,34,0.47,0.31,0.42
FRS_setB_posA_047_posB_031_posC_042_record_011_frame_18.png,B,11,18,36,0.47,0.31,0.42
FRS_setB_posA_047_posB_031_posC_042_record_011_frame_19.png,B,11,19,38,0.47,0.31,0.42
FRS_setB_posA_048_posB_032_posC_042_record_012_frame_00.png,B,12,0,0,0.48,0.32,0.42
FRS_setB_posA_048_posB_032_posC_042_record_012_frame_01.png,B,12,1,2,0.48,0.32,0.42
FRS_setB_posA_048_posB_032_posC_042_record_012_frame_02.png,B,12,2,4,0.48,0.32,0.42
FRS_setB_posA_048_posB_032_posC_042_record_012_frame_03.png,B,12,3,6,0.48,0.32,0.42
FRS_setB_posA_048_posB_032_posC_042_record_012_frame_04.png,B,12,4,8,0.48,0.32,0.42
FRS_setB_posA_048_posB_032_posC_042_record_012_frame_05.png,B,12,5,10,0.48,0.32,0.42
FRS_setB_posA_048_posB_032_posC_042_record_012_frame_06.png,B,12,6,12,0.48,0.32,0.42
FRS_setB_posA_048_posB_032_posC_042_record_012_frame_07.png,B,12,7,14,0.48,0.32,0.42
FRS_setB_posA_048_posB_032_posC_042_record_012_frame_08.png,B,12,8,16,0.48,0.32,0.42
FRS_setB_posA_048_posB_032_posC_042_record_012_frame_09.png,B,12,9,18,0.48,0.32,0.42
FRS_setB_posA_048_posB_032_posC_042_record_012_frame_10.png,B,12,10,20,0.48,0.32,0.42
FRS_setB_posA_048_posB_032_posC_042_record_012_frame_11.png,B,12,11,22,0.48,0.32,0.42
FRS_setB_posA_048_posB_032_posC_042_record_012_frame_12.png,B,12,12,24,0.48,0.32,0.42
FRS_setB_posA_048_posB_032_posC_042_record_012_frame_13.png,B,12,13,26,0.48,0.32,0.42
FRS_setB_posA_048_posB_032_posC_042_record_012_frame_14.png,B,12,14,28,0.48,0.32,0.42
FRS_setB_posA_048_posB_032_posC_042_record_012_frame_15.png,B,12,15,30,0.48,0.32,0.42
FRS_setB_posA_048_posB_032_posC_042_record_012_frame_16.png,B,12,16,32,0.48,0.32,0.42
FRS_setB_posA_048_posB_032_posC_042_record_012_frame_17.png,B,12,17,34,0.48,0.32,0.42
FRS_setB_posA_048_posB_032_posC_042_record_012_frame_18.png,B,12,18,36,0.48,0.32,0.42
FRS_setB_posA_048_posB_032_posC_042_record_012_frame_19.png,B,12,19,38,0.48,0.32,0.42
FRS_setB_posA_049_posB_032_posC_042_record_013_frame_00.png,B,13,0,0,0.49,0.32,0.42
FRS_setB_posA_049_posB_032_posC_042_record_013_frame_01.png,B,13,1,2,0.49,0.32,0.42
FRS_setB_posA_049_posB_032_posC_042_record_013_frame_02.png,B,13,2,4,0.49,0.32,0.42
FRS_setB_posA_049_posB_032_posC_042_record_013_frame_03.png,B,13,3,6,0.49,0.32,0.42
FRS_setB_posA_049_posB_032_posC_042_record_013_frame_04.png,B,13,4,8,0.49,0.32,0.42
FRS_setB_posA_049_posB_032_posC_042_record_013_frame_05.png,B,13,5,10,0.49,0.32,0.42
FRS_setB_posA_049_posB_032_posC_042_record_013_frame_06.png,B,13,6,12,0.49,0.32,0.42
FRS_setB_posA_049_posB_032_posC_042_record_013_frame_07.png,B,13,7,14,0.49,0.32,0.42
FRS_setB_posA_049_posB_032_posC_042_record_013_frame_08.png,B,13,8,16,0.49,0.32,0.42
FRS_setB_posA_049_posB_032_posC_042_record_013_frame_09.png,B,13,9,18,0.49,0.32,0.42
FRS_setB_posA_049_posB_032_posC_042_record_013_frame_10.png,B,13,10,20,0.49,0.32,0.42
FRS_setB_posA_049_posB_032_posC_042_record_013_frame_11.png,B,13,11,22,0.49,0.32,0.42
FRS_setB_posA_049_posB_032_posC_042_record_013_frame_12.png,B,13,12,24,0.49,0.32,0.42
FRS_setB_posA_049_posB_032_posC_042_record_013_frame_13.png,B,13,13,26,0.49,0.32,0.42
FRS_setB_posA_049_posB_032_posC_042_record_013_frame_14.png,B,13,14,28,0.49,0.32,0.42
FRS_setB_posA_049_posB_032_posC_042_record_013_frame_15.png,B,13,15,30,0.49,0.32,0.42
FRS_setB_posA_049_posB_032_posC_042_record_013_frame_16.png,B,13,16,32,0.49,0.32,0.42
FRS_setB_posA_049_posB_032_posC_042_record_013_frame_17.png,B,13,17,34,0.49,0.32,0.42
FRS_setB_posA_049_posB_032_posC_042_record_013_frame_18.png,B,13,18,36,0.49,0.32,0.42
FRS_setB_posA_049_posB_032_posC_042_record_013_frame_19.png,B,13,19,38,0.49,0.32,0.42
FRS_setB_posA_049_posB_032_posC_042_record_014_frame_00.png,B,14,0,0,0.49,0.32,0.42
FRS_setB_posA_049_posB_032_posC_042_record_014_frame_01.png,B,14,1,2,0.49,0.32,0.42
FRS_setB_posA_049_posB_032_posC_042_record_014_frame_02.png,B,14,2,4,0.49,0.32,0.42
FRS_setB_posA_049_posB_032_posC_042_record_014_frame_03.png,B,14,3,6,0.49,0.32,0.42
FRS_setB_posA_049_posB_032_posC_042_record_014_frame_04.png,B,14,4,8,0.49,0.32,0.42
FRS_setB_posA_049_posB_032_posC_042_record_014_frame_05.png,B,14,5,10,0.49,0.32,0.42
FRS_setB_posA_049_posB_032_posC_042_record_014_frame_06.png,B,14,6,12,0.49,0.32,0.42
FRS_setB_posA_049_posB_032_posC_042_record_014_frame_07.png,B,14,7,14,0.49,0.32,0.42
FRS_setB_posA_049_posB_032_posC_042_record_014_frame_08.png,B,14,8,16,0.49,0.32,0.42
FRS_setB_posA_049_posB_032_posC_042_record_014_frame_09.png,B,14,9,18,0.49,0.32,0.42
FRS_setB_posA_049_posB_032_posC_042_record_014_frame_10.png,B,14,10,20,0.49,0.32,0.42
FRS_setB_posA_049_posB_032_posC_042_record_014_frame_11.png,B,14,11,22,0.49,0.32,0.42
FRS_setB_posA_049_posB_032_posC_042_record_014_frame_12.png,B,14,12,24,0.49,0.32,0.42
FRS_setB_posA_049_posB_032_posC_042_record_014_frame_13.png,B,14,13,26,0.49,0.32,0.42
FRS_setB_posA_049_posB_032_posC_042_record_014_frame_14.png,B,14,14,28,0.49,0.32,0.42
FRS_setB_posA_049_posB_032_posC_042_record_014_frame_15.png,B,14,15,30,0.49,0.32,0.42
FRS_setB_posA_049_posB_032_posC_042_record_014_frame_16.png,B,14,16,32,0.49,0.32,0.42
FRS_setB_posA_049_posB_032_posC_042_record_014_frame_17.png,B,14,17,34,0.49,0.32,0.42
FRS_setB_posA_049_posB_032_posC_042_record_014_frame_18.png,B,14,18,36,0.49,0.32,0.42
FRS_setB_posA_049_posB_032_posC_042_record_014_frame_19.png,B,14,19,38,0.49,0.32,0.42
FRS_setB_posA_050_posB_033_posC_042_record_015_frame_00.png,B,15,0,0,0.5,0.33,0.42
FRS_setB_posA_050_posB_033_posC_042_record_015_frame_01.png,B,15,1,2,0.5,0.33,0.42
FRS_setB_posA_050_posB_033_posC_042_record_015_frame_02.png,B,15,2,4,0.5,0.33,0.42
FRS_setB_posA_050_posB_033_posC_042_record_015_frame_03.png,B,15,3,6,0.5,0.33,0.42
FRS_setB_posA_050_posB_033_posC_042_record_015_frame_04.png,B,15,4,8,0.5,0.33,0.42
FRS_setB_posA_050_posB_033_posC_042_record_015_frame_05.png,B,15,5,10,0.5,0.33,0.42
FRS_setB_posA_050_posB_033_posC_042_record_015_frame_06.png,B,15,6,12,0.5,0.33,0.42
FRS_setB_posA_050_posB_033_posC_042_record_015_frame_07.png,B,15,7,14,0.5,0.33,0.42
FRS_setB_posA_050_posB_033_posC_042_record_015_frame_08.png,B,15,8,16,0.5,0.33,0.42
FRS_setB_posA_050_posB_033_posC_042_record_015_frame_09.png,B,15,9,18,0.5,0.33,0.42
FRS_setB_posA_050_posB_033_posC_042_record_015_frame_10.png,B,15,10,20,0.5,0.33,0.42
FRS_setB_posA_050_posB_033_posC_042_record_015_frame_11.png,B,15,11,22,0.5,0.33,0.42
FRS_setB_posA_050_posB_033_posC_042_record_015_frame_12.png,B,15,12,24,0.5,0.33,0.42
FRS_setB_posA_050_posB_033_posC_042_record_015_frame_13.png,B,15,13,26,0.5,0.33,0.42
FRS_setB_posA_050_posB_033_posC_042_record_015_frame_14.png,B,15,14,28,0.5,0.33,0.42
FRS_setB_posA_050_posB_033_posC_042_record_015_frame_15.png,B,15,15,30,0.5,0.33,0.42
FRS_setB_posA_050_posB_033_posC_042_record_015_frame_16.png,B,15,16,32,0.5,0.33,0.42
FRS_setB_posA_050_posB_033_posC_042_record_015_frame_17.png,B,15,17,34,0.5,0.33,0.42
FRS_setB_posA_050_posB_033_posC_042_record_015_frame_18.png,B,15,18,36,0.5,0.33,0.42
FRS_setB_posA_050_posB_033_posC_042_record_015_frame_19.png,B,15,19,38,0.5,0.33,0.42
FRS_setB_posA_051_posB_033_posC_043_record_016_frame_00.png,B,16,0,0,0.51,0.33,0.43
FRS_setB_posA_051_posB_033_posC_043_record_016_frame_01.png,B,16,1,2,0.51,0.33,0.43
FRS_setB_posA_051_posB_033_posC_043_record_016_frame_02.png,B,16,2,4,0.51,0.33,0.43
FRS_setB_posA_051_posB_033_posC_043_record_016_frame_03.png,B,16,3,6,0.51,0.33,0.43
FRS_setB_posA_051_posB_033_posC_043_record_016_frame_04.png,B,16,4,8,0.51,0.33,0.43
FRS_setB_posA_051_posB_033_posC_043_record_016_frame_05.png,B,16,5,10,0.51,0.33,0.43
FRS_setB_posA_051_posB_033_posC_043_record_016_frame_06.png,B,16,6,12,0.51,0.33,0.43
FRS_setB_posA_051_posB_033_posC_043_record_016_frame_07.png,B,16,7,14,0.51,0.33,0.43
FRS_setB_posA_051_posB_033_posC_043_record_016_frame_08.png,B,16,8,16,0.51,0.33,0.43
FRS_setB_posA_051_posB_033_posC_043_record_016_frame_09.png,B,16,9,18,0.51,0.33,0.43
FRS_setB_posA_051_posB_033_posC_043_record_016_frame_10.png,B,16,10,20,0.51,0.33,0.43
FRS_setB_posA_051_posB_033_posC_043_record_016_frame_11.png,B,16,11,22,0.51,0.33,0.43
FRS_setB_posA_051_posB_033_posC_043_record_016_frame_12.png,B,16,12,24,0.51,0.33,0.43
FRS_setB_posA_051_posB_033_posC_043_record_016_frame_13.png,B,16,13,26,0.51,0.33,0.43
FRS_setB_posA_051_posB_033_posC_043_record_016_frame_14.png,B,16,14,28,0.51,0.33,0.43
FRS_setB_posA_051_posB_033_posC_043_record_016_frame_15.png,B,16,15,30,0.51,0.33,0.43
FRS_setB_posA_051_posB_033_posC_043_record_016_frame_16.png,B,16,16,32,0.51,0.33,0.43
FRS_setB_posA_051_posB_033_posC_043_record_016_frame_17.png,B,16,17,34,0.51,0.33,0.43
FRS_setB_posA_051_posB_033_posC_043_record_016_frame_18.png,B,16,18,36,0.51,0.33,0.43
FRS_setB_posA_051_posB_033_posC_043_record_016_frame_19.png,B,16,19,38,0.51,0.33,0.43
FRS_setB_posA_051_posB_034_posC_043_record_017_frame_00.png,B,17,0,0,0.51,0.34,0.43
FRS_setB_posA_051_posB_034_posC_043_record_017_frame_01.png,B,17,1,2,0.51,0.34,0.43
FRS_setB_posA_051_posB_034_posC_043_record_017_frame_02.png,B,17,2,4,0.51,0.34,0.43
FRS_setB_posA_051_posB_034_posC_043_record_017_frame_03.png,B,17,3,6,0.51,0.34,0.43
FRS_setB_posA_051_posB_034_posC_043_record_017_frame_04.png,B,17,4,8,0.51,0.34,0.43
FRS_setB_posA_051_posB_034_posC_043_record_017_frame_05.png,B,17,5,10,0.51,0.34,0.43
FRS_setB_posA_051_posB_034_posC_043_record_017_frame_06.png,B,17,6,12,0.51,0.34,0.43
FRS_setB_posA_051_posB_034_posC_043_record_017_frame_07.png,B,17,7,14,0.51,0.34,0.43
FRS_setB_posA_051_posB_034_posC_043_record_017_frame_08.png,B,17,8,16,0.51,0.34,0.43
FRS_setB_posA_051_posB_034_posC_043_record_017_frame_09.png,B,17,9,18,0.51,0.34,0.43
FRS_setB_posA_051_posB_034_posC_043_record_017_frame_10.png,B,17,10,20,0.51,0.34,0.43
FRS_setB_posA_051_posB_034_posC_043_record_017_frame_11.png,B,17,11,22,0.51,0.34,0.43
FRS_setB_posA_051_posB_034_posC_043_record_017_frame_12.png,B,17,12,24,0.51,0.34,0.43
FRS_setB_posA_051_posB_034_posC_043_record_017_frame_13.png,B,17,13,26,0.51,0.34,0.43
FRS_setB_posA_051_posB_034_posC_043_record_017_frame_14.png,B,17,14,28,0.51,0.34,0.43
FRS_setB_posA_051_posB_034_posC_043_record_017_frame_15.png,B,17,15,30,0.51,0.34,0.43
FRS_setB_posA_051_posB_034_posC_043_record_017_frame_16.png,B,17,16,32,0.51,0.34,0.43
FRS_setB_posA_051_posB_034_posC_043_record_017_frame_17.png,B,17,17,34,0.51,0.34,0.43
FRS_setB_posA_051_posB_034_posC_043_record_017_frame_18.png,B,17,18,36,0.51,0.34,0.43
FRS_setB_posA_051_posB_034_posC_043_record_017_frame_19.png,B,17,19,38,0.51,0.34,0.43
FRS_setB_posA_052_posB_034_posC_043_record_018_frame_00.png,B,18,0,0,0.52,0.34,0.43
FRS_setB_posA_052_posB_034_posC_043_record_018_frame_01.png,B,18,1,2,0.52,0.34,0.43
FRS_setB_posA_052_posB_034_posC_043_record_018_frame_02.png,B,18,2,4,0.52,0.34,0.43
FRS_setB_posA_052_posB_034_posC_043_record_018_frame_03.png,B,18,3,6,0.52,0.34,0.43
FRS_setB_posA_052_posB_034_posC_043_record_018_frame_04.png,B,18,4,8,0.52,0.34,0.43
FRS_setB_posA_052_posB_034_posC_043_record_018_frame_05.png,B,18,5,10,0.52,0.34,0.43
FRS_setB_posA_052_posB_034_posC_043_record_018_frame_06.png,B,18,6,12,0.52,0.34,0.43
FRS_setB_posA_052_posB_034_posC_043_record_018_frame_07.png,B,18,7,14,0.52,0.34,0.43
FRS_setB_posA_052_posB_034_posC_043_record_018_frame_08.png,B,18,8,16,0.52,0.34,0.43
FRS_setB_posA_052_posB_034_posC_043_record_018_frame_09.png,B,18,9,18,0.52,0.34,0.43
FRS_setB_posA_052_posB_034_posC_043_record_018_frame_10.png,B,18,10,20,0.52,0.34,0.43
FRS_setB_posA_052_posB_034_posC_043_record_018_frame_11.png,B,18,11,22,0.52,0.34,0.43
FRS_setB_posA_052_posB_034_posC_043_record_018_frame_12.png,B,18,12,24,0.52,0.34,0.43
FRS_setB_posA_052_posB_034_posC_043_record_018_frame_13.png,B,18,13,26,0.52,0.34,0.43
FRS_setB_posA_052_posB_034_posC_043_record_018_frame_14.png,B,18,14,28,0.52,0.34,0.43
FRS_setB_posA_052_posB_034_posC_043_record_018_frame_15.png,B,18,15,30,0.52,0.34,0.43
FRS_setB_posA_052_posB_034_posC_043_record_018_frame_16.png,B,18,16,32,0.52,0.34,0.43
FRS_setB_posA_052_posB_034_posC_043_record_018_frame_17.png,B,18,17,34,0.52,0.34,0.43
FRS_setB_posA_052_posB_034_posC_043_record_018_frame_18.png,B,18,18,36,0.52,0.34,0.43
FRS_setB_posA_052_posB_034_posC_043_record_018_frame_19.png,B,18,19,38,0.52,0.34,0.43
FRS_setB_posA_052_posB_035_posC_044_record_019_frame_00.png,B,19,0,0,0.52,0.35,0.44
FRS_setB_posA_052_posB_035_posC_044_record_019_frame_01.png,B,19,1,2,0.52,0.35,0.44
FRS_setB_posA_052_posB_035_posC_044_record_019_frame_02.png,B,19,2,4,0.52,0.35,0.44
FRS_setB_posA_052_posB_035_posC_044_record_019_frame_03.png,B,19,3,6,0.52,0.35,0.44
FRS_setB_posA_052_posB_035_posC_044_record_019_frame_04.png,B,19,4,8,0.52,0.35,0.44
FRS_setB_posA_052_posB_035_posC_044_record_019_frame_05.png,B,19,5,10,0.52,0.35,0.44
FRS_setB_posA_052_posB_035_posC_044_record_019_frame_06.png,B,19,6,12,0.52,0.35,0.44
FRS_setB_posA_052_posB_035_posC_044_record_019_frame_07.png,B,19,7,14,0.52,0.35,0.44
FRS_setB_posA_052_posB_035_posC_044_record_019_frame_08.png,B,19,8,16,0.52,0.35,0.44
FRS_setB_posA_052_posB_035_posC_044_record_019_frame_09.png,B,19,9,18,0.52,0.35,0.44
FRS_setB_posA_052_posB_035_posC_044_record_019_frame_10.png,B,19,10,20,0.52,0.35,0.44
FRS_setB_posA_052_posB_035_posC_044_record_019_frame_11.png,B,19,11,22,0.52,0.35,0.44
FRS_setB_posA_052_posB_035_posC_044_record_019_frame_12.png,B,19,12,24,0.52,0.35,0.44
FRS_setB_posA_052_posB_035_posC_044_record_019_frame_13.png,B,19,13,26,0.52,0.35,0.44
FRS_setB_posA_052_posB_035_posC_044_record_019_frame_14.png,B,19,14,28,0.52,0.35,0.44
FRS_setB_posA_052_posB_035_posC_044_record_019_frame_15.png,B,19,15,30,0.52,0.35,0.44
FRS_setB_posA_052_posB_035_posC_044_record_019_frame_16.png,B,19,16,32,0.52,0.35,0.44
FRS_setB_posA_052_posB_035_posC_044_record_019_frame_17.png,B,19,17,34,0.52,0.35,0.44
FRS_setB_posA_052_posB_035_posC_044_record_019_frame_18.png,B,19,18,36,0.52,0.35,0.44
FRS_setB_posA_052_posB_035_posC_044_record_019_frame_19.png,B,19,19,38,0.52,0.35,0.44
FRS_setB_posA_053_posB_035_posC_044_record_020_frame_00.png,B,20,0,0,0.53,0.35,0.44
FRS_setB_posA_053_posB_035_posC_044_record_020_frame_01.png,B,20,1,2,0.53,0.35,0.44
FRS_setB_posA_053_posB_035_posC_044_record_020_frame_02.png,B,20,2,4,0.53,0.35,0.44
FRS_setB_posA_053_posB_035_posC_044_record_020_frame_03.png,B,20,3,6,0.53,0.35,0.44
FRS_setB_posA_053_posB_035_posC_044_record_020_frame_04.png,B,20,4,8,0.53,0.35,0.44
FRS_setB_posA_053_posB_035_posC_044_record_020_frame_05.png,B,20,5,10,0.53,0.35,0.44
FRS_setB_posA_053_posB_035_posC_044_record_020_frame_06.png,B,20,6,12,0.53,0.35,0.44
FRS_setB_posA_053_posB_035_posC_044_record_020_frame_07.png,B,20,7,14,0.53,0.35,0.44
FRS_setB_posA_053_posB_035_posC_044_record_020_frame_08.png,B,20,8,16,0.53,0.35,0.44
FRS_setB_posA_053_posB_035_posC_044_record_020_frame_09.png,B,20,9,18,0.53,0.35,0.44
FRS_setB_posA_053_posB_035_posC_044_record_020_frame_10.png,B,20,10,20,0.53,0.35,0.44
FRS_setB_posA_053_posB_035_posC_044_record_020_frame_11.png,B,20,11,22,0.53,0.35,0.44
FRS_setB_posA_053_posB_035_posC_044_record_020_frame_12.png,B,20,12,24,0.53,0.35,0.44
FRS_setB_posA_053_posB_035_posC_044_record_020_frame_13.png,B,20,13,26,0.53,0.35,0.44
FRS_setB_posA_053_posB_035_posC_044_record_020_frame_14.png,B,20,14,28,0.53,0.35,0.44
FRS_setB_posA_053_posB_035_posC_044_record_020_frame_15.png,B,20,15,30,0.53,0.35,0.44
FRS_setB_posA_053_posB_035_posC_044_record_020_frame_16.png,B,20,16,32,0.53,0.35,0.44
FRS_setB_posA_053_posB_035_posC_044_record_020_frame_17.png,B,20,17,34,0.53,0.35,0.44
FRS_setB_posA_053_posB_035_posC_044_record_020_frame_18.png,B,20,18,36,0.53,0.35,0.44
FRS_setB_posA_053_posB_035_posC_044_record_020_frame_19.png,B,20,19,38,0.53,0.35,0.44
FRS_setB_posA_054_posB_035_posC_045_record_021_frame_00.png,B,21,0,0,0.54,0.35,0.45
FRS_setB_posA_054_posB_035_posC_045_record_021_frame_01.png,B,21,1,2,0.54,0.35,0.45
FRS_setB_posA_054_posB_035_posC_045_record_021_frame_02.png,B,21,2,4,0.54,0.35,0.45
FRS_setB_posA_054_posB_035_posC_045_record_021_frame_03.png,B,21,3,6,0.54,0.35,0.45
FRS_setB_posA_054_posB_035_posC_045_record_021_frame_04.png,B,21,4,8,0.54,0.35,0.45
FRS_setB_posA_054_posB_035_posC_045_record_021_frame_05.png,B,21,5,10,0.54,0.35,0.45
FRS_setB_posA_054_posB_035_posC_045_record_021_frame_06.png,B,21,6,12,0.54,0.35,0.45
FRS_setB_posA_054_posB_035_posC_045_record_021_frame_07.png,B,21,7,14,0.54,0.35,0.45
FRS_setB_posA_054_posB_035_posC_045_record_021_frame_08.png,B,21,8,16,0.54,0.35,0.45
FRS_setB_posA_054_posB_035_posC_045_record_021_frame_09.png,B,21,9,18,0.54,0.35,0.45
FRS_setB_posA_054_posB_035_posC_045_record_021_frame_10.png,B,21,10,20,0.54,0.35,0.45
FRS_setB_posA_054_posB_035_posC_045_record_021_frame_11.png,B,21,11,22,0.54,0.35,0.45
FRS_setB_posA_054_posB_035_posC_045_record_021_frame_12.png,B,21,12,24,0.54,0.35,0.45
FRS_setB_posA_054_posB_035_posC_045_record_021_frame_13.png,B,21,13,26,0.54,0.35,0.45
FRS_setB_posA_054_posB_035_posC_045_record_021_frame_14.png,B,21,14,28,0.54,0.35,0.45
FRS_setB_posA_054_posB_035_posC_045_record_021_frame_15.png,B,21,15,30,0.54,0.35,0.45
FRS_setB_posA_054_posB_035_posC_045_record_021_frame_16.png,B,21,16,32,0.54,0.35,0.45
FRS_setB_posA_054_posB_035_posC_045_record_021_frame_17.png,B,21,17,34,0.54,0.35,0.45
FRS_setB_posA_054_posB_035_posC_045_record_021_frame_18.png,B,21,18,36,0.54,0.35,0.45
FRS_setB_posA_054_posB_035_posC_045_record_021_frame_19.png,B,21,19,38,0.54,0.35,0.45
FRS_setB_posA_054_posB_036_posC_045_record_022_frame_00.png,B,22,0,0,0.54,0.36,0.45
FRS_setB_posA_054_posB_036_posC_045_record_022_frame_01.png,B,22,1,2,0.54,0.36,0.45
FRS_setB_posA_054_posB_036_posC_045_record_022_frame_02.png,B,22,2,4,0.54,0.36,0.45
FRS_setB_posA_054_posB_036_posC_045_record_022_frame_03.png,B,22,3,6,0.54,0.36,0.45
FRS_setB_posA_054_posB_036_posC_045_record_022_frame_04.png,B,22,4,8,0.54,0.36,0.45
FRS_setB_posA_054_posB_036_posC_045_record_022_frame_05.png,B,22,5,10,0.54,0.36,0.45
FRS_setB_posA_054_posB_036_posC_045_record_022_frame_06.png,B,22,6,12,0.54,0.36,0.45
FRS_setB_posA_054_posB_036_posC_045_record_022_frame_07.png,B,22,7,14,0.54,0.36,0.45
FRS_setB_posA_054_posB_036_posC_045_record_022_frame_08.png,B,22,8,16,0.54,0.36,0.45
FRS_setB_posA_054_posB_036_posC_045_record_022_frame_09.png,B,22,9,18,0.54,0.36,0.45
FRS_setB_posA_054_posB_036_posC_045_record_022_frame_10.png,B,22,10,20,0.54,0.36,0.45
FRS_setB_posA_054_posB_036_posC_045_record_022_frame_11.png,B,22,11,22,0.54,0.36,0.45
FRS_setB_posA_054_posB_036_posC_045_record_022_frame_12.png,B,22,12,24,0.54,0.36,0.45
FRS_setB_posA_054_posB_036_posC_045_record_022_frame_13.png,B,22,13,26,0.54,0.36,0.45
FRS_setB_posA_054_posB_036_posC_045_record_022_frame_14.png,B,22,14,28,0.54,0.36,0.45
FRS_setB_posA_054_posB_036_posC_045_record_022_frame_15.png,B,22,15,30,0.54,0.36,0.45
FRS_setB_posA_054_posB_036_posC_045_record_022_frame_16.png,B,22,16,32,0.54,0.36,0.45
FRS_setB_posA_054_posB_036_posC_045_record_022_frame_17.png,B,22,17,34,0.54,0.36,0.45
FRS_setB_posA_054_posB_036_posC_045_record_022_frame_18.png,B,22,18,36,0.54,0.36,0.45
FRS_setB_posA_054_posB_036_posC_045_record_022_frame_19.png,B,22,19,38,0.54,0.36,0.45
FRS_setB_posA_055_posB_037_posC_046_record_023_frame_00.png,B,23,0,0,0.55,0.37,0.46
FRS_setB_posA_055_posB_037_posC_046_record_023_frame_01.png,B,23,1,2,0.55,0.37,0.46
FRS_setB_posA_055_posB_037_posC_046_record_023_frame_02.png,B,23,2,4,0.55,0.37,0.46
FRS_setB_posA_055_posB_037_posC_046_record_023_frame_03.png,B,23,3,6,0.55,0.37,0.46
FRS_setB_posA_055_posB_037_posC_046_record_023_frame_04.png,B,23,4,8,0.55,0.37,0.46
FRS_setB_posA_055_posB_037_posC_046_record_023_frame_05.png,B,23,5,10,0.55,0.37,0.46
FRS_setB_posA_055_posB_037_posC_046_record_023_frame_06.png,B,23,6,12,0.55,0.37,0.46
FRS_setB_posA_055_posB_037_posC_046_record_023_frame_07.png,B,23,7,14,0.55,0.37,0.46
FRS_setB_posA_055_posB_037_posC_046_record_023_frame_08.png,B,23,8,16,0.55,0.37,0.46
FRS_setB_posA_055_posB_037_posC_046_record_023_frame_09.png,B,23,9,18,0.55,0.37,0.46
FRS_setB_posA_055_posB_037_posC_046_record_023_frame_10.png,B,23,10,20,0.55,0.37,0.46
FRS_setB_posA_055_posB_037_posC_046_record_023_frame_11.png,B,23,11,22,0.55,0.37,0.46
FRS_setB_posA_055_posB_037_posC_046_record_023_frame_12.png,B,23,12,24,0.55,0.37,0.46
FRS_setB_posA_055_posB_037_posC_046_record_023_frame_13.png,B,23,13,26,0.55,0.37,0.46
FRS_setB_posA_055_posB_037_posC_046_record_023_frame_14.png,B,23,14,28,0.55,0.37,0.46
FRS_setB_posA_055_posB_037_posC_046_record_023_frame_15.png,B,23,15,30,0.55,0.37,0.46
FRS_setB_posA_055_posB_037_posC_046_record_023_frame_16.png,B,23,16,32,0.55,0.37,0.46
FRS_setB_posA_055_posB_037_posC_046_record_023_frame_17.png,B,23,17,34,0.55,0.37,0.46
FRS_setB_posA_055_posB_037_posC_046_record_023_frame_18.png,B,23,18,36,0.55,0.37,0.46
FRS_setB_posA_055_posB_037_posC_046_record_023_frame_19.png,B,23,19,38,0.55,0.37,0.46
FRS_setB_posA_056_posB_037_posC_046_record_024_frame_00.png,B,24,0,0,0.56,0.37,0.46
FRS_setB_posA_056_posB_037_posC_046_record_024_frame_01.png,B,24,1,2,0.56,0.37,0.46
FRS_setB_posA_056_posB_037_posC_046_record_024_frame_02.png,B,24,2,4,0.56,0.37,0.46
FRS_setB_posA_056_posB_037_posC_046_record_024_frame_03.png,B,24,3,6,0.56,0.37,0.46
FRS_setB_posA_056_posB_037_posC_046_record_024_frame_04.png,B,24,4,8,0.56,0.37,0.46
FRS_setB_posA_056_posB_037_posC_046_record_024_frame_05.png,B,24,5,10,0.56,0.37,0.46
FRS_setB_posA_056_posB_037_posC_046_record_024_frame_06.png,B,24,6,12,0.56,0.37,0.46
FRS_setB_posA_056_posB_037_posC_046_record_024_frame_07.png,B,24,7,14,0.56,0.37,0.46
FRS_setB_posA_056_posB_037_posC_046_record_024_frame_08.png,B,24,8,16,0.56,0.37,0.46
FRS_setB_posA_056_posB_037_posC_046_record_024_frame_09.png,B,24,9,18,0.56,0.37,0.46
FRS_setB_posA_056_posB_037_posC_046_record_024_frame_10.png,B,24,10,20,0.56,0.37,0.46
FRS_setB_posA_056_posB_037_posC_046_record_024_frame_11.png,B,24,11,22,0.56,0.37,0.46
FRS_setB_posA_056_posB_037_posC_046_record_024_frame_12.png,B,24,12,24,0.56,0.37,0.46
FRS_setB_posA_056_posB_037_posC_046_record_024_frame_13.png,B,24,13,26,0.56,0.37,0.46
FRS_setB_posA_056_posB_037_posC_046_record_024_frame_14.png,B,24,14,28,0.56,0.37,0.46
FRS_setB_posA_056_posB_037_posC_046_record_024_frame_15.png,B,24,15,30,0.56,0.37,0.46
FRS_setB_posA_056_posB_037_posC_046_record_024_frame_16.png,B,24,16,32,0.56,0.37,0.46
FRS_setB_posA_056_posB_037_posC_046_record_024_frame_17.png,B,24,17,34,0.56,0.37,0.46
FRS_setB_posA_056_posB_037_posC_046_record_024_frame_18.png,B,24,18,36,0.56,0.37,0.46
FRS_setB_posA_056_posB_037_posC_046_record_024_frame_19.png,B,24,19,38,0.56,0.37,0.46
FRS_setB_posA_056_posB_038_posC_046_record_025_frame_00.png,B,25,0,0,0.56,0.38,0.46
FRS_setB_posA_056_posB_038_posC_046_record_025_frame_01.png,B,25,1,2,0.56,0.38,0.46
FRS_setB_posA_056_posB_038_posC_046_record_025_frame_02.png,B,25,2,4,0.56,0.38,0.46
FRS_setB_posA_056_posB_038_posC_046_record_025_frame_03.png,B,25,3,6,0.56,0.38,0.46
FRS_setB_posA_056_posB_038_posC_046_record_025_frame_04.png,B,25,4,8,0.56,0.38,0.46
FRS_setB_posA_056_posB_038_posC_046_record_025_frame_05.png,B,25,5,10,0.56,0.38,0.46
FRS_setB_posA_056_posB_038_posC_046_record_025_frame_06.png,B,25,6,12,0.56,0.38,0.46
FRS_setB_posA_056_posB_038_posC_046_record_025_frame_07.png,B,25,7,14,0.56,0.38,0.46
FRS_setB_posA_056_posB_038_posC_046_record_025_frame_08.png,B,25,8,16,0.56,0.38,0.46
FRS_setB_posA_056_posB_038_posC_046_record_025_frame_09.png,B,25,9,18,0.56,0.38,0.46
FRS_setB_posA_056_posB_038_posC_046_record_025_frame_10.png,B,25,10,20,0.56,0.38,0.46
FRS_setB_posA_056_posB_038_posC_046_record_025_frame_11.png,B,25,11,22,0.56,0.38,0.46
FRS_setB_posA_056_posB_038_posC_046_record_025_frame_12.png,B,25,12,24,0.56,0.38,0.46
FRS_setB_posA_056_posB_038_posC_046_record_025_frame_13.png,B,25,13,26,0.56,0.38,0.46
FRS_setB_posA_056_posB_038_posC_046_record_025_frame_14.png,B,25,14,28,0.56,0.38,0.46
FRS_setB_posA_056_posB_038_posC_046_record_025_frame_15.png,B,25,15,30,0.56,0.38,0.46
FRS_setB_posA_056_posB_038_posC_046_record_025_frame_16.png,B,25,16,32,0.56,0.38,0.46
FRS_setB_posA_056_posB_038_posC_046_record_025_frame_17.png,B,25,17,34,0.56,0.38,0.46
FRS_setB_posA_056_posB_038_posC_046_record_025_frame_18.png,B,25,18,36,0.56,0.38,0.46
FRS_setB_posA_056_posB_038_posC_046_record_025_frame_19.png,B,25,19,38,0.56,0.38,0.46
FRS_setB_posA_056_posB_038_posC_047_record_026_frame_00.png,B,26,0,0,0.56,0.38,0.47
FRS_setB_posA_056_posB_038_posC_047_record_026_frame_01.png,B,26,1,2,0.56,0.38,0.47
FRS_setB_posA_056_posB_038_posC_047_record_026_frame_02.png,B,26,2,4,0.56,0.38,0.47
FRS_setB_posA_056_posB_038_posC_047_record_026_frame_03.png,B,26,3,6,0.56,0.38,0.47
FRS_setB_posA_056_posB_038_posC_047_record_026_frame_04.png,B,26,4,8,0.56,0.38,0.47
FRS_setB_posA_056_posB_038_posC_047_record_026_frame_05.png,B,26,5,10,0.56,0.38,0.47
FRS_setB_posA_056_posB_038_posC_047_record_026_frame_06.png,B,26,6,12,0.56,0.38,0.47
FRS_setB_posA_056_posB_038_posC_047_record_026_frame_07.png,B,26,7,14,0.56,0.38,0.47
FRS_setB_posA_056_posB_038_posC_047_record_026_frame_08.png,B,26,8,16,0.56,0.38,0.47
FRS_setB_posA_056_posB_038_posC_047_record_026_frame_09.png,B,26,9,18,0.56,0.38,0.47
FRS_setB_posA_056_posB_038_posC_047_record_026_frame_10.png,B,26,10,20,0.56,0.38,0.47
FRS_setB_posA_056_posB_038_posC_047_record_026_frame_11.png,B,26,11,22,0.56,0.38,0.47
FRS_setB_posA_056_posB_038_posC_047_record_026_frame_12.png,B,26,12,24,0.56,0.38,0.47
FRS_setB_posA_056_posB_038_posC_047_record_026_frame_13.png,B,26,13,26,0.56,0.38,0.47
FRS_setB_posA_056_posB_038_posC_047_record_026_frame_14.png,B,26,14,28,0.56,0.38,0.47
FRS_setB_posA_056_posB_038_posC_047_record_026_frame_15.png,B,26,15,30,0.56,0.38,0.47
FRS_setB_posA_056_posB_038_posC_047_record_026_frame_16.png,B,26,16,32,0.56,0.38,0.47
FRS_setB_posA_056_posB_038_posC_047_record_026_frame_17.png,B,26,17,34,0.56,0.38,0.47
FRS_setB_posA_056_posB_038_posC_047_record_026_frame_18.png,B,26,18,36,0.56,0.38,0.47
FRS_setB_posA_056_posB_038_posC_047_record_026_frame_19.png,B,26,19,38,0.56,0.38,0.47
FRS_setB_posA_057_posB_038_posC_047_record_027_frame_00.png,B,27,0,0,0.57,0.38,0.47
FRS_setB_posA_057_posB_038_posC_047_record_027_frame_01.png,B,27,1,2,0.57,0.38,0.47
FRS_setB_posA_057_posB_038_posC_047_record_027_frame_02.png,B,27,2,4,0.57,0.38,0.47
FRS_setB_posA_057_posB_038_posC_047_record_027_frame_03.png,B,27,3,6,0.57,0.38,0.47
FRS_setB_posA_057_posB_038_posC_047_record_027_frame_04.png,B,27,4,8,0.57,0.38,0.47
FRS_setB_posA_057_posB_038_posC_047_record_027_frame_05.png,B,27,5,10,0.57,0.38,0.47
FRS_setB_posA_057_posB_038_posC_047_record_027_frame_06.png,B,27,6,12,0.57,0.38,0.47
FRS_setB_posA_057_posB_038_posC_047_record_027_frame_07.png,B,27,7,14,0.57,0.38,0.47
FRS_setB_posA_057_posB_038_posC_047_record_027_frame_08.png,B,27,8,16,0.57,0.38,0.47
FRS_setB_posA_057_posB_038_posC_047_record_027_frame_09.png,B,27,9,18,0.57,0.38,0.47
FRS_setB_posA_057_posB_038_posC_047_record_027_frame_10.png,B,27,10,20,0.57,0.38,0.47
FRS_setB_posA_057_posB_038_posC_047_record_027_frame_11.png,B,27,11,22,0.57,0.38,0.47
FRS_setB_posA_057_posB_038_posC_047_record_027_frame_12.png,B,27,12,24,0.57,0.38,0.47
FRS_setB_posA_057_posB_038_posC_047_record_027_frame_13.png,B,27,13,26,0.57,0.38,0.47
FRS_setB_posA_057_posB_038_posC_047_record_027_frame_14.png,B,27,14,28,0.57,0.38,0.47
FRS_setB_posA_057_posB_038_posC_047_record_027_frame_15.png,B,27,15,30,0.57,0.38,0.47
FRS_setB_posA_057_posB_038_posC_047_record_027_frame_16.png,B,27,16,32,0.57,0.38,0.47
FRS_setB_posA_057_posB_038_posC_047_record_027_frame_17.png,B,27,17,34,0.57,0.38,0.47
FRS_setB_posA_057_posB_038_posC_047_record_027_frame_18.png,B,27,18,36,0.57,0.38,0.47
FRS_setB_posA_057_posB_038_posC_047_record_027_frame_19.png,B,27,19,38,0.57,0.38,0.47
FRS_setB_posA_057_posB_039_posC_047_record_028_frame_00.png,B,28,0,0,0.57,0.39,0.47
FRS_setB_posA_057_posB_039_posC_047_record_028_frame_01.png,B,28,1,2,0.57,0.39,0.47
FRS_setB_posA_057_posB_039_posC_047_record_028_frame_02.png,B,28,2,4,0.57,0.39,0.47
FRS_setB_posA_057_posB_039_posC_047_record_028_frame_03.png,B,28,3,6,0.57,0.39,0.47
FRS_setB_posA_057_posB_039_posC_047_record_028_frame_04.png,B,28,4,8,0.57,0.39,0.47
FRS_setB_posA_057_posB_039_posC_047_record_028_frame_05.png,B,28,5,10,0.57,0.39,0.47
FRS_setB_posA_057_posB_039_posC_047_record_028_frame_06.png,B,28,6,12,0.57,0.39,0.47
FRS_setB_posA_057_posB_039_posC_047_record_028_frame_07.png,B,28,7,14,0.57,0.39,0.47
FRS_setB_posA_057_posB_039_posC_047_record_028_frame_08.png,B,28,8,16,0.57,0.39,0.47
FRS_setB_posA_057_posB_039_posC_047_record_028_frame_09.png,B,28,9,18,0.57,0.39,0.47
FRS_setB_posA_057_posB_039_posC_047_record_028_frame_10.png,B,28,10,20,0.57,0.39,0.47
FRS_setB_posA_057_posB_039_posC_047_record_028_frame_11.png,B,28,11,22,0.57,0.39,0.47
FRS_setB_posA_057_posB_039_posC_047_record_028_frame_12.png,B,28,12,24,0.57,0.39,0.47
FRS_setB_posA_057_posB_039_posC_047_record_028_frame_13.png,B,28,13,26,0.57,0.39,0.47
FRS_setB_posA_057_posB_039_posC_047_record_028_frame_14.png,B,28,14,28,0.57,0.39,0.47
FRS_setB_posA_057_posB_039_posC_047_record_028_frame_15.png,B,28,15,30,0.57,0.39,0.47
FRS_setB_posA_057_posB_039_posC_047_record_028_frame_16.png,B,28,16,32,0.57,0.39,0.47
FRS_setB_posA_057_posB_039_posC_047_record_028_frame_17.png,B,28,17,34,0.57,0.39,0.47
FRS_setB_posA_057_posB_039_posC_047_record_028_frame_18.png,B,28,18,36,0.57,0.39,0.47
FRS_setB_posA_057_posB_039_posC_047_record_028_frame_19.png,B,28,19,38,0.57,0.39,0.47
FRS_setB_posA_059_posB_039_posC_048_record_029_frame_00.png,B,29,0,0,0.59,0.39,0.48
FRS_setB_posA_059_posB_039_posC_048_record_029_frame_01.png,B,29,1,2,0.59,0.39,0.48
FRS_setB_posA_059_posB_039_posC_048_record_029_frame_02.png,B,29,2,4,0.59,0.39,0.48
FRS_setB_posA_059_posB_039_posC_048_record_029_frame_03.png,B,29,3,6,0.59,0.39,0.48
FRS_setB_posA_059_posB_039_posC_048_record_029_frame_04.png,B,29,4,8,0.59,0.39,0.48
FRS_setB_posA_059_posB_039_posC_048_record_029_frame_05.png,B,29,5,10,0.59,0.39,0.48
FRS_setB_posA_059_posB_039_posC_048_record_029_frame_06.png,B,29,6,12,0.59,0.39,0.48
FRS_setB_posA_059_posB_039_posC_048_record_029_frame_07.png,B,29,7,14,0.59,0.39,0.48
FRS_setB_posA_059_posB_039_posC_048_record_029_frame_08.png,B,29,8,16,0.59,0.39,0.48
FRS_setB_posA_059_posB_039_posC_048_record_029_frame_09.png,B,29,9,18,0.59,0.39,0.48
FRS_setB_posA_059_posB_039_posC_048_record_029_frame_10.png,B,29,10,20,0.59,0.39,0.48
FRS_setB_posA_059_posB_039_posC_048_record_029_frame_11.png,B,29,11,22,0.59,0.39,0.48
FRS_setB_posA_059_posB_039_posC_048_record_029_frame_12.png,B,29,12,24,0.59,0.39,0.48
FRS_setB_posA_059_posB_039_posC_048_record_029_frame_13.png,B,29,13,26,0.59,0.39,0.48
FRS_setB_posA_059_posB_039_posC_048_record_029_frame_14.png,B,29,14,28,0.59,0.39,0.48
FRS_setB_posA_059_posB_039_posC_048_record_029_frame_15.png,B,29,15,30,0.59,0.39,0.48
FRS_setB_posA_059_posB_039_posC_048_record_029_frame_16.png,B,29,16,32,0.59,0.39,0.48
FRS_setB_posA_059_posB_039_posC_048_record_029_frame_17.png,B,29,17,34,0.59,0.39,0.48
FRS_setB_posA_059_posB_039_posC_048_record_029_frame_18.png,B,29,18,36,0.59,0.39,0.48
FRS_setB_posA_059_posB_039_posC_048_record_029_frame_19.png,B,29,19,38,0.59,0.39,0.48
FRS_setB_posA_060_posB_040_posC_048_record_030_frame_00.png,B,30,0,0,0.6,0.4,0.48
FRS_setB_posA_060_posB_040_posC_048_record_030_frame_01.png,B,30,1,2,0.6,0.4,0.48
FRS_setB_posA_060_posB_040_posC_048_record_030_frame_02.png,B,30,2,4,0.6,0.4,0.48
FRS_setB_posA_060_posB_040_posC_048_record_030_frame_03.png,B,30,3,6,0.6,0.4,0.48
FRS_setB_posA_060_posB_040_posC_048_record_030_frame_04.png,B,30,4,8,0.6,0.4,0.48
FRS_setB_posA_060_posB_040_posC_048_record_030_frame_05.png,B,30,5,10,0.6,0.4,0.48
FRS_setB_posA_060_posB_040_posC_048_record_030_frame_06.png,B,30,6,12,0.6,0.4,0.48
FRS_setB_posA_060_posB_040_posC_048_record_030_frame_07.png,B,30,7,14,0.6,0.4,0.48
FRS_setB_posA_060_posB_040_posC_048_record_030_frame_08.png,B,30,8,16,0.6,0.4,0.48
FRS_setB_posA_060_posB_040_posC_048_record_030_frame_09.png,B,30,9,18,0.6,0.4,0.48
FRS_setB_posA_060_posB_040_posC_048_record_030_frame_10.png,B,30,10,20,0.6,0.4,0.48
FRS_setB_posA_060_posB_040_posC_048_record_030_frame_11.png,B,30,11,22,0.6,0.4,0.48
FRS_setB_posA_060_posB_040_posC_048_record_030_frame_12.png,B,30,12,24,0.6,0.4,0.48
FRS_setB_posA_060_posB_040_posC_048_record_030_frame_13.png,B,30,13,26,0.6,0.4,0.48
FRS_setB_posA_060_posB_040_posC_048_record_030_frame_14.png,B,30,14,28,0.6,0.4,0.48
FRS_setB_posA_060_posB_040_posC_048_record_030_frame_15.png,B,30,15,30,0.6,0.4,0.48
FRS_setB_posA_060_posB_040_posC_048_record_030_frame_16.png,B,30,16,32,0.6,0.4,0.48
FRS_setB_posA_060_posB_040_posC_048_record_030_frame_17.png,B,30,17,34,0.6,0.4,0.48
FRS_setB_posA_060_posB_040_posC_048_record_030_frame_18.png,B,30,18,36,0.6,0.4,0.48
FRS_setB_posA_060_posB_040_posC_048_record_030_frame_19.png,B,30,19,38,0.6,0.4,0.48
FRS_setB_posA_061_posB_041_posC_049_record_031_frame_00.png,B,31,0,0,0.61,0.41,0.49
FRS_setB_posA_061_posB_041_posC_049_record_031_frame_01.png,B,31,1,2,0.61,0.41,0.49
FRS_setB_posA_061_posB_041_posC_049_record_031_frame_02.png,B,31,2,4,0.61,0.41,0.49
FRS_setB_posA_061_posB_041_posC_049_record_031_frame_03.png,B,31,3,6,0.61,0.41,0.49
FRS_setB_posA_061_posB_041_posC_049_record_031_frame_04.png,B,31,4,8,0.61,0.41,0.49
FRS_setB_posA_061_posB_041_posC_049_record_031_frame_05.png,B,31,5,10,0.61,0.41,0.49
FRS_setB_posA_061_posB_041_posC_049_record_031_frame_06.png,B,31,6,12,0.61,0.41,0.49
FRS_setB_posA_061_posB_041_posC_049_record_031_frame_07.png,B,31,7,14,0.61,0.41,0.49
FRS_setB_posA_061_posB_041_posC_049_record_031_frame_08.png,B,31,8,16,0.61,0.41,0.49
FRS_setB_posA_061_posB_041_posC_049_record_031_frame_09.png,B,31,9,18,0.61,0.41,0.49
FRS_setB_posA_061_posB_041_posC_049_record_031_frame_10.png,B,31,10,20,0.61,0.41,0.49
FRS_setB_posA_061_posB_041_posC_049_record_031_frame_11.png,B,31,11,22,0.61,0.41,0.49
FRS_setB_posA_061_posB_041_posC_049_record_031_frame_12.png,B,31,12,24,0.61,0.41,0.49
FRS_setB_posA_061_posB_041_posC_049_record_031_frame_13.png,B,31,13,26,0.61,0.41,0.49
FRS_setB_posA_061_posB_041_posC_049_record_031_frame_14.png,B,31,14,28,0.61,0.41,0.49
FRS_setB_posA_061_posB_041_posC_049_record_031_frame_15.png,B,31,15,30,0.61,0.41,0.49
FRS_setB_posA_061_posB_041_posC_049_record_031_frame_16.png,B,31,16,32,0.61,0.41,0.49
FRS_setB_posA_061_posB_041_posC_049_record_031_frame_17.png,B,31,17,34,0.61,0.41,0.49
FRS_setB_posA_061_posB_041_posC_049_record_031_frame_18.png,B,31,18,36,0.61,0.41,0.49
FRS_setB_posA_061_posB_041_posC_049_record_031_frame_19.png,B,31,19,38,0.61,0.41,0.49
FRS_setB_posA_062_posB_042_posC_050_record_032_frame_00.png,B,32,0,0,0.62,0.42,0.5
FRS_setB_posA_062_posB_042_posC_050_record_032_frame_01.png,B,32,1,2,0.62,0.42,0.5
FRS_setB_posA_062_posB_042_posC_050_record_032_frame_02.png,B,32,2,4,0.62,0.42,0.5
FRS_setB_posA_062_posB_042_posC_050_record_032_frame_03.png,B,32,3,6,0.62,0.42,0.5
FRS_setB_posA_062_posB_042_posC_050_record_032_frame_04.png,B,32,4,8,0.62,0.42,0.5
FRS_setB_posA_062_posB_042_posC_050_record_032_frame_05.png,B,32,5,10,0.62,0.42,0.5
FRS_setB_posA_062_posB_042_posC_050_record_032_frame_06.png,B,32,6,12,0.62,0.42,0.5
FRS_setB_posA_062_posB_042_posC_050_record_032_frame_07.png,B,32,7,14,0.62,0.42,0.5
FRS_setB_posA_062_posB_042_posC_050_record_032_frame_08.png,B,32,8,16,0.62,0.42,0.5
FRS_setB_posA_062_posB_042_posC_050_record_032_frame_09.png,B,32,9,18,0.62,0.42,0.5
FRS_setB_posA_062_posB_042_posC_050_record_032_frame_10.png,B,32,10,20,0.62,0.42,0.5
FRS_setB_posA_062_posB_042_posC_050_record_032_frame_11.png,B,32,11,22,0.62,0.42,0.5
FRS_setB_posA_062_posB_042_posC_050_record_032_frame_12.png,B,32,12,24,0.62,0.42,0.5
FRS_setB_posA_062_posB_042_posC_050_record_032_frame_13.png,B,32,13,26,0.62,0.42,0.5
FRS_setB_posA_062_posB_042_posC_050_record_032_frame_14.png,B,32,14,28,0.62,0.42,0.5
FRS_setB_posA_062_posB_042_posC_050_record_032_frame_15.png,B,32,15,30,0.62,0.42,0.5
FRS_setB_posA_062_posB_042_posC_050_record_032_frame_16.png,B,32,16,32,0.62,0.42,0.5
FRS_setB_posA_062_posB_042_posC_050_record_032_frame_17.png,B,32,17,34,0.62,0.42,0.5
FRS_setB_posA_062_posB_042_posC_050_record_032_frame_18.png,B,32,18,36,0.62,0.42,0.5
FRS_setB_posA_062_posB_042_posC_050_record_032_frame_19.png,B,32,19,38,0.62,0.42,0.5
FRS_setB_posA_063_posB_043_posC_050_record_033_frame_00.png,B,33,0,0,0.63,0.43,0.5
FRS_setB_posA_063_posB_043_posC_050_record_033_frame_01.png,B,33,1,2,0.63,0.43,0.5
FRS_setB_posA_063_posB_043_posC_050_record_033_frame_02.png,B,33,2,4,0.63,0.43,0.5
FRS_setB_posA_063_posB_043_posC_050_record_033_frame_03.png,B,33,3,6,0.63,0.43,0.5
FRS_setB_posA_063_posB_043_posC_050_record_033_frame_04.png,B,33,4,8,0.63,0.43,0.5
FRS_setB_posA_063_posB_043_posC_050_record_033_frame_05.png,B,33,5,10,0.63,0.43,0.5
FRS_setB_posA_063_posB_043_posC_050_record_033_frame_06.png,B,33,6,12,0.63,0.43,0.5
FRS_setB_posA_063_posB_043_posC_050_record_033_frame_07.png,B,33,7,14,0.63,0.43,0.5
FRS_setB_posA_063_posB_043_posC_050_record_033_frame_08.png,B,33,8,16,0.63,0.43,0.5
FRS_setB_posA_063_posB_043_posC_050_record_033_frame_09.png,B,33,9,18,0.63,0.43,0.5
FRS_setB_posA_063_posB_043_posC_050_record_033_frame_10.png,B,33,10,20,0.63,0.43,0.5
FRS_setB_posA_063_posB_043_posC_050_record_033_frame_11.png,B,33,11,22,0.63,0.43,0.5
FRS_setB_posA_063_posB_043_posC_050_record_033_frame_12.png,B,33,12,24,0.63,0.43,0.5
FRS_setB_posA_063_posB_043_posC_050_record_033_frame_13.png,B,33,13,26,0.63,0.43,0.5
FRS_setB_posA_063_posB_043_posC_050_record_033_frame_14.png,B,33,14,28,0.63,0.43,0.5
FRS_setB_posA_063_posB_043_posC_050_record_033_frame_15.png,B,33,15,30,0.63,0.43,0.5
FRS_setB_posA_063_posB_043_posC_050_record_033_frame_16.png,B,33,16,32,0.63,0.43,0.5
FRS_setB_posA_063_posB_043_posC_050_record_033_frame_17.png,B,33,17,34,0.63,0.43,0.5
FRS_setB_posA_063_posB_043_posC_050_record_033_frame_18.png,B,33,18,36,0.63,0.43,0.5
FRS_setB_posA_063_posB_043_posC_050_record_033_frame_19.png,B,33,19,38,0.63,0.43,0.5
FRS_setB_posA_064_posB_043_posC_050_record_034_frame_00.png,B,34,0,0,0.64,0.43,0.5
FRS_setB_posA_064_posB_043_posC_050_record_034_frame_01.png,B,34,1,2,0.64,0.43,0.5
FRS_setB_posA_064_posB_043_posC_050_record_034_frame_02.png,B,34,2,4,0.64,0.43,0.5
FRS_setB_posA_064_posB_043_posC_050_record_034_frame_03.png,B,34,3,6,0.64,0.43,0.5
FRS_setB_posA_064_posB_043_posC_050_record_034_frame_04.png,B,34,4,8,0.64,0.43,0.5
FRS_setB_posA_064_posB_043_posC_050_record_034_frame_05.png,B,34,5,10,0.64,0.43,0.5
FRS_setB_posA_064_posB_043_posC_050_record_034_frame_06.png,B,34,6,12,0.64,0.43,0.5
FRS_setB_posA_064_posB_043_posC_050_record_034_frame_07.png,B,34,7,14,0.64,0.43,0.5
FRS_setB_posA_064_posB_043_posC_050_record_034_frame_08.png,B,34,8,16,0.64,0.43,0.5
FRS_setB_posA_064_posB_043_posC_050_record_034_frame_09.png,B,34,9,18,0.64,0.43,0.5
FRS_setB_posA_064_posB_043_posC_050_record_034_frame_10.png,B,34,10,20,0.64,0.43,0.5
FRS_setB_posA_064_posB_043_posC_050_record_034_frame_11.png,B,34,11,22,0.64,0.43,0.5
FRS_setB_posA_064_posB_043_posC_050_record_034_frame_12.png,B,34,12,24,0.64,0.43,0.5
FRS_setB_posA_064_posB_043_posC_050_record_034_frame_13.png,B,34,13,26,0.64,0.43,0.5
FRS_setB_posA_064_posB_043_posC_050_record_034_frame_14.png,B,34,14,28,0.64,0.43,0.5
FRS_setB_posA_064_posB_043_posC_050_record_034_frame_15.png,B,34,15,30,0.64,0.43,0.5
FRS_setB_posA_064_posB_043_posC_050_record_034_frame_16.png,B,34,16,32,0.64,0.43,0.5
FRS_setB_posA_064_posB_043_posC_050_record_034_frame_17.png,B,34,17,34,0.64,0.43,0.5
FRS_setB_posA_064_posB_043_posC_050_record_034_frame_18.png,B,34,18,36,0.64,0.43,0.5
FRS_setB_posA_064_posB_043_posC_050_record_034_frame_19.png,B,34,19,38,0.64,0.43,0.5
FRS_setB_posA_064_posB_044_posC_051_record_035_frame_00.png,B,35,0,0,0.64,0.44,0.51
FRS_setB_posA_064_posB_044_posC_051_record_035_frame_01.png,B,35,1,2,0.64,0.44,0.51
FRS_setB_posA_064_posB_044_posC_051_record_035_frame_02.png,B,35,2,4,0.64,0.44,0.51
FRS_setB_posA_064_posB_044_posC_051_record_035_frame_03.png,B,35,3,6,0.64,0.44,0.51
FRS_setB_posA_064_posB_044_posC_051_record_035_frame_04.png,B,35,4,8,0.64,0.44,0.51
FRS_setB_posA_064_posB_044_posC_051_record_035_frame_05.png,B,35,5,10,0.64,0.44,0.51
FRS_setB_posA_064_posB_044_posC_051_record_035_frame_06.png,B,35,6,12,0.64,0.44,0.51
FRS_setB_posA_064_posB_044_posC_051_record_035_frame_07.png,B,35,7,14,0.64,0.44,0.51
FRS_setB_posA_064_posB_044_posC_051_record_035_frame_08.png,B,35,8,16,0.64,0.44,0.51
FRS_setB_posA_064_posB_044_posC_051_record_035_frame_09.png,B,35,9,18,0.64,0.44,0.51
FRS_setB_posA_064_posB_044_posC_051_record_035_frame_10.png,B,35,10,20,0.64,0.44,0.51
FRS_setB_posA_064_posB_044_posC_051_record_035_frame_11.png,B,35,11,22,0.64,0.44,0.51
FRS_setB_posA_064_posB_044_posC_051_record_035_frame_12.png,B,35,12,24,0.64,0.44,0.51
FRS_setB_posA_064_posB_044_posC_051_record_035_frame_13.png,B,35,13,26,0.64,0.44,0.51
FRS_setB_posA_064_posB_044_posC_051_record_035_frame_14.png,B,35,14,28,0.64,0.44,0.51
FRS_setB_posA_064_posB_044_posC_051_record_035_frame_15.png,B,35,15,30,0.64,0.44,0.51
FRS_setB_posA_064_posB_044_posC_051_record_035_frame_16.png,B,35,16,32,0.64,0.44,0.51
FRS_setB_posA_064_posB_044_posC_051_record_035_frame_17.png,B,35,17,34,0.64,0.44,0.51
FRS_setB_posA_064_posB_044_posC_051_record_035_frame_18.png,B,35,18,36,0.64,0.44,0.51
FRS_setB_posA_064_posB_044_posC_051_record_035_frame_19.png,B,35,19,38,0.64,0.44,0.51
FRS_setB_posA_065_posB_044_posC_051_record_036_frame_00.png,B,36,0,0,0.65,0.44,0.51
FRS_setB_posA_065_posB_044_posC_051_record_036_frame_01.png,B,36,1,2,0.65,0.44,0.51
FRS_setB_posA_065_posB_044_posC_051_record_036_frame_02.png,B,36,2,4,0.65,0.44,0.51
FRS_setB_posA_065_posB_044_posC_051_record_036_frame_03.png,B,36,3,6,0.65,0.44,0.51
FRS_setB_posA_065_posB_044_posC_051_record_036_frame_04.png,B,36,4,8,0.65,0.44,0.51
FRS_setB_posA_065_posB_044_posC_051_record_036_frame_05.png,B,36,5,10,0.65,0.44,0.51
FRS_setB_posA_065_posB_044_posC_051_record_036_frame_06.png,B,36,6,12,0.65,0.44,0.51
FRS_setB_posA_065_posB_044_posC_051_record_036_frame_07.png,B,36,7,14,0.65,0.44,0.51
FRS_setB_posA_065_posB_044_posC_051_record_036_frame_08.png,B,36,8,16,0.65,0.44,0.51
FRS_setB_posA_065_posB_044_posC_051_record_036_frame_09.png,B,36,9,18,0.65,0.44,0.51
FRS_setB_posA_065_posB_044_posC_051_record_036_frame_10.png,B,36,10,20,0.65,0.44,0.51
FRS_setB_posA_065_posB_044_posC_051_record_036_frame_11.png,B,36,11,22,0.65,0.44,0.51
FRS_setB_posA_065_posB_044_posC_051_record_036_frame_12.png,B,36,12,24,0.65,0.44,0.51
FRS_setB_posA_065_posB_044_posC_051_record_036_frame_13.png,B,36,13,26,0.65,0.44,0.51
FRS_setB_posA_065_posB_044_posC_051_record_036_frame_14.png,B,36,14,28,0.65,0.44,0.51
FRS_setB_posA_065_posB_044_posC_051_record_036_frame_15.png,B,36,15,30,0.65,0.44,0.51
FRS_setB_posA_065_posB_044_posC_051_record_036_frame_16.png,B,36,16,32,0.65,0.44,0.51
FRS_setB_posA_065_posB_044_posC_051_record_036_frame_17.png,B,36,17,34,0.65,0.44,0.51
FRS_setB_posA_065_posB_044_posC_051_record_036_frame_18.png,B,36,18,36,0.65,0.44,0.51
FRS_setB_posA_065_posB_044_posC_051_record_036_frame_19.png,B,36,19,38,0.65,0.44,0.51
FRS_setB_posA_066_posB_044_posC_052_record_037_frame_00.png,B,37,0,0,0.66,0.44,0.52
FRS_setB_posA_066_posB_044_posC_052_record_037_frame_01.png,B,37,1,2,0.66,0.44,0.52
FRS_setB_posA_066_posB_044_posC_052_record_037_frame_02.png,B,37,2,4,0.66,0.44,0.52
FRS_setB_posA_066_posB_044_posC_052_record_037_frame_03.png,B,37,3,6,0.66,0.44,0.52
FRS_setB_posA_066_posB_044_posC_052_record_037_frame_04.png,B,37,4,8,0.66,0.44,0.52
FRS_setB_posA_066_posB_044_posC_052_record_037_frame_05.png,B,37,5,10,0.66,0.44,0.52
FRS_setB_posA_066_posB_044_posC_052_record_037_frame_06.png,B,37,6,12,0.66,0.44,0.52
FRS_setB_posA_066_posB_044_posC_052_record_037_frame_07.png,B,37,7,14,0.66,0.44,0.52
FRS_setB_posA_066_posB_044_posC_052_record_037_frame_08.png,B,37,8,16,0.66,0.44,0.52
FRS_setB_posA_066_posB_044_posC_052_record_037_frame_09.png,B,37,9,18,0.66,0.44,0.52
FRS_setB_posA_066_posB_044_posC_052_record_037_frame_10.png,B,37,10,20,0.66,0.44,0.52
FRS_setB_posA_066_posB_044_posC_052_record_037_frame_11.png,B,37,11,22,0.66,0.44,0.52
FRS_setB_posA_066_posB_044_posC_052_record_037_frame_12.png,B,37,12,24,0.66,0.44,0.52
FRS_setB_posA_066_posB_044_posC_052_record_037_frame_13.png,B,37,13,26,0.66,0.44,0.52
FRS_setB_posA_066_posB_044_posC_052_record_037_frame_14.png,B,37,14,28,0.66,0.44,0.52
FRS_setB_posA_066_posB_044_posC_052_record_037_frame_15.png,B,37,15,30,0.66,0.44,0.52
FRS_setB_posA_066_posB_044_posC_052_record_037_frame_16.png,B,37,16,32,0.66,0.44,0.52
FRS_setB_posA_066_posB_044_posC_052_record_037_frame_17.png,B,37,17,34,0.66,0.44,0.52
FRS_setB_posA_066_posB_044_posC_052_record_037_frame_18.png,B,37,18,36,0.66,0.44,0.52
FRS_setB_posA_066_posB_044_posC_052_record_037_frame_19.png,B,37,19,38,0.66,0.44,0.52
FRS_setB_posA_066_posB_045_posC_052_record_038_frame_00.png,B,38,0,0,0.66,0.45,0.52
FRS_setB_posA_066_posB_045_posC_052_record_038_frame_01.png,B,38,1,2,0.66,0.45,0.52
FRS_setB_posA_066_posB_045_posC_052_record_038_frame_02.png,B,38,2,4,0.66,0.45,0.52
FRS_setB_posA_066_posB_045_posC_052_record_038_frame_03.png,B,38,3,6,0.66,0.45,0.52
FRS_setB_posA_066_posB_045_posC_052_record_038_frame_04.png,B,38,4,8,0.66,0.45,0.52
FRS_setB_posA_066_posB_045_posC_052_record_038_frame_05.png,B,38,5,10,0.66,0.45,0.52
FRS_setB_posA_066_posB_045_posC_052_record_038_frame_06.png,B,38,6,12,0.66,0.45,0.52
FRS_setB_posA_066_posB_045_posC_052_record_038_frame_07.png,B,38,7,14,0.66,0.45,0.52
FRS_setB_posA_066_posB_045_posC_052_record_038_frame_08.png,B,38,8,16,0.66,0.45,0.52
FRS_setB_posA_066_posB_045_posC_052_record_038_frame_09.png,B,38,9,18,0.66,0.45,0.52
FRS_setB_posA_066_posB_045_posC_052_record_038_frame_10.png,B,38,10,20,0.66,0.45,0.52
FRS_setB_posA_066_posB_045_posC_052_record_038_frame_11.png,B,38,11,22,0.66,0.45,0.52
FRS_setB_posA_066_posB_045_posC_052_record_038_frame_12.png,B,38,12,24,0.66,0.45,0.52
FRS_setB_posA_066_posB_045_posC_052_record_038_frame_13.png,B,38,13,26,0.66,0.45,0.52
FRS_setB_posA_066_posB_045_posC_052_record_038_frame_14.png,B,38,14,28,0.66,0.45,0.52
FRS_setB_posA_066_posB_045_posC_052_record_038_frame_15.png,B,38,15,30,0.66,0.45,0.52
FRS_setB_posA_066_posB_045_posC_052_record_038_frame_16.png,B,38,16,32,0.66,0.45,0.52
FRS_setB_posA_066_posB_045_posC_052_record_038_frame_17.png,B,38,17,34,0.66,0.45,0.52
FRS_setB_posA_066_posB_045_posC_052_record_038_frame_18.png,B,38,18,36,0.66,0.45,0.52
FRS_setB_posA_066_posB_045_posC_052_record_038_frame_19.png,B,38,19,38,0.66,0.45,0.52
FRS_setB_posA_067_posB_045_posC_052_record_039_frame_00.png,B,39,0,0,0.67,0.45,0.52
FRS_setB_posA_067_posB_045_posC_052_record_039_frame_01.png,B,39,1,2,0.67,0.45,0.52
FRS_setB_posA_067_posB_045_posC_052_record_039_frame_02.png,B,39,2,4,0.67,0.45,0.52
FRS_setB_posA_067_posB_045_posC_052_record_039_frame_03.png,B,39,3,6,0.67,0.45,0.52
FRS_setB_posA_067_posB_045_posC_052_record_039_frame_04.png,B,39,4,8,0.67,0.45,0.52
FRS_setB_posA_067_posB_045_posC_052_record_039_frame_05.png,B,39,5,10,0.67,0.45,0.52
FRS_setB_posA_067_posB_045_posC_052_record_039_frame_06.png,B,39,6,12,0.67,0.45,0.52
FRS_setB_posA_067_posB_045_posC_052_record_039_frame_07.png,B,39,7,14,0.67,0.45,0.52
FRS_setB_posA_067_posB_045_posC_052_record_039_frame_08.png,B,39,8,16,0.67,0.45,0.52
FRS_setB_posA_067_posB_045_posC_052_record_039_frame_09.png,B,39,9,18,0.67,0.45,0.52
FRS_setB_posA_067_posB_045_posC_052_record_039_frame_10.png,B,39,10,20,0.67,0.45,0.52
FRS_setB_posA_067_posB_045_posC_052_record_039_frame_11.png,B,39,11,22,0.67,0.45,0.52
FRS_setB_posA_067_posB_045_posC_052_record_039_frame_12.png,B,39,12,24,0.67,0.45,0.52
FRS_setB_posA_067_posB_045_posC_052_record_039_frame_13.png,B,39,13,26,0.67,0.45,0.52
FRS_setB_posA_067_posB_045_posC_052_record_039_frame_14.png,B,39,14,28,0.67,0.45,0.52
FRS_setB_posA_067_posB_045_posC_052_record_039_frame_15.png,B,39,15,30,0.67,0.45,0.52
FRS_setB_posA_067_posB_045_posC_052_record_039_frame_16.png,B,39,16,32,0.67,0.45,0.52
FRS_setB_posA_067_posB_045_posC_052_record_039_frame_17.png,B,39,17,34,0.67,0.45,0.52
FRS_setB_posA_067_posB_045_posC_052_record_039_frame_18.png,B,39,18,36,0.67,0.45,0.52
FRS_setB_posA_067_posB_045_posC_052_record_039_frame_19.png,B,39,19,38,0.67,0.45,0.52
FRS_setB_posA_067_posB_046_posC_053_record_040_frame_00.png,B,40,0,0,0.67,0.46,0.53
FRS_setB_posA_067_posB_046_posC_053_record_040_frame_01.png,B,40,1,2,0.67,0.46,0.53
FRS_setB_posA_067_posB_046_posC_053_record_040_frame_02.png,B,40,2,4,0.67,0.46,0.53
FRS_setB_posA_067_posB_046_posC_053_record_040_frame_03.png,B,40,3,6,0.67,0.46,0.53
FRS_setB_posA_067_posB_046_posC_053_record_040_frame_04.png,B,40,4,8,0.67,0.46,0.53
FRS_setB_posA_067_posB_046_posC_053_record_040_frame_05.png,B,40,5,10,0.67,0.46,0.53
FRS_setB_posA_067_posB_046_posC_053_record_040_frame_06.png,B,40,6,12,0.67,0.46,0.53
FRS_setB_posA_067_posB_046_posC_053_record_040_frame_07.png,B,40,7,14,0.67,0.46,0.53
FRS_setB_posA_067_posB_046_posC_053_record_040_frame_08.png,B,40,8,16,0.67,0.46,0.53
FRS_setB_posA_067_posB_046_posC_053_record_040_frame_09.png,B,40,9,18,0.67,0.46,0.53
FRS_setB_posA_067_posB_046_posC_053_record_040_frame_10.png,B,40,10,20,0.67,0.46,0.53
FRS_setB_posA_067_posB_046_posC_053_record_040_frame_11.png,B,40,11,22,0.67,0.46,0.53
FRS_setB_posA_067_posB_046_posC_053_record_040_frame_12.png,B,40,12,24,0.67,0.46,0.53
FRS_setB_posA_067_posB_046_posC_053_record_040_frame_13.png,B,40,13,26,0.67,0.46,0.53
FRS_setB_posA_067_posB_046_posC_053_record_040_frame_14.png,B,40,14,28,0.67,0.46,0.53
FRS_setB_posA_067_posB_046_posC_053_record_040_frame_15.png,B,40,15,30,0.67,0.46,0.53
FRS_setB_posA_067_posB_046_posC_053_record_040_frame_16.png,B,40,16,32,0.67,0.46,0.53
FRS_setB_posA_067_posB_046_posC_053_record_040_frame_17.png,B,40,17,34,0.67,0.46,0.53
FRS_setB_posA_067_posB_046_posC_053_record_040_frame_18.png,B,40,18,36,0.67,0.46,0.53
FRS_setB_posA_067_posB_046_posC_053_record_040_frame_19.png,B,40,19,38,0.67,0.46,0.53
FRS_setB_posA_068_posB_046_posC_053_record_041_frame_00.png,B,41,0,0,0.68,0.46,0.53
FRS_setB_posA_068_posB_046_posC_053_record_041_frame_01.png,B,41,1,2,0.68,0.46,0.53
FRS_setB_posA_068_posB_046_posC_053_record_041_frame_02.png,B,41,2,4,0.68,0.46,0.53
FRS_setB_posA_068_posB_046_posC_053_record_041_frame_03.png,B,41,3,6,0.68,0.46,0.53
FRS_setB_posA_068_posB_046_posC_053_record_041_frame_04.png,B,41,4,8,0.68,0.46,0.53
FRS_setB_posA_068_posB_046_posC_053_record_041_frame_05.png,B,41,5,10,0.68,0.46,0.53
FRS_setB_posA_068_posB_046_posC_053_record_041_frame_06.png,B,41,6,12,0.68,0.46,0.53
FRS_setB_posA_068_posB_046_posC_053_record_041_frame_07.png,B,41,7,14,0.68,0.46,0.53
FRS_setB_posA_068_posB_046_posC_053_record_041_frame_08.png,B,41,8,16,0.68,0.46,0.53
FRS_setB_posA_068_posB_046_posC_053_record_041_frame_09.png,B,41,9,18,0.68,0.46,0.53
FRS_setB_posA_068_posB_046_posC_053_record_041_frame_10.png,B,41,10,20,0.68,0.46,0.53
FRS_setB_posA_068_posB_046_posC_053_record_041_frame_11.png,B,41,11,22,0.68,0.46,0.53
FRS_setB_posA_068_posB_046_posC_053_record_041_frame_12.png,B,41,12,24,0.68,0.46,0.53
FRS_setB_posA_068_posB_046_posC_053_record_041_frame_13.png,B,41,13,26,0.68,0.46,0.53
FRS_setB_posA_068_posB_046_posC_053_record_041_frame_14.png,B,41,14,28,0.68,0.46,0.53
FRS_setB_posA_068_posB_046_posC_053_record_041_frame_15.png,B,41,15,30,0.68,0.46,0.53
FRS_setB_posA_068_posB_046_posC_053_record_041_frame_16.png,B,41,16,32,0.68,0.46,0.53
FRS_setB_posA_068_posB_046_posC_053_record_041_frame_17.png,B,41,17,34,0.68,0.46,0.53
FRS_setB_posA_068_posB_046_posC_053_record_041_frame_18.png,B,41,18,36,0.68,0.46,0.53
FRS_setB_posA_068_posB_046_posC_053_record_041_frame_19.png,B,41,19,38,0.68,0.46,0.53
FRS_setB_posA_069_posB_047_posC_054_record_042_frame_00.png,B,42,0,0,0.69,0.47,0.54
FRS_setB_posA_069_posB_047_posC_054_record_042_frame_01.png,B,42,1,2,0.69,0.47,0.54
FRS_setB_posA_069_posB_047_posC_054_record_042_frame_02.png,B,42,2,4,0.69,0.47,0.54
FRS_setB_posA_069_posB_047_posC_054_record_042_frame_03.png,B,42,3,6,0.69,0.47,0.54
FRS_setB_posA_069_posB_047_posC_054_record_042_frame_04.png,B,42,4,8,0.69,0.47,0.54
FRS_setB_posA_069_posB_047_posC_054_record_042_frame_05.png,B,42,5,10,0.69,0.47,0.54
FRS_setB_posA_069_posB_047_posC_054_record_042_frame_06.png,B,42,6,12,0.69,0.47,0.54
FRS_setB_posA_069_posB_047_posC_054_record_042_frame_07.png,B,42,7,14,0.69,0.47,0.54
FRS_setB_posA_069_posB_047_posC_054_record_042_frame_08.png,B,42,8,16,0.69,0.47,0.54
FRS_setB_posA_069_posB_047_posC_054_record_042_frame_09.png,B,42,9,18,0.69,0.47,0.54
FRS_setB_posA_069_posB_047_posC_054_record_042_frame_10.png,B,42,10,20,0.69,0.47,0.54
FRS_setB_posA_069_posB_047_posC_054_record_042_frame_11.png,B,42,11,22,0.69,0.47,0.54
FRS_setB_posA_069_posB_047_posC_054_record_042_frame_12.png,B,42,12,24,0.69,0.47,0.54
FRS_setB_posA_069_posB_047_posC_054_record_042_frame_13.png,B,42,13,26,0.69,0.47,0.54
FRS_setB_posA_069_posB_047_posC_054_record_042_frame_14.png,B,42,14,28,0.69,0.47,0.54
FRS_setB_posA_069_posB_047_posC_054_record_042_frame_15.png,B,42,15,30,0.69,0.47,0.54
FRS_setB_posA_069_posB_047_posC_054_record_042_frame_16.png,B,42,16,32,0.69,0.47,0.54
FRS_setB_posA_069_posB_047_posC_054_record_042_frame_17.png,B,42,17,34,0.69,0.47,0.54
FRS_setB_posA_069_posB_047_posC_054_record_042_frame_18.png,B,42,18,36,0.69,0.47,0.54
FRS_setB_posA_069_posB_047_posC_054_record_042_frame_19.png,B,42,19,38,0.69,0.47,0.54
FRS_setB_posA_070_posB_047_posC_054_record_043_frame_00.png,B,43,0,0,0.7,0.47,0.54
FRS_setB_posA_070_posB_047_posC_054_record_043_frame_01.png,B,43,1,2,0.7,0.47,0.54
FRS_setB_posA_070_posB_047_posC_054_record_043_frame_02.png,B,43,2,4,0.7,0.47,0.54
FRS_setB_posA_070_posB_047_posC_054_record_043_frame_03.png,B,43,3,6,0.7,0.47,0.54
FRS_setB_posA_070_posB_047_posC_054_record_043_frame_04.png,B,43,4,8,0.7,0.47,0.54
FRS_setB_posA_070_posB_047_posC_054_record_043_frame_05.png,B,43,5,10,0.7,0.47,0.54
FRS_setB_posA_070_posB_047_posC_054_record_043_frame_06.png,B,43,6,12,0.7,0.47,0.54
FRS_setB_posA_070_posB_047_posC_054_record_043_frame_07.png,B,43,7,14,0.7,0.47,0.54
FRS_setB_posA_070_posB_047_posC_054_record_043_frame_08.png,B,43,8,16,0.7,0.47,0.54
FRS_setB_posA_070_posB_047_posC_054_record_043_frame_09.png,B,43,9,18,0.7,0.47,0.54
FRS_setB_posA_070_posB_047_posC_054_record_043_frame_10.png,B,43,10,20,0.7,0.47,0.54
FRS_setB_posA_070_posB_047_posC_054_record_043_frame_11.png,B,43,11,22,0.7,0.47,0.54
FRS_setB_posA_070_posB_047_posC_054_record_043_frame_12.png,B,43,12,24,0.7,0.47,0.54
FRS_setB_posA_070_posB_047_posC_054_record_043_frame_13.png,B,43,13,26,0.7,0.47,0.54
FRS_setB_posA_070_posB_047_posC_054_record_043_frame_14.png,B,43,14,28,0.7,0.47,0.54
FRS_setB_posA_070_posB_047_posC_054_record_043_frame_15.png,B,43,15,30,0.7,0.47,0.54
FRS_setB_posA_070_posB_047_posC_054_record_043_frame_16.png,B,43,16,32,0.7,0.47,0.54
FRS_setB_posA_070_posB_047_posC_054_record_043_frame_17.png,B,43,17,34,0.7,0.47,0.54
FRS_setB_posA_070_posB_047_posC_054_record_043_frame_18.png,B,43,18,36,0.7,0.47,0.54
FRS_setB_posA_070_posB_047_posC_054_record_043_frame_19.png,B,43,19,38,0.7,0.47,0.54
FRS_setB_posA_071_posB_049_posC_055_record_044_frame_00.png,B,44,0,0,0.71,0.49,0.55
FRS_setB_posA_071_posB_049_posC_055_record_044_frame_01.png,B,44,1,2,0.71,0.49,0.55
FRS_setB_posA_071_posB_049_posC_055_record_044_frame_02.png,B,44,2,4,0.71,0.49,0.55
FRS_setB_posA_071_posB_049_posC_055_record_044_frame_03.png,B,44,3,6,0.71,0.49,0.55
FRS_setB_posA_071_posB_049_posC_055_record_044_frame_04.png,B,44,4,8,0.71,0.49,0.55
FRS_setB_posA_071_posB_049_posC_055_record_044_frame_05.png,B,44,5,10,0.71,0.49,0.55
FRS_setB_posA_071_posB_049_posC_055_record_044_frame_06.png,B,44,6,12,0.71,0.49,0.55
FRS_setB_posA_071_posB_049_posC_055_record_044_frame_07.png,B,44,7,14,0.71,0.49,0.55
FRS_setB_posA_071_posB_049_posC_055_record_044_frame_08.png,B,44,8,16,0.71,0.49,0.55
FRS_setB_posA_071_posB_049_posC_055_record_044_frame_09.png,B,44,9,18,0.71,0.49,0.55
FRS_setB_posA_071_posB_049_posC_055_record_044_frame_10.png,B,44,10,20,0.71,0.49,0.55
FRS_setB_posA_071_posB_049_posC_055_record_044_frame_11.png,B,44,11,22,0.71,0.49,0.55
FRS_setB_posA_071_posB_049_posC_055_record_044_frame_12.png,B,44,12,24,0.71,0.49,0.55
FRS_setB_posA_071_posB_049_posC_055_record_044_frame_13.png,B,44,13,26,0.71,0.49,0.55
FRS_setB_posA_071_posB_049_posC_055_record_044_frame_14.png,B,44,14,28,0.71,0.49,0.55
FRS_setB_posA_071_posB_049_posC_055_record_044_frame_15.png,B,44,15,30,0.71,0.49,0.55
FRS_setB_posA_071_posB_049_posC_055_record_044_frame_16.png,B,44,16,32,0.71,0.49,0.55
FRS_setB_posA_071_posB_049_posC_055_record_044_frame_17.png,B,44,17,34,0.71,0.49,0.55
FRS_setB_posA_071_posB_049_posC_055_record_044_frame_18.png,B,44,18,36,0.71,0.49,0.55
FRS_setB_posA_071_posB_049_posC_055_record_044_frame_19.png,B,44,19,38,0.71,0.49,0.55
FRS_setB_posA_072_posB_049_posC_056_record_045_frame_00.png,B,45,0,0,0.72,0.49,0.56
FRS_setB_posA_072_posB_049_posC_056_record_045_frame_01.png,B,45,1,2,0.72,0.49,0.56
FRS_setB_posA_072_posB_049_posC_056_record_045_frame_02.png,B,45,2,4,0.72,0.49,0.56
FRS_setB_posA_072_posB_049_posC_056_record_045_frame_03.png,B,45,3,6,0.72,0.49,0.56
FRS_setB_posA_072_posB_049_posC_056_record_045_frame_04.png,B,45,4,8,0.72,0.49,0.56
FRS_setB_posA_072_posB_049_posC_056_record_045_frame_05.png,B,45,5,10,0.72,0.49,0.56
FRS_setB_posA_072_posB_049_posC_056_record_045_frame_06.png,B,45,6,12,0.72,0.49,0.56
FRS_setB_posA_072_posB_049_posC_056_record_045_frame_07.png,B,45,7,14,0.72,0.49,0.56
FRS_setB_posA_072_posB_049_posC_056_record_045_frame_08.png,B,45,8,16,0.72,0.49,0.56
FRS_setB_posA_072_posB_049_posC_056_record_045_frame_09.png,B,45,9,18,0.72,0.49,0.56
FRS_setB_posA_072_posB_049_posC_056_record_045_frame_10.png,B,45,10,20,0.72,0.49,0.56
FRS_setB_posA_072_posB_049_posC_056_record_045_frame_11.png,B,45,11,22,0.72,0.49,0.56
FRS_setB_posA_072_posB_049_posC_056_record_045_frame_12.png,B,45,12,24,0.72,0.49,0.56
FRS_setB_posA_072_posB_049_posC_056_record_045_frame_13.png,B,45,13,26,0.72,0.49,0.56
FRS_setB_posA_072_posB_049_posC_056_record_045_frame_14.png,B,45,14,28,0.72,0.49,0.56
FRS_setB_posA_072_posB_049_posC_056_record_045_frame_15.png,B,45,15,30,0.72,0.49,0.56
FRS_setB_posA_072_posB_049_posC_056_record_045_frame_16.png,B,45,16,32,0.72,0.49,0.56
FRS_setB_posA_072_posB_049_posC_056_record_045_frame_17.png,B,45,17,34,0.72,0.49,0.56
FRS_setB_posA_072_posB_049_posC_056_record_045_frame_18.png,B,45,18,36,0.72,0.49,0.56
FRS_setB_posA_072_posB_049_posC_056_record_045_frame_19.png,B,45,19,38,0.72,0.49,0.56
FRS_setB_posA_073_posB_050_posC_056_record_046_frame_00.png,B,46,0,0,0.73,0.5,0.56
FRS_setB_posA_073_posB_050_posC_056_record_046_frame_01.png,B,46,1,2,0.73,0.5,0.56
FRS_setB_posA_073_posB_050_posC_056_record_046_frame_02.png,B,46,2,4,0.73,0.5,0.56
FRS_setB_posA_073_posB_050_posC_056_record_046_frame_03.png,B,46,3,6,0.73,0.5,0.56
FRS_setB_posA_073_posB_050_posC_056_record_046_frame_04.png,B,46,4,8,0.73,0.5,0.56
FRS_setB_posA_073_posB_050_posC_056_record_046_frame_05.png,B,46,5,10,0.73,0.5,0.56
FRS_setB_posA_073_posB_050_posC_056_record_046_frame_06.png,B,46,6,12,0.73,0.5,0.56
FRS_setB_posA_073_posB_050_posC_056_record_046_frame_07.png,B,46,7,14,0.73,0.5,0.56
FRS_setB_posA_073_posB_050_posC_056_record_046_frame_08.png,B,46,8,16,0.73,0.5,0.56
FRS_setB_posA_073_posB_050_posC_056_record_046_frame_09.png,B,46,9,18,0.73,0.5,0.56
FRS_setB_posA_073_posB_050_posC_056_record_046_frame_10.png,B,46,10,20,0.73,0.5,0.56
FRS_setB_posA_073_posB_050_posC_056_record_046_frame_11.png,B,46,11,22,0.73,0.5,0.56
FRS_setB_posA_073_posB_050_posC_056_record_046_frame_12.png,B,46,12,24,0.73,0.5,0.56
FRS_setB_posA_073_posB_050_posC_056_record_046_frame_13.png,B,46,13,26,0.73,0.5,0.56
FRS_setB_posA_073_posB_050_posC_056_record_046_frame_14.png,B,46,14,28,0.73,0.5,0.56
FRS_setB_posA_073_posB_050_posC_056_record_046_frame_15.png,B,46,15,30,0.73,0.5,0.56
FRS_setB_posA_073_posB_050_posC_056_record_046_frame_16.png,B,46,16,32,0.73,0.5,0.56
FRS_setB_posA_073_posB_050_posC_056_record_046_frame_17.png,B,46,17,34,0.73,0.5,0.56
FRS_setB_posA_073_posB_050_posC_056_record_046_frame_18.png,B,46,18,36,0.73,0.5,0.56
FRS_setB_posA_073_posB_050_posC_056_record_046_frame_19.png,B,46,19,38,0.73,0.5,0.56
FRS_setB_posA_073_posB_050_posC_057_record_047_frame_00.png,B,47,0,0,0.73,0.5,0.57
FRS_setB_posA_073_posB_050_posC_057_record_047_frame_01.png,B,47,1,2,0.73,0.5,0.57
FRS_setB_posA_073_posB_050_posC_057_record_047_frame_02.png,B,47,2,4,0.73,0.5,0.57
FRS_setB_posA_073_posB_050_posC_057_record_047_frame_03.png,B,47,3,6,0.73,0.5,0.57
FRS_setB_posA_073_posB_050_posC_057_record_047_frame_04.png,B,47,4,8,0.73,0.5,0.57
FRS_setB_posA_073_posB_050_posC_057_record_047_frame_05.png,B,47,5,10,0.73,0.5,0.57
FRS_setB_posA_073_posB_050_posC_057_record_047_frame_06.png,B,47,6,12,0.73,0.5,0.57
FRS_setB_posA_073_posB_050_posC_057_record_047_frame_07.png,B,47,7,14,0.73,0.5,0.57
FRS_setB_posA_073_posB_050_posC_057_record_047_frame_08.png,B,47,8,16,0.73,0.5,0.57
FRS_setB_posA_073_posB_050_posC_057_record_047_frame_09.png,B,47,9,18,0.73,0.5,0.57
FRS_setB_posA_073_posB_050_posC_057_record_047_frame_10.png,B,47,10,20,0.73,0.5,0.57
FRS_setB_posA_073_posB_050_posC_057_record_047_frame_11.png,B,47,11,22,0.73,0.5,0.57
FRS_setB_posA_073_posB_050_posC_057_record_047_frame_12.png,B,47,12,24,0.73,0.5,0.57
FRS_setB_posA_073_posB_050_posC_057_record_047_frame_13.png,B,47,13,26,0.73,0.5,0.57
FRS_setB_posA_073_posB_050_posC_057_record_047_frame_14.png,B,47,14,28,0.73,0.5,0.57
FRS_setB_posA_073_posB_050_posC_057_record_047_frame_15.png,B,47,15,30,0.73,0.5,0.57
FRS_setB_posA_073_posB_050_posC_057_record_047_frame_16.png,B,47,16,32,0.73,0.5,0.57
FRS_setB_posA_073_posB_050_posC_057_record_047_frame_17.png,B,47,17,34,0.73,0.5,0.57
FRS_setB_posA_073_posB_050_posC_057_record_047_frame_18.png,B,47,18,36,0.73,0.5,0.57
FRS_setB_posA_073_posB_050_posC_057_record_047_frame_19.png,B,47,19,38,0.73,0.5,0.57
FRS_setB_posA_074_posB_051_posC_057_record_048_frame_00.png,B,48,0,0,0.74,0.51,0.57
FRS_setB_posA_074_posB_051_posC_057_record_048_frame_01.png,B,48,1,2,0.74,0.51,0.57
FRS_setB_posA_074_posB_051_posC_057_record_048_frame_02.png,B,48,2,4,0.74,0.51,0.57
FRS_setB_posA_074_posB_051_posC_057_record_048_frame_03.png,B,48,3,6,0.74,0.51,0.57
FRS_setB_posA_074_posB_051_posC_057_record_048_frame_04.png,B,48,4,8,0.74,0.51,0.57
FRS_setB_posA_074_posB_051_posC_057_record_048_frame_05.png,B,48,5,10,0.74,0.51,0.57
FRS_setB_posA_074_posB_051_posC_057_record_048_frame_06.png,B,48,6,12,0.74,0.51,0.57
FRS_setB_posA_074_posB_051_posC_057_record_048_frame_07.png,B,48,7,14,0.74,0.51,0.57
FRS_setB_posA_074_posB_051_posC_057_record_048_frame_08.png,B,48,8,16,0.74,0.51,0.57
FRS_setB_posA_074_posB_051_posC_057_record_048_frame_09.png,B,48,9,18,0.74,0.51,0.57
FRS_setB_posA_074_posB_051_posC_057_record_048_frame_10.png,B,48,10,20,0.74,0.51,0.57
FRS_setB_posA_074_posB_051_posC_057_record_048_frame_11.png,B,48,11,22,0.74,0.51,0.57
FRS_setB_posA_074_posB_051_posC_057_record_048_frame_12.png,B,48,12,24,0.74,0.51,0.57
FRS_setB_posA_074_posB_051_posC_057_record_048_frame_13.png,B,48,13,26,0.74,0.51,0.57
FRS_setB_posA_074_posB_051_posC_057_record_048_frame_14.png,B,48,14,28,0.74,0.51,0.57
FRS_setB_posA_074_posB_051_posC_057_record_048_frame_15.png,B,48,15,30,0.74,0.51,0.57
FRS_setB_posA_074_posB_051_posC_057_record_048_frame_16.png,B,48,16,32,0.74,0.51,0.57
FRS_setB_posA_074_posB_051_posC_057_record_048_frame_17.png,B,48,17,34,0.74,0.51,0.57
FRS_setB_posA_074_posB_051_posC_057_record_048_frame_18.png,B,48,18,36,0.74,0.51,0.57
FRS_setB_posA_074_posB_051_posC_057_record_048_frame_19.png,B,48,19,38,0.74,0.51,0.57
FRS_setB_posA_075_posB_051_posC_058_record_049_frame_00.png,B,49,0,0,0.75,0.51,0.58
FRS_setB_posA_075_posB_051_posC_058_record_049_frame_01.png,B,49,1,2,0.75,0.51,0.58
FRS_setB_posA_075_posB_051_posC_058_record_049_frame_02.png,B,49,2,4,0.75,0.51,0.58
FRS_setB_posA_075_posB_051_posC_058_record_049_frame_03.png,B,49,3,6,0.75,0.51,0.58
FRS_setB_posA_075_posB_051_posC_058_record_049_frame_04.png,B,49,4,8,0.75,0.51,0.58
FRS_setB_posA_075_posB_051_posC_058_record_049_frame_05.png,B,49,5,10,0.75,0.51,0.58
FRS_setB_posA_075_posB_051_posC_058_record_049_frame_06.png,B,49,6,12,0.75,0.51,0.58
FRS_setB_posA_075_posB_051_posC_058_record_049_frame_07.png,B,49,7,14,0.75,0.51,0.58
FRS_setB_posA_075_posB_051_posC_058_record_049_frame_08.png,B,49,8,16,0.75,0.51,0.58
FRS_setB_posA_075_posB_051_posC_058_record_049_frame_09.png,B,49,9,18,0.75,0.51,0.58
FRS_setB_posA_075_posB_051_posC_058_record_049_frame_10.png,B,49,10,20,0.75,0.51,0.58
FRS_setB_posA_075_posB_051_posC_058_record_049_frame_11.png,B,49,11,22,0.75,0.51,0.58
FRS_setB_posA_075_posB_051_posC_058_record_049_frame_12.png,B,49,12,24,0.75,0.51,0.58
FRS_setB_posA_075_posB_051_posC_058_record_049_frame_13.png,B,49,13,26,0.75,0.51,0.58
FRS_setB_posA_075_posB_051_posC_058_record_049_frame_14.png,B,49,14,28,0.75,0.51,0.58
FRS_setB_posA_075_posB_051_posC_058_record_049_frame_15.png,B,49,15,30,0.75,0.51,0.58
FRS_setB_posA_075_posB_051_posC_058_record_049_frame_16.png,B,49,16,32,0.75,0.51,0.58
FRS_setB_posA_075_posB_051_posC_058_record_049_frame_17.png,B,49,17,34,0.75,0.51,0.58
FRS_setB_posA_075_posB_051_posC_058_record_049_frame_18.png,B,49,18,36,0.75,0.51,0.58
FRS_setB_posA_075_posB_051_posC_058_record_049_frame_19.png,B,49,19,38,0.75,0.51,0.58
FRS_setB_posA_076_posB_052_posC_058_record_050_frame_00.png,B,50,0,0,0.76,0.52,0.58
FRS_setB_posA_076_posB_052_posC_058_record_050_frame_01.png,B,50,1,2,0.76,0.52,0.58
FRS_setB_posA_076_posB_052_posC_058_record_050_frame_02.png,B,50,2,4,0.76,0.52,0.58
FRS_setB_posA_076_posB_052_posC_058_record_050_frame_03.png,B,50,3,6,0.76,0.52,0.58
FRS_setB_posA_076_posB_052_posC_058_record_050_frame_04.png,B,50,4,8,0.76,0.52,0.58
FRS_setB_posA_076_posB_052_posC_058_record_050_frame_05.png,B,50,5,10,0.76,0.52,0.58
FRS_setB_posA_076_posB_052_posC_058_record_050_frame_06.png,B,50,6,12,0.76,0.52,0.58
FRS_setB_posA_076_posB_052_posC_058_record_050_frame_07.png,B,50,7,14,0.76,0.52,0.58
FRS_setB_posA_076_posB_052_posC_058_record_050_frame_08.png,B,50,8,16,0.76,0.52,0.58
FRS_setB_posA_076_posB_052_posC_058_record_050_frame_09.png,B,50,9,18,0.76,0.52,0.58
FRS_setB_posA_076_posB_052_posC_058_record_050_frame_10.png,B,50,10,20,0.76,0.52,0.58
FRS_setB_posA_076_posB_052_posC_058_record_050_frame_11.png,B,50,11,22,0.76,0.52,0.58
FRS_setB_posA_076_posB_052_posC_058_record_050_frame_12.png,B,50,12,24,0.76,0.52,0.58
FRS_setB_posA_076_posB_052_posC_058_record_050_frame_13.png,B,50,13,26,0.76,0.52,0.58
FRS_setB_posA_076_posB_052_posC_058_record_050_frame_14.png,B,50,14,28,0.76,0.52,0.58
FRS_setB_posA_076_posB_052_posC_058_record_050_frame_15.png,B,50,15,30,0.76,0.52,0.58
FRS_setB_posA_076_posB_052_posC_058_record_050_frame_16.png,B,50,16,32,0.76,0.52,0.58
FRS_setB_posA_076_posB_052_posC_058_record_050_frame_17.png,B,50,17,34,0.76,0.52,0.58
FRS_setB_posA_076_posB_052_posC_058_record_050_frame_18.png,B,50,18,36,0.76,0.52,0.58
FRS_setB_posA_076_posB_052_posC_058_record_050_frame_19.png,B,50,19,38,0.76,0.52,0.58
FRS_setB_posA_076_posB_052_posC_059_record_051_frame_00.png,B,51,0,0,0.76,0.52,0.59
FRS_setB_posA_076_posB_052_posC_059_record_051_frame_01.png,B,51,1,2,0.76,0.52,0.59
FRS_setB_posA_076_posB_052_posC_059_record_051_frame_02.png,B,51,2,4,0.76,0.52,0.59
FRS_setB_posA_076_posB_052_posC_059_record_051_frame_03.png,B,51,3,6,0.76,0.52,0.59
FRS_setB_posA_076_posB_052_posC_059_record_051_frame_04.png,B,51,4,8,0.76,0.52,0.59
FRS_setB_posA_076_posB_052_posC_059_record_051_frame_05.png,B,51,5,10,0.76,0.52,0.59
FRS_setB_posA_076_posB_052_posC_059_record_051_frame_06.png,B,51,6,12,0.76,0.52,0.59
FRS_setB_posA_076_posB_052_posC_059_record_051_frame_07.png,B,51,7,14,0.76,0.52,0.59
FRS_setB_posA_076_posB_052_posC_059_record_051_frame_08.png,B,51,8,16,0.76,0.52,0.59
FRS_setB_posA_076_posB_052_posC_059_record_051_frame_09.png,B,51,9,18,0.76,0.52,0.59
FRS_setB_posA_076_posB_052_posC_059_record_051_frame_10.png,B,51,10,20,0.76,0.52,0.59
FRS_setB_posA_076_posB_052_posC_059_record_051_frame_11.png,B,51,11,22,0.76,0.52,0.59
FRS_setB_posA_076_posB_052_posC_059_record_051_frame_12.png,B,51,12,24,0.76,0.52,0.59
FRS_setB_posA_076_posB_052_posC_059_record_051_frame_13.png,B,51,13,26,0.76,0.52,0.59
FRS_setB_posA_076_posB_052_posC_059_record_051_frame_14.png,B,51,14,28,0.76,0.52,0.59
FRS_setB_posA_076_posB_052_posC_059_record_051_frame_15.png,B,51,15,30,0.76,0.52,0.59
FRS_setB_posA_076_posB_052_posC_059_record_051_frame_16.png,B,51,16,32,0.76,0.52,0.59
FRS_setB_posA_076_posB_052_posC_059_record_051_frame_17.png,B,51,17,34,0.76,0.52,0.59
FRS_setB_posA_076_posB_052_posC_059_record_051_frame_18.png,B,51,18,36,0.76,0.52,0.59
FRS_setB_posA_076_posB_052_posC_059_record_051_frame_19.png,B,51,19,38,0.76,0.52,0.59
FRS_setB_posA_076_posB_053_posC_060_record_052_frame_00.png,B,52,0,0,0.76,0.53,0.6
FRS_setB_posA_076_posB_053_posC_060_record_052_frame_01.png,B,52,1,2,0.76,0.53,0.6
FRS_setB_posA_076_posB_053_posC_060_record_052_frame_02.png,B,52,2,4,0.76,0.53,0.6
FRS_setB_posA_076_posB_053_posC_060_record_052_frame_03.png,B,52,3,6,0.76,0.53,0.6
FRS_setB_posA_076_posB_053_posC_060_record_052_frame_04.png,B,52,4,8,0.76,0.53,0.6
FRS_setB_posA_076_posB_053_posC_060_record_052_frame_05.png,B,52,5,10,0.76,0.53,0.6
FRS_setB_posA_076_posB_053_posC_060_record_052_frame_06.png,B,52,6,12,0.76,0.53,0.6
FRS_setB_posA_076_posB_053_posC_060_record_052_frame_07.png,B,52,7,14,0.76,0.53,0.6
FRS_setB_posA_076_posB_053_posC_060_record_052_frame_08.png,B,52,8,16,0.76,0.53,0.6
FRS_setB_posA_076_posB_053_posC_060_record_052_frame_09.png,B,52,9,18,0.76,0.53,0.6
FRS_setB_posA_076_posB_053_posC_060_record_052_frame_10.png,B,52,10,20,0.76,0.53,0.6
FRS_setB_posA_076_posB_053_posC_060_record_052_frame_11.png,B,52,11,22,0.76,0.53,0.6
FRS_setB_posA_076_posB_053_posC_060_record_052_frame_12.png,B,52,12,24,0.76,0.53,0.6
FRS_setB_posA_076_posB_053_posC_060_record_052_frame_13.png,B,52,13,26,0.76,0.53,0.6
FRS_setB_posA_076_posB_053_posC_060_record_052_frame_14.png,B,52,14,28,0.76,0.53,0.6
FRS_setB_posA_076_posB_053_posC_060_record_052_frame_15.png,B,52,15,30,0.76,0.53,0.6
FRS_setB_posA_076_posB_053_posC_060_record_052_frame_16.png,B,52,16,32,0.76,0.53,0.6
FRS_setB_posA_076_posB_053_posC_060_record_052_frame_17.png,B,52,17,34,0.76,0.53,0.6
FRS_setB_posA_076_posB_053_posC_060_record_052_frame_18.png,B,52,18,36,0.76,0.53,0.6
FRS_setB_posA_076_posB_053_posC_060_record_052_frame_19.png,B,52,19,38,0.76,0.53,0.6
FRS_setB_posA_077_posB_053_posC_059_record_053_frame_00.png,B,53,0,0,0.77,0.53,0.59
FRS_setB_posA_077_posB_053_posC_059_record_053_frame_01.png,B,53,1,2,0.77,0.53,0.59
FRS_setB_posA_077_posB_053_posC_059_record_053_frame_02.png,B,53,2,4,0.77,0.53,0.59
FRS_setB_posA_077_posB_053_posC_059_record_053_frame_03.png,B,53,3,6,0.77,0.53,0.59
FRS_setB_posA_077_posB_053_posC_059_record_053_frame_04.png,B,53,4,8,0.77,0.53,0.59
FRS_setB_posA_077_posB_053_posC_059_record_053_frame_05.png,B,53,5,10,0.77,0.53,0.59
FRS_setB_posA_077_posB_053_posC_059_record_053_frame_06.png,B,53,6,12,0.77,0.53,0.59
FRS_setB_posA_077_posB_053_posC_059_record_053_frame_07.png,B,53,7,14,0.77,0.53,0.59
FRS_setB_posA_077_posB_053_posC_059_record_053_frame_08.png,B,53,8,16,0.77,0.53,0.59
FRS_setB_posA_077_posB_053_posC_059_record_053_frame_09.png,B,53,9,18,0.77,0.53,0.59
FRS_setB_posA_077_posB_053_posC_059_record_053_frame_10.png,B,53,10,20,0.77,0.53,0.59
FRS_setB_posA_077_posB_053_posC_059_record_053_frame_11.png,B,53,11,22,0.77,0.53,0.59
FRS_setB_posA_077_posB_053_posC_059_record_053_frame_12.png,B,53,12,24,0.77,0.53,0.59
FRS_setB_posA_077_posB_053_posC_059_record_053_frame_13.png,B,53,13,26,0.77,0.53,0.59
FRS_setB_posA_077_posB_053_posC_059_record_053_frame_14.png,B,53,14,28,0.77,0.53,0.59
FRS_setB_posA_077_posB_053_posC_059_record_053_frame_15.png,B,53,15,30,0.77,0.53,0.59
FRS_setB_posA_077_posB_053_posC_059_record_053_frame_16.png,B,53,16,32,0.77,0.53,0.59
FRS_setB_posA_077_posB_053_posC_059_record_053_frame_17.png,B,53,17,34,0.77,0.53,0.59
FRS_setB_posA_077_posB_053_posC_059_record_053_frame_18.png,B,53,18,36,0.77,0.53,0.59
FRS_setB_posA_077_posB_053_posC_059_record_053_frame_19.png,B,53,19,38,0.77,0.53,0.59
FRS_setB_posA_080_posB_055_posC_060_record_054_frame_00.png,B,54,0,0,0.8,0.55,0.6
FRS_setB_posA_080_posB_055_posC_060_record_054_frame_01.png,B,54,1,2,0.8,0.55,0.6
FRS_setB_posA_080_posB_055_posC_060_record_054_frame_02.png,B,54,2,4,0.8,0.55,0.6
FRS_setB_posA_080_posB_055_posC_060_record_054_frame_03.png,B,54,3,6,0.8,0.55,0.6
FRS_setB_posA_080_posB_055_posC_060_record_054_frame_04.png,B,54,4,8,0.8,0.55,0.6
FRS_setB_posA_080_posB_055_posC_060_record_054_frame_05.png,B,54,5,10,0.8,0.55,0.6
FRS_setB_posA_080_posB_055_posC_060_record_054_frame_06.png,B,54,6,12,0.8,0.55,0.6
FRS_setB_posA_080_posB_055_posC_060_record_054_frame_07.png,B,54,7,14,0.8,0.55,0.6
FRS_setB_posA_080_posB_055_posC_060_record_054_frame_08.png,B,54,8,16,0.8,0.55,0.6
FRS_setB_posA_080_posB_055_posC_060_record_054_frame_09.png,B,54,9,18,0.8,0.55,0.6
FRS_setB_posA_080_posB_055_posC_060_record_054_frame_10.png,B,54,10,20,0.8,0.55,0.6
FRS_setB_posA_080_posB_055_posC_060_record_054_frame_11.png,B,54,11,22,0.8,0.55,0.6
FRS_setB_posA_080_posB_055_posC_060_record_054_frame_12.png,B,54,12,24,0.8,0.55,0.6
FRS_setB_posA_080_posB_055_posC_060_record_054_frame_13.png,B,54,13,26,0.8,0.55,0.6
FRS_setB_posA_080_posB_055_posC_060_record_054_frame_14.png,B,54,14,28,0.8,0.55,0.6
FRS_setB_posA_080_posB_055_posC_060_record_054_frame_15.png,B,54,15,30,0.8,0.55,0.6
FRS_setB_posA_080_posB_055_posC_060_record_054_frame_16.png,B,54,16,32,0.8,0.55,0.6
FRS_setB_posA_080_posB_055_posC_060_record_054_frame_17.png,B,54,17,34,0.8,0.55,0.6
FRS_setB_posA_080_posB_055_posC_060_record_054_frame_18.png,B,54,18,36,0.8,0.55,0.6
FRS_setB_posA_080_posB_055_posC_060_record_054_frame_19.png,B,54,19,38,0.8,0.55,0.6
FRS_setB_posA_080_posB_055_posC_061_record_055_frame_00.png,B,55,0,0,0.8,0.55,0.61
FRS_setB_posA_080_posB_055_posC_061_record_055_frame_01.png,B,55,1,2,0.8,0.55,0.61
FRS_setB_posA_080_posB_055_posC_061_record_055_frame_02.png,B,55,2,4,0.8,0.55,0.61
FRS_setB_posA_080_posB_055_posC_061_record_055_frame_03.png,B,55,3,6,0.8,0.55,0.61
FRS_setB_posA_080_posB_055_posC_061_record_055_frame_04.png,B,55,4,8,0.8,0.55,0.61
FRS_setB_posA_080_posB_055_posC_061_record_055_frame_05.png,B,55,5,10,0.8,0.55,0.61
FRS_setB_posA_080_posB_055_posC_061_record_055_frame_06.png,B,55,6,12,0.8,0.55,0.61
FRS_setB_posA_080_posB_055_posC_061_record_055_frame_07.png,B,55,7,14,0.8,0.55,0.61
FRS_setB_posA_080_posB_055_posC_061_record_055_frame_08.png,B,55,8,16,0.8,0.55,0.61
FRS_setB_posA_080_posB_055_posC_061_record_055_frame_09.png,B,55,9,18,0.8,0.55,0.61
FRS_setB_posA_080_posB_055_posC_061_record_055_frame_10.png,B,55,10,20,0.8,0.55,0.61
FRS_setB_posA_080_posB_055_posC_061_record_055_frame_11.png,B,55,11,22,0.8,0.55,0.61
FRS_setB_posA_080_posB_055_posC_061_record_055_frame_12.png,B,55,12,24,0.8,0.55,0.61
FRS_setB_posA_080_posB_055_posC_061_record_055_frame_13.png,B,55,13,26,0.8,0.55,0.61
FRS_setB_posA_080_posB_055_posC_061_record_055_frame_14.png,B,55,14,28,0.8,0.55,0.61
FRS_setB_posA_080_posB_055_posC_061_record_055_frame_15.png,B,55,15,30,0.8,0.55,0.61
FRS_setB_posA_080_posB_055_posC_061_record_055_frame_16.png,B,55,16,32,0.8,0.55,0.61
FRS_setB_posA_080_posB_055_posC_061_record_055_frame_17.png,B,55,17,34,0.8,0.55,0.61
FRS_setB_posA_080_posB_055_posC_061_record_055_frame_18.png,B,55,18,36,0.8,0.55,0.61
FRS_setB_posA_080_posB_055_posC_061_record_055_frame_19.png,B,55,19,38,0.8,0.55,0.61
FRS_setB_posA_081_posB_055_posC_061_record_056_frame_00.png,B,56,0,0,0.81,0.55,0.61
FRS_setB_posA_081_posB_055_posC_061_record_056_frame_01.png,B,56,1,2,0.81,0.55,0.61
FRS_setB_posA_081_posB_055_posC_061_record_056_frame_02.png,B,56,2,4,0.81,0.55,0.61
FRS_setB_posA_081_posB_055_posC_061_record_056_frame_03.png,B,56,3,6,0.81,0.55,0.61
FRS_setB_posA_081_posB_055_posC_061_record_056_frame_04.png,B,56,4,8,0.81,0.55,0.61
FRS_setB_posA_081_posB_055_posC_061_record_056_frame_05.png,B,56,5,10,0.81,0.55,0.61
FRS_setB_posA_081_posB_055_posC_061_record_056_frame_06.png,B,56,6,12,0.81,0.55,0.61
FRS_setB_posA_081_posB_055_posC_061_record_056_frame_07.png,B,56,7,14,0.81,0.55,0.61
FRS_setB_posA_081_posB_055_posC_061_record_056_frame_08.png,B,56,8,16,0.81,0.55,0.61
FRS_setB_posA_081_posB_055_posC_061_record_056_frame_09.png,B,56,9,18,0.81,0.55,0.61
FRS_setB_posA_081_posB_055_posC_061_record_056_frame_10.png,B,56,10,20,0.81,0.55,0.61
FRS_setB_posA_081_posB_055_posC_061_record_056_frame_11.png,B,56,11,22,0.81,0.55,0.61
FRS_setB_posA_081_posB_055_posC_061_record_056_frame_12.png,B,56,12,24,0.81,0.55,0.61
FRS_setB_posA_081_posB_055_posC_061_record_056_frame_13.png,B,56,13,26,0.81,0.55,0.61
FRS_setB_posA_081_posB_055_posC_061_record_056_frame_14.png,B,56,14,28,0.81,0.55,0.61
FRS_setB_posA_081_posB_055_posC_061_record_056_frame_15.png,B,56,15,30,0.81,0.55,0.61
FRS_setB_posA_081_posB_055_posC_061_record_056_frame_16.png,B,56,16,32,0.81,0.55,0.61
FRS_setB_posA_081_posB_055_posC_061_record_056_frame_17.png,B,56,17,34,0.81,0.55,0.61
FRS_setB_posA_081_posB_055_posC_061_record_056_frame_18.png,B,56,18,36,0.81,0.55,0.61
FRS_setB_posA_081_posB_055_posC_061_record_056_frame_19.png,B,56,19,38,0.81,0.55,0.61
FRS_setB_posA_081_posB_056_posC_061_record_057_frame_00.png,B,57,0,0,0.81,0.56,0.61
FRS_setB_posA_081_posB_056_posC_061_record_057_frame_01.png,B,57,1,2,0.81,0.56,0.61
FRS_setB_posA_081_posB_056_posC_061_record_057_frame_02.png,B,57,2,4,0.81,0.56,0.61
FRS_setB_posA_081_posB_056_posC_061_record_057_frame_03.png,B,57,3,6,0.81,0.56,0.61
FRS_setB_posA_081_posB_056_posC_061_record_057_frame_04.png,B,57,4,8,0.81,0.56,0.61
FRS_setB_posA_081_posB_056_posC_061_record_057_frame_05.png,B,57,5,10,0.81,0.56,0.61
FRS_setB_posA_081_posB_056_posC_061_record_057_frame_06.png,B,57,6,12,0.81,0.56,0.61
FRS_setB_posA_081_posB_056_posC_061_record_057_frame_07.png,B,57,7,14,0.81,0.56,0.61
FRS_setB_posA_081_posB_056_posC_061_record_057_frame_08.png,B,57,8,16,0.81,0.56,0.61
FRS_setB_posA_081_posB_056_posC_061_record_057_frame_09.png,B,57,9,18,0.81,0.56,0.61
FRS_setB_posA_081_posB_056_posC_061_record_057_frame_10.png,B,57,10,20,0.81,0.56,0.61
FRS_setB_posA_081_posB_056_posC_061_record_057_frame_11.png,B,57,11,22,0.81,0.56,0.61
FRS_setB_posA_081_posB_056_posC_061_record_057_frame_12.png,B,57,12,24,0.81,0.56,0.61
FRS_setB_posA_081_posB_056_posC_061_record_057_frame_13.png,B,57,13,26,0.81,0.56,0.61
FRS_setB_posA_081_posB_056_posC_061_record_057_frame_14.png,B,57,14,28,0.81,0.56,0.61
FRS_setB_posA_081_posB_056_posC_061_record_057_frame_15.png,B,57,15,30,0.81,0.56,0.61
FRS_setB_posA_081_posB_056_posC_061_record_057_frame_16.png,B,57,16,32,0.81,0.56,0.61
FRS_setB_posA_081_posB_056_posC_061_record_057_frame_17.png,B,57,17,34,0.81,0.56,0.61
FRS_setB_posA_081_posB_056_posC_061_record_057_frame_18.png,B,57,18,36,0.81,0.56,0.61
FRS_setB_posA_081_posB_056_posC_061_record_057_frame_19.png,B,57,19,38,0.81,0.56,0.61
FRS_setB_posA_082_posB_056_posC_061_record_058_frame_00.png,B,58,0,0,0.82,0.56,0.61
FRS_setB_posA_082_posB_056_posC_061_record_058_frame_01.png,B,58,1,2,0.82,0.56,0.61
FRS_setB_posA_082_posB_056_posC_061_record_058_frame_02.png,B,58,2,4,0.82,0.56,0.61
FRS_setB_posA_082_posB_056_posC_061_record_058_frame_03.png,B,58,3,6,0.82,0.56,0.61
FRS_setB_posA_082_posB_056_posC_061_record_058_frame_04.png,B,58,4,8,0.82,0.56,0.61
FRS_setB_posA_082_posB_056_posC_061_record_058_frame_05.png,B,58,5,10,0.82,0.56,0.61
FRS_setB_posA_082_posB_056_posC_061_record_058_frame_06.png,B,58,6,12,0.82,0.56,0.61
FRS_setB_posA_082_posB_056_posC_061_record_058_frame_07.png,B,58,7,14,0.82,0.56,0.61
FRS_setB_posA_082_posB_056_posC_061_record_058_frame_08.png,B,58,8,16,0.82,0.56,0.61
FRS_setB_posA_082_posB_056_posC_061_record_058_frame_09.png,B,58,9,18,0.82,0.56,0.61
FRS_setB_posA_082_posB_056_posC_061_record_058_frame_10.png,B,58,10,20,0.82,0.56,0.61
FRS_setB_posA_082_posB_056_posC_061_record_058_frame_11.png,B,58,11,22,0.82,0.56,0.61
FRS_setB_posA_082_posB_056_posC_061_record_058_frame_12.png,B,58,12,24,0.82,0.56,0.61
FRS_setB_posA_082_posB_056_posC_061_record_058_frame_13.png,B,58,13,26,0.82,0.56,0.61
FRS_setB_posA_082_posB_056_posC_061_record_058_frame_14.png,B,58,14,28,0.82,0.56,0.61
FRS_setB_posA_082_posB_056_posC_061_record_058_frame_15.png,B,58,15,30,0.82,0.56,0.61
FRS_setB_posA_082_posB_056_posC_061_record_058_frame_16.png,B,58,16,32,0.82,0.56,0.61
FRS_setB_posA_082_posB_056_posC_061_record_058_frame_17.png,B,58,17,34,0.82,0.56,0.61
FRS_setB_posA_082_posB_056_posC_061_record_058_frame_18.png,B,58,18,36,0.82,0.56,0.61
FRS_setB_posA_082_posB_056_posC_061_record_058_frame_19.png,B,58,19,38,0.82,0.56,0.61
FRS_setB_posA_082_posB_056_posC_062_record_059_frame_00.png,B,59,0,0,0.82,0.56,0.62
FRS_setB_posA_082_posB_056_posC_062_record_059_frame_01.png,B,59,1,2,0.82,0.56,0.62
FRS_setB_posA_082_posB_056_posC_062_record_059_frame_02.png,B,59,2,4,0.82,0.56,0.62
FRS_setB_posA_082_posB_056_posC_062_record_059_frame_03.png,B,59,3,6,0.82,0.56,0.62
FRS_setB_posA_082_posB_056_posC_062_record_059_frame_04.png,B,59,4,8,0.82,0.56,0.62
FRS_setB_posA_082_posB_056_posC_062_record_059_frame_05.png,B,59,5,10,0.82,0.56,0.62
FRS_setB_posA_082_posB_056_posC_062_record_059_frame_06.png,B,59,6,12,0.82,0.56,0.62
FRS_setB_posA_082_posB_056_posC_062_record_059_frame_07.png,B,59,7,14,0.82,0.56,0.62
FRS_setB_posA_082_posB_056_posC_062_record_059_frame_08.png,B,59,8,16,0.82,0.56,0.62
FRS_setB_posA_082_posB_056_posC_062_record_059_frame_09.png,B,59,9,18,0.82,0.56,0.62
FRS_setB_posA_082_posB_056_posC_062_record_059_frame_10.png,B,59,10,20,0.82,0.56,0.62
FRS_setB_posA_082_posB_056_posC_062_record_059_frame_11.png,B,59,11,22,0.82,0.56,0.62
FRS_setB_posA_082_posB_056_posC_062_record_059_frame_12.png,B,59,12,24,0.82,0.56,0.62
FRS_setB_posA_082_posB_056_posC_062_record_059_frame_13.png,B,59,13,26,0.82,0.56,0.62
FRS_setB_posA_082_posB_056_posC_062_record_059_frame_14.png,B,59,14,28,0.82,0.56,0.62
FRS_setB_posA_082_posB_056_posC_062_record_059_frame_15.png,B,59,15,30,0.82,0.56,0.62
FRS_setB_posA_082_posB_056_posC_062_record_059_frame_16.png,B,59,16,32,0.82,0.56,0.62
FRS_setB_posA_082_posB_056_posC_062_record_059_frame_17.png,B,59,17,34,0.82,0.56,0.62
FRS_setB_posA_082_posB_056_posC_062_record_059_frame_18.png,B,59,18,36,0.82,0.56,0.62
FRS_setB_posA_082_posB_056_posC_062_record_059_frame_19.png,B,59,19,38,0.82,0.56,0.62
FRS_setB_posA_083_posB_057_posC_062_record_060_frame_00.png,B,60,0,0,0.83,0.57,0.62
FRS_setB_posA_083_posB_057_posC_062_record_060_frame_01.png,B,60,1,2,0.83,0.57,0.62
FRS_setB_posA_083_posB_057_posC_062_record_060_frame_02.png,B,60,2,4,0.83,0.57,0.62
FRS_setB_posA_083_posB_057_posC_062_record_060_frame_03.png,B,60,3,6,0.83,0.57,0.62
FRS_setB_posA_083_posB_057_posC_062_record_060_frame_04.png,B,60,4,8,0.83,0.57,0.62
FRS_setB_posA_083_posB_057_posC_062_record_060_frame_05.png,B,60,5,10,0.83,0.57,0.62
FRS_setB_posA_083_posB_057_posC_062_record_060_frame_06.png,B,60,6,12,0.83,0.57,0.62
FRS_setB_posA_083_posB_057_posC_062_record_060_frame_07.png,B,60,7,14,0.83,0.57,0.62
FRS_setB_posA_083_posB_057_posC_062_record_060_frame_08.png,B,60,8,16,0.83,0.57,0.62
FRS_setB_posA_083_posB_057_posC_062_record_060_frame_09.png,B,60,9,18,0.83,0.57,0.62
FRS_setB_posA_083_posB_057_posC_062_record_060_frame_10.png,B,60,10,20,0.83,0.57,0.62
FRS_setB_posA_083_posB_057_posC_062_record_060_frame_11.png,B,60,11,22,0.83,0.57,0.62
FRS_setB_posA_083_posB_057_posC_062_record_060_frame_12.png,B,60,12,24,0.83,0.57,0.62
FRS_setB_posA_083_posB_057_posC_062_record_060_frame_13.png,B,60,13,26,0.83,0.57,0.62
FRS_setB_posA_083_posB_057_posC_062_record_060_frame_14.png,B,60,14,28,0.83,0.57,0.62
FRS_setB_posA_083_posB_057_posC_062_record_060_frame_15.png,B,60,15,30,0.83,0.57,0.62
FRS_setB_posA_083_posB_057_posC_062_record_060_frame_16.png,B,60,16,32,0.83,0.57,0.62
FRS_setB_posA_083_posB_057_posC_062_record_060_frame_17.png,B,60,17,34,0.83,0.57,0.62
FRS_setB_posA_083_posB_057_posC_062_record_060_frame_18.png,B,60,18,36,0.83,0.57,0.62
FRS_setB_posA_083_posB_057_posC_062_record_060_frame_19.png,B,60,19,38,0.83,0.57,0.62
FRS_setB_posA_083_posB_058_posC_064_record_061_frame_00.png,B,61,0,0,0.83,0.58,0.64
FRS_setB_posA_083_posB_058_posC_064_record_061_frame_01.png,B,61,1,2,0.83,0.58,0.64
FRS_setB_posA_083_posB_058_posC_064_record_061_frame_02.png,B,61,2,4,0.83,0.58,0.64
FRS_setB_posA_083_posB_058_posC_064_record_061_frame_03.png,B,61,3,6,0.83,0.58,0.64
FRS_setB_posA_083_posB_058_posC_064_record_061_frame_04.png,B,61,4,8,0.83,0.58,0.64
FRS_setB_posA_083_posB_058_posC_064_record_061_frame_05.png,B,61,5,10,0.83,0.58,0.64
FRS_setB_posA_083_posB_058_posC_064_record_061_frame_06.png,B,61,6,12,0.83,0.58,0.64
FRS_setB_posA_083_posB_058_posC_064_record_061_frame_07.png,B,61,7,14,0.83,0.58,0.64
FRS_setB_posA_083_posB_058_posC_064_record_061_frame_08.png,B,61,8,16,0.83,0.58,0.64
FRS_setB_posA_083_posB_058_posC_064_record_061_frame_09.png,B,61,9,18,0.83,0.58,0.64
FRS_setB_posA_083_posB_058_posC_064_record_061_frame_10.png,B,61,10,20,0.83,0.58,0.64
FRS_setB_posA_083_posB_058_posC_064_record_061_frame_11.png,B,61,11,22,0.83,0.58,0.64
FRS_setB_posA_083_posB_058_posC_064_record_061_frame_12.png,B,61,12,24,0.83,0.58,0.64
FRS_setB_posA_083_posB_058_posC_064_record_061_frame_13.png,B,61,13,26,0.83,0.58,0.64
FRS_setB_posA_083_posB_058_posC_064_record_061_frame_14.png,B,61,14,28,0.83,0.58,0.64
FRS_setB_posA_083_posB_058_posC_064_record_061_frame_15.png,B,61,15,30,0.83,0.58,0.64
FRS_setB_posA_083_posB_058_posC_064_record_061_frame_16.png,B,61,16,32,0.83,0.58,0.64
FRS_setB_posA_083_posB_058_posC_064_record_061_frame_17.png,B,61,17,34,0.83,0.58,0.64
FRS_setB_posA_083_posB_058_posC_064_record_061_frame_18.png,B,61,18,36,0.83,0.58,0.64
FRS_setB_posA_083_posB_058_posC_064_record_061_frame_19.png,B,61,19,38,0.83,0.58,0.64
FRS_setB_posA_084_posB_057_posC_062_record_062_frame_00.png,B,62,0,0,0.84,0.57,0.62
FRS_setB_posA_084_posB_057_posC_062_record_062_frame_01.png,B,62,1,2,0.84,0.57,0.62
FRS_setB_posA_084_posB_057_posC_062_record_062_frame_02.png,B,62,2,4,0.84,0.57,0.62
FRS_setB_posA_084_posB_057_posC_062_record_062_frame_03.png,B,62,3,6,0.84,0.57,0.62
FRS_setB_posA_084_posB_057_posC_062_record_062_frame_04.png,B,62,4,8,0.84,0.57,0.62
FRS_setB_posA_084_posB_057_posC_062_record_062_frame_05.png,B,62,5,10,0.84,0.57,0.62
FRS_setB_posA_084_posB_057_posC_062_record_062_frame_06.png,B,62,6,12,0.84,0.57,0.62
FRS_setB_posA_084_posB_057_posC_062_record_062_frame_07.png,B,62,7,14,0.84,0.57,0.62
FRS_setB_posA_084_posB_057_posC_062_record_062_frame_08.png,B,62,8,16,0.84,0.57,0.62
FRS_setB_posA_084_posB_057_posC_062_record_062_frame_09.png,B,62,9,18,0.84,0.57,0.62
FRS_setB_posA_084_posB_057_posC_062_record_062_frame_10.png,B,62,10,20,0.84,0.57,0.62
FRS_setB_posA_084_posB_057_posC_062_record_062_frame_11.png,B,62,11,22,0.84,0.57,0.62
FRS_setB_posA_084_posB_057_posC_062_record_062_frame_12.png,B,62,12,24,0.84,0.57,0.62
FRS_setB_posA_084_posB_057_posC_062_record_062_frame_13.png,B,62,13,26,0.84,0.57,0.62
FRS_setB_posA_084_posB_057_posC_062_record_062_frame_14.png,B,62,14,28,0.84,0.57,0.62
FRS_setB_posA_084_posB_057_posC_062_record_062_frame_15.png,B,62,15,30,0.84,0.57,0.62
FRS_setB_posA_084_posB_057_posC_062_record_062_frame_16.png,B,62,16,32,0.84,0.57,0.62
FRS_setB_posA_084_posB_057_posC_062_record_062_frame_17.png,B,62,17,34,0.84,0.57,0.62
FRS_setB_posA_084_posB_057_posC_062_record_062_frame_18.png,B,62,18,36,0.84,0.57,0.62
FRS_setB_posA_084_posB_057_posC_062_record_062_frame_19.png,B,62,19,38,0.84,0.57,0.62
FRS_setB_posA_084_posB_058_posC_063_record_063_frame_00.png,B,63,0,0,0.84,0.58,0.63
FRS_setB_posA_084_posB_058_posC_063_record_063_frame_01.png,B,63,1,2,0.84,0.58,0.63
FRS_setB_posA_084_posB_058_posC_063_record_063_frame_02.png,B,63,2,4,0.84,0.58,0.63
FRS_setB_posA_084_posB_058_posC_063_record_063_frame_03.png,B,63,3,6,0.84,0.58,0.63
FRS_setB_posA_084_posB_058_posC_063_record_063_frame_04.png,B,63,4,8,0.84,0.58,0.63
FRS_setB_posA_084_posB_058_posC_063_record_063_frame_05.png,B,63,5,10,0.84,0.58,0.63
FRS_setB_posA_084_posB_058_posC_063_record_063_frame_06.png,B,63,6,12,0.84,0.58,0.63
FRS_setB_posA_084_posB_058_posC_063_record_063_frame_07.png,B,63,7,14,0.84,0.58,0.63
FRS_setB_posA_084_posB_058_posC_063_record_063_frame_08.png,B,63,8,16,0.84,0.58,0.63
FRS_setB_posA_084_posB_058_posC_063_record_063_frame_09.png,B,63,9,18,0.84,0.58,0.63
FRS_setB_posA_084_posB_058_posC_063_record_063_frame_10.png,B,63,10,20,0.84,0.58,0.63
FRS_setB_posA_084_posB_058_posC_063_record_063_frame_11.png,B,63,11,22,0.84,0.58,0.63
FRS_setB_posA_084_posB_058_posC_063_record_063_frame_12.png,B,63,12,24,0.84,0.58,0.63
FRS_setB_posA_084_posB_058_posC_063_record_063_frame_13.png,B,63,13,26,0.84,0.58,0.63
FRS_setB_posA_084_posB_058_posC_063_record_063_frame_14.png,B,63,14,28,0.84,0.58,0.63
FRS_setB_posA_084_posB_058_posC_063_record_063_frame_15.png,B,63,15,30,0.84,0.58,0.63
FRS_setB_posA_084_posB_058_posC_063_record_063_frame_16.png,B,63,16,32,0.84,0.58,0.63
FRS_setB_posA_084_posB_058_posC_063_record_063_frame_17.png,B,63,17,34,0.84,0.58,0.63
FRS_setB_posA_084_posB_058_posC_063_record_063_frame_18.png,B,63,18,36,0.84,0.58,0.63
FRS_setB_posA_084_posB_058_posC_063_record_063_frame_19.png,B,63,19,38,0.84,0.58,0.63
FRS_setB_posA_086_posB_059_posC_064_record_064_frame_00.png,B,64,0,0,0.86,0.59,0.64
FRS_setB_posA_086_posB_059_posC_064_record_064_frame_01.png,B,64,1,2,0.86,0.59,0.64
FRS_setB_posA_086_posB_059_posC_064_record_064_frame_02.png,B,64,2,4,0.86,0.59,0.64
FRS_setB_posA_086_posB_059_posC_064_record_064_frame_03.png,B,64,3,6,0.86,0.59,0.64
FRS_setB_posA_086_posB_059_posC_064_record_064_frame_04.png,B,64,4,8,0.86,0.59,0.64
FRS_setB_posA_086_posB_059_posC_064_record_064_frame_05.png,B,64,5,10,0.86,0.59,0.64
FRS_setB_posA_086_posB_059_posC_064_record_064_frame_06.png,B,64,6,12,0.86,0.59,0.64
FRS_setB_posA_086_posB_059_posC_064_record_064_frame_07.png,B,64,7,14,0.86,0.59,0.64
FRS_setB_posA_086_posB_059_posC_064_record_064_frame_08.png,B,64,8,16,0.86,0.59,0.64
FRS_setB_posA_086_posB_059_posC_064_record_064_frame_09.png,B,64,9,18,0.86,0.59,0.64
FRS_setB_posA_086_posB_059_posC_064_record_064_frame_10.png,B,64,10,20,0.86,0.59,0.64
FRS_setB_posA_086_posB_059_posC_064_record_064_frame_11.png,B,64,11,22,0.86,0.59,0.64
FRS_setB_posA_086_posB_059_posC_064_record_064_frame_12.png,B,64,12,24,0.86,0.59,0.64
FRS_setB_posA_086_posB_059_posC_064_record_064_frame_13.png,B,64,13,26,0.86,0.59,0.64
FRS_setB_posA_086_posB_059_posC_064_record_064_frame_14.png,B,64,14,28,0.86,0.59,0.64
FRS_setB_posA_086_posB_059_posC_064_record_064_frame_15.png,B,64,15,30,0.86,0.59,0.64
FRS_setB_posA_086_posB_059_posC_064_record_064_frame_16.png,B,64,16,32,0.86,0.59,0.64
FRS_setB_posA_086_posB_059_posC_064_record_064_frame_17.png,B,64,17,34,0.86,0.59,0.64
FRS_setB_posA_086_posB_059_posC_064_record_064_frame_18.png,B,64,18,36,0.86,0.59,0.64
FRS_setB_posA_086_posB_059_posC_064_record_064_frame_19.png,B,64,19,38,0.86,0.59,0.64
FRS_setB_posA_087_posB_059_posC_064_record_065_frame_00.png,B,65,0,0,0.87,0.59,0.64
FRS_setB_posA_087_posB_059_posC_064_record_065_frame_01.png,B,65,1,2,0.87,0.59,0.64
FRS_setB_posA_087_posB_059_posC_064_record_065_frame_02.png,B,65,2,4,0.87,0.59,0.64
FRS_setB_posA_087_posB_059_posC_064_record_065_frame_03.png,B,65,3,6,0.87,0.59,0.64
FRS_setB_posA_087_posB_059_posC_064_record_065_frame_04.png,B,65,4,8,0.87,0.59,0.64
FRS_setB_posA_087_posB_059_posC_064_record_065_frame_05.png,B,65,5,10,0.87,0.59,0.64
FRS_setB_posA_087_posB_059_posC_064_record_065_frame_06.png,B,65,6,12,0.87,0.59,0.64
FRS_setB_posA_087_posB_059_posC_064_record_065_frame_07.png,B,65,7,14,0.87,0.59,0.64
FRS_setB_posA_087_posB_059_posC_064_record_065_frame_08.png,B,65,8,16,0.87,0.59,0.64
FRS_setB_posA_087_posB_059_posC_064_record_065_frame_09.png,B,65,9,18,0.87,0.59,0.64
FRS_setB_posA_087_posB_059_posC_064_record_065_frame_10.png,B,65,10,20,0.87,0.59,0.64
FRS_setB_posA_087_posB_059_posC_064_record_065_frame_11.png,B,65,11,22,0.87,0.59,0.64
FRS_setB_posA_087_posB_059_posC_064_record_065_frame_12.png,B,65,12,24,0.87,0.59,0.64
FRS_setB_posA_087_posB_059_posC_064_record_065_frame_13.png,B,65,13,26,0.87,0.59,0.64
FRS_setB_posA_087_posB_059_posC_064_record_065_frame_14.png,B,65,14,28,0.87,0.59,0.64
FRS_setB_posA_087_posB_059_posC_064_record_065_frame_15.png,B,65,15,30,0.87,0.59,0.64
FRS_setB_posA_087_posB_059_posC_064_record_065_frame_16.png,B,65,16,32,0.87,0.59,0.64
FRS_setB_posA_087_posB_059_posC_064_record_065_frame_17.png,B,65,17,34,0.87,0.59,0.64
FRS_setB_posA_087_posB_059_posC_064_record_065_frame_18.png,B,65,18,36,0.87,0.59,0.64
FRS_setB_posA_087_posB_059_posC_064_record_065_frame_19.png,B,65,19,38,0.87,0.59,0.64
FRS_setB_posA_088_posB_060_posC_065_record_066_frame_00.png,B,66,0,0,0.88,0.6,0.65
FRS_setB_posA_088_posB_060_posC_065_record_066_frame_01.png,B,66,1,2,0.88,0.6,0.65
FRS_setB_posA_088_posB_060_posC_065_record_066_frame_02.png,B,66,2,4,0.88,0.6,0.65
FRS_setB_posA_088_posB_060_posC_065_record_066_frame_03.png,B,66,3,6,0.88,0.6,0.65
FRS_setB_posA_088_posB_060_posC_065_record_066_frame_04.png,B,66,4,8,0.88,0.6,0.65
FRS_setB_posA_088_posB_060_posC_065_record_066_frame_05.png,B,66,5,10,0.88,0.6,0.65
FRS_setB_posA_088_posB_060_posC_065_record_066_frame_06.png,B,66,6,12,0.88,0.6,0.65
FRS_setB_posA_088_posB_060_posC_065_record_066_frame_07.png,B,66,7,14,0.88,0.6,0.65
FRS_setB_posA_088_posB_060_posC_065_record_066_frame_08.png,B,66,8,16,0.88,0.6,0.65
FRS_setB_posA_088_posB_060_posC_065_record_066_frame_09.png,B,66,9,18,0.88,0.6,0.65
FRS_setB_posA_088_posB_060_posC_065_record_066_frame_10.png,B,66,10,20,0.88,0.6,0.65
FRS_setB_posA_088_posB_060_posC_065_record_066_frame_11.png,B,66,11,22,0.88,0.6,0.65
FRS_setB_posA_088_posB_060_posC_065_record_066_frame_12.png,B,66,12,24,0.88,0.6,0.65
FRS_setB_posA_088_posB_060_posC_065_record_066_frame_13.png,B,66,13,26,0.88,0.6,0.65
FRS_setB_posA_088_posB_060_posC_065_record_066_frame_14.png,B,66,14,28,0.88,0.6,0.65
FRS_setB_posA_088_posB_060_posC_065_record_066_frame_15.png,B,66,15,30,0.88,0.6,0.65
FRS_setB_posA_088_posB_060_posC_065_record_066_frame_16.png,B,66,16,32,0.88,0.6,0.65
FRS_setB_posA_088_posB_060_posC_065_record_066_frame_17.png,B,66,17,34,0.88,0.6,0.65
FRS_setB_posA_088_posB_060_posC_065_record_066_frame_18.png,B,66,18,36,0.88,0.6,0.65
FRS_setB_posA_088_posB_060_posC_065_record_066_frame_19.png,B,66,19,38,0.88,0.6,0.65
FRS_setB_posA_089_posB_061_posC_065_record_067_frame_00.png,B,67,0,0,0.89,0.61,0.65
FRS_setB_posA_089_posB_061_posC_065_record_067_frame_01.png,B,67,1,2,0.89,0.61,0.65
FRS_setB_posA_089_posB_061_posC_065_record_067_frame_02.png,B,67,2,4,0.89,0.61,0.65
FRS_setB_posA_089_posB_061_posC_065_record_067_frame_03.png,B,67,3,6,0.89,0.61,0.65
FRS_setB_posA_089_posB_061_posC_065_record_067_frame_04.png,B,67,4,8,0.89,0.61,0.65
FRS_setB_posA_089_posB_061_posC_065_record_067_frame_05.png,B,67,5,10,0.89,0.61,0.65
FRS_setB_posA_089_posB_061_posC_065_record_067_frame_06.png,B,67,6,12,0.89,0.61,0.65
FRS_setB_posA_089_posB_061_posC_065_record_067_frame_07.png,B,67,7,14,0.89,0.61,0.65
FRS_setB_posA_089_posB_061_posC_065_record_067_frame_08.png,B,67,8,16,0.89,0.61,0.65
FRS_setB_posA_089_posB_061_posC_065_record_067_frame_09.png,B,67,9,18,0.89,0.61,0.65
FRS_setB_posA_089_posB_061_posC_065_record_067_frame_10.png,B,67,10,20,0.89,0.61,0.65
FRS_setB_posA_089_posB_061_posC_065_record_067_frame_11.png,B,67,11,22,0.89,0.61,0.65
FRS_setB_posA_089_posB_061_posC_065_record_067_frame_12.png,B,67,12,24,0.89,0.61,0.65
FRS_setB_posA_089_posB_061_posC_065_record_067_frame_13.png,B,67,13,26,0.89,0.61,0.65
FRS_setB_posA_089_posB_061_posC_065_record_067_frame_14.png,B,67,14,28,0.89,0.61,0.65
FRS_setB_posA_089_posB_061_posC_065_record_067_frame_15.png,B,67,15,30,0.89,0.61,0.65
FRS_setB_posA_089_posB_061_posC_065_record_067_frame_16.png,B,67,16,32,0.89,0.61,0.65
FRS_setB_posA_089_posB_061_posC_065_record_067_frame_17.png,B,67,17,34,0.89,0.61,0.65
FRS_setB_posA_089_posB_061_posC_065_record_067_frame_18.png,B,67,18,36,0.89,0.61,0.65
FRS_setB_posA_089_posB_061_posC_065_record_067_frame_19.png,B,67,19,38,0.89,0.61,0.65
FRS_setB_posA_090_posB_061_posC_066_record_068_frame_00.png,B,68,0,0,0.9,0.61,0.66
FRS_setB_posA_090_posB_061_posC_066_record_068_frame_01.png,B,68,1,2,0.9,0.61,0.66
FRS_setB_posA_090_posB_061_posC_066_record_068_frame_02.png,B,68,2,4,0.9,0.61,0.66
FRS_setB_posA_090_posB_061_posC_066_record_068_frame_03.png,B,68,3,6,0.9,0.61,0.66
FRS_setB_posA_090_posB_061_posC_066_record_068_frame_04.png,B,68,4,8,0.9,0.61,0.66
FRS_setB_posA_090_posB_061_posC_066_record_068_frame_05.png,B,68,5,10,0.9,0.61,0.66
FRS_setB_posA_090_posB_061_posC_066_record_068_frame_06.png,B,68,6,12,0.9,0.61,0.66
FRS_setB_posA_090_posB_061_posC_066_record_068_frame_07.png,B,68,7,14,0.9,0.61,0.66
FRS_setB_posA_090_posB_061_posC_066_record_068_frame_08.png,B,68,8,16,0.9,0.61,0.66
FRS_setB_posA_090_posB_061_posC_066_record_068_frame_09.png,B,68,9,18,0.9,0.61,0.66
FRS_setB_posA_090_posB_061_posC_066_record_068_frame_10.png,B,68,10,20,0.9,0.61,0.66
FRS_setB_posA_090_posB_061_posC_066_record_068_frame_11.png,B,68,11,22,0.9,0.61,0.66
FRS_setB_posA_090_posB_061_posC_066_record_068_frame_12.png,B,68,12,24,0.9,0.61,0.66
FRS_setB_posA_090_posB_061_posC_066_record_068_frame_13.png,B,68,13,26,0.9,0.61,0.66
FRS_setB_posA_090_posB_061_posC_066_record_068_frame_14.png,B,68,14,28,0.9,0.61,0.66
FRS_setB_posA_090_posB_061_posC_066_record_068_frame_15.png,B,68,15,30,0.9,0.61,0.66
FRS_setB_posA_090_posB_061_posC_066_record_068_frame_16.png,B,68,16,32,0.9,0.61,0.66
FRS_setB_posA_090_posB_061_posC_066_record_068_frame_17.png,B,68,17,34,0.9,0.61,0.66
FRS_setB_posA_090_posB_061_posC_066_record_068_frame_18.png,B,68,18,36,0.9,0.61,0.66
FRS_setB_posA_090_posB_061_posC_066_record_068_frame_19.png,B,68,19,38,0.9,0.61,0.66
FRS_setB_posA_091_posB_062_posC_066_record_069_frame_00.png,B,69,0,0,0.91,0.62,0.66
FRS_setB_posA_091_posB_062_posC_066_record_069_frame_01.png,B,69,1,2,0.91,0.62,0.66
FRS_setB_posA_091_posB_062_posC_066_record_069_frame_02.png,B,69,2,4,0.91,0.62,0.66
FRS_setB_posA_091_posB_062_posC_066_record_069_frame_03.png,B,69,3,6,0.91,0.62,0.66
FRS_setB_posA_091_posB_062_posC_066_record_069_frame_04.png,B,69,4,8,0.91,0.62,0.66
FRS_setB_posA_091_posB_062_posC_066_record_069_frame_05.png,B,69,5,10,0.91,0.62,0.66
FRS_setB_posA_091_posB_062_posC_066_record_069_frame_06.png,B,69,6,12,0.91,0.62,0.66
FRS_setB_posA_091_posB_062_posC_066_record_069_frame_07.png,B,69,7,14,0.91,0.62,0.66
FRS_setB_posA_091_posB_062_posC_066_record_069_frame_08.png,B,69,8,16,0.91,0.62,0.66
FRS_setB_posA_091_posB_062_posC_066_record_069_frame_09.png,B,69,9,18,0.91,0.62,0.66
FRS_setB_posA_091_posB_062_posC_066_record_069_frame_10.png,B,69,10,20,0.91,0.62,0.66
FRS_setB_posA_091_posB_062_posC_066_record_069_frame_11.png,B,69,11,22,0.91,0.62,0.66
FRS_setB_posA_091_posB_062_posC_066_record_069_frame_12.png,B,69,12,24,0.91,0.62,0.66
FRS_setB_posA_091_posB_062_posC_066_record_069_frame_13.png,B,69,13,26,0.91,0.62,0.66
FRS_setB_posA_091_posB_062_posC_066_record_069_frame_14.png,B,69,14,28,0.91,0.62,0.66
FRS_setB_posA_091_posB_062_posC_066_record_069_frame_15.png,B,69,15,30,0.91,0.62,0.66
FRS_setB_posA_091_posB_062_posC_066_record_069_frame_16.png,B,69,16,32,0.91,0.62,0.66
FRS_setB_posA_091_posB_062_posC_066_record_069_frame_17.png,B,69,17,34,0.91,0.62,0.66
FRS_setB_posA_091_posB_062_posC_066_record_069_frame_18.png,B,69,18,36,0.91,0.62,0.66
FRS_setB_posA_091_posB_062_posC_066_record_069_frame_19.png,B,69,19,38,0.91,0.62,0.66
FRS_setB_posA_091_posB_062_posC_067_record_070_frame_00.png,B,70,0,0,0.91,0.62,0.67
FRS_setB_posA_091_posB_062_posC_067_record_070_frame_01.png,B,70,1,2,0.91,0.62,0.67
FRS_setB_posA_091_posB_062_posC_067_record_070_frame_02.png,B,70,2,4,0.91,0.62,0.67
FRS_setB_posA_091_posB_062_posC_067_record_070_frame_03.png,B,70,3,6,0.91,0.62,0.67
FRS_setB_posA_091_posB_062_posC_067_record_070_frame_04.png,B,70,4,8,0.91,0.62,0.67
FRS_setB_posA_091_posB_062_posC_067_record_070_frame_05.png,B,70,5,10,0.91,0.62,0.67
FRS_setB_posA_091_posB_062_posC_067_record_070_frame_06.png,B,70,6,12,0.91,0.62,0.67
FRS_setB_posA_091_posB_062_posC_067_record_070_frame_07.png,B,70,7,14,0.91,0.62,0.67
FRS_setB_posA_091_posB_062_posC_067_record_070_frame_08.png,B,70,8,16,0.91,0.62,0.67
FRS_setB_posA_091_posB_062_posC_067_record_070_frame_09.png,B,70,9,18,0.91,0.62,0.67
FRS_setB_posA_091_posB_062_posC_067_record_070_frame_10.png,B,70,10,20,0.91,0.62,0.67
FRS_setB_posA_091_posB_062_posC_067_record_070_frame_11.png,B,70,11,22,0.91,0.62,0.67
FRS_setB_posA_091_posB_062_posC_067_record_070_frame_12.png,B,70,12,24,0.91,0.62,0.67
FRS_setB_posA_091_posB_062_posC_067_record_070_frame_13.png,B,70,13,26,0.91,0.62,0.67
FRS_setB_posA_091_posB_062_posC_067_record_070_frame_14.png,B,70,14,28,0.91,0.62,0.67
FRS_setB_posA_091_posB_062_posC_067_record_070_frame_15.png,B,70,15,30,0.91,0.62,0.67
FRS_setB_posA_091_posB_062_posC_067_record_070_frame_16.png,B,70,16,32,0.91,0.62,0.67
FRS_setB_posA_091_posB_062_posC_067_record_070_frame_17.png,B,70,17,34,0.91,0.62,0.67
FRS_setB_posA_091_posB_062_posC_067_record_070_frame_18.png,B,70,18,36,0.91,0.62,0.67
FRS_setB_posA_091_posB_062_posC_067_record_070_frame_19.png,B,70,19,38,0.91,0.62,0.67
FRS_setB_posA_092_posB_063_posC_068_record_071_frame_00.png,B,71,0,0,0.92,0.63,0.68
FRS_setB_posA_092_posB_063_posC_068_record_071_frame_01.png,B,71,1,2,0.92,0.63,0.68
FRS_setB_posA_092_posB_063_posC_068_record_071_frame_02.png,B,71,2,4,0.92,0.63,0.68
FRS_setB_posA_092_posB_063_posC_068_record_071_frame_03.png,B,71,3,6,0.92,0.63,0.68
FRS_setB_posA_092_posB_063_posC_068_record_071_frame_04.png,B,71,4,8,0.92,0.63,0.68
FRS_setB_posA_092_posB_063_posC_068_record_071_frame_05.png,B,71,5,10,0.92,0.63,0.68
FRS_setB_posA_092_posB_063_posC_068_record_071_frame_06.png,B,71,6,12,0.92,0.63,0.68
FRS_setB_posA_092_posB_063_posC_068_record_071_frame_07.png,B,71,7,14,0.92,0.63,0.68
FRS_setB_posA_092_posB_063_posC_068_record_071_frame_08.png,B,71,8,16,0.92,0.63,0.68
FRS_setB_posA_092_posB_063_posC_068_record_071_frame_09.png,B,71,9,18,0.92,0.63,0.68
FRS_setB_posA_092_posB_063_posC_068_record_071_frame_10.png,B,71,10,20,0.92,0.63,0.68
FRS_setB_posA_092_posB_063_posC_068_record_071_frame_11.png,B,71,11,22,0.92,0.63,0.68
FRS_setB_posA_092_posB_063_posC_068_record_071_frame_12.png,B,71,12,24,0.92,0.63,0.68
FRS_setB_posA_092_posB_063_posC_068_record_071_frame_13.png,B,71,13,26,0.92,0.63,0.68
FRS_setB_posA_092_posB_063_posC_068_record_071_frame_14.png,B,71,14,28,0.92,0.63,0.68
FRS_setB_posA_092_posB_063_posC_068_record_071_frame_15.png,B,71,15,30,0.92,0.63,0.68
FRS_setB_posA_092_posB_063_posC_068_record_071_frame_16.png,B,71,16,32,0.92,0.63,0.68
FRS_setB_posA_092_posB_063_posC_068_record_071_frame_17.png,B,71,17,34,0.92,0.63,0.68
FRS_setB_posA_092_posB_063_posC_068_record_071_frame_18.png,B,71,18,36,0.92,0.63,0.68
FRS_setB_posA_092_posB_063_posC_068_record_071_frame_19.png,B,71,19,38,0.92,0.63,0.68
FRS_setB_posA_093_posB_064_posC_068_record_072_frame_00.png,B,72,0,0,0.93,0.64,0.68
FRS_setB_posA_093_posB_064_posC_068_record_072_frame_01.png,B,72,1,2,0.93,0.64,0.68
FRS_setB_posA_093_posB_064_posC_068_record_072_frame_02.png,B,72,2,4,0.93,0.64,0.68
FRS_setB_posA_093_posB_064_posC_068_record_072_frame_03.png,B,72,3,6,0.93,0.64,0.68
FRS_setB_posA_093_posB_064_posC_068_record_072_frame_04.png,B,72,4,8,0.93,0.64,0.68
FRS_setB_posA_093_posB_064_posC_068_record_072_frame_05.png,B,72,5,10,0.93,0.64,0.68
FRS_setB_posA_093_posB_064_posC_068_record_072_frame_06.png,B,72,6,12,0.93,0.64,0.68
FRS_setB_posA_093_posB_064_posC_068_record_072_frame_07.png,B,72,7,14,0.93,0.64,0.68
FRS_setB_posA_093_posB_064_posC_068_record_072_frame_08.png,B,72,8,16,0.93,0.64,0.68
FRS_setB_posA_093_posB_064_posC_068_record_072_frame_09.png,B,72,9,18,0.93,0.64,0.68
FRS_setB_posA_093_posB_064_posC_068_record_072_frame_10.png,B,72,10,20,0.93,0.64,0.68
FRS_setB_posA_093_posB_064_posC_068_record_072_frame_11.png,B,72,11,22,0.93,0.64,0.68
FRS_setB_posA_093_posB_064_posC_068_record_072_frame_12.png,B,72,12,24,0.93,0.64,0.68
FRS_setB_posA_093_posB_064_posC_068_record_072_frame_13.png,B,72,13,26,0.93,0.64,0.68
FRS_setB_posA_093_posB_064_posC_068_record_072_frame_14.png,B,72,14,28,0.93,0.64,0.68
FRS_setB_posA_093_posB_064_posC_068_record_072_frame_15.png,B,72,15,30,0.93,0.64,0.68
FRS_setB_posA_093_posB_064_posC_068_record_072_frame_16.png,B,72,16,32,0.93,0.64,0.68
FRS_setB_posA_093_posB_064_posC_068_record_072_frame_17.png,B,72,17,34,0.93,0.64,0.68
FRS_setB_posA_093_posB_064_posC_068_record_072_frame_18.png,B,72,18,36,0.93,0.64,0.68
FRS_setB_posA_093_posB_064_posC_068_record_072_frame_19.png,B,72,19,38,0.93,0.64,0.68
FRS_setB_posA_094_posB_064_posC_069_record_073_frame_00.png,B,73,0,0,0.94,0.64,0.69
FRS_setB_posA_094_posB_064_posC_069_record_073_frame_01.png,B,73,1,2,0.94,0.64,0.69
FRS_setB_posA_094_posB_064_posC_069_record_073_frame_02.png,B,73,2,4,0.94,0.64,0.69
FRS_setB_posA_094_posB_064_posC_069_record_073_frame_03.png,B,73,3,6,0.94,0.64,0.69
FRS_setB_posA_094_posB_064_posC_069_record_073_frame_04.png,B,73,4,8,0.94,0.64,0.69
FRS_setB_posA_094_posB_064_posC_069_record_073_frame_05.png,B,73,5,10,0.94,0.64,0.69
FRS_setB_posA_094_posB_064_posC_069_record_073_frame_06.png,B,73,6,12,0.94,0.64,0.69
FRS_setB_posA_094_posB_064_posC_069_record_073_frame_07.png,B,73,7,14,0.94,0.64,0.69
FRS_setB_posA_094_posB_064_posC_069_record_073_frame_08.png,B,73,8,16,0.94,0.64,0.69
FRS_setB_posA_094_posB_064_posC_069_record_073_frame_09.png,B,73,9,18,0.94,0.64,0.69
FRS_setB_posA_094_posB_064_posC_069_record_073_frame_10.png,B,73,10,20,0.94,0.64,0.69
FRS_setB_posA_094_posB_064_posC_069_record_073_frame_11.png,B,73,11,22,0.94,0.64,0.69
FRS_setB_posA_094_posB_064_posC_069_record_073_frame_12.png,B,73,12,24,0.94,0.64,0.69
FRS_setB_posA_094_posB_064_posC_069_record_073_frame_13.png,B,73,13,26,0.94,0.64,0.69
FRS_setB_posA_094_posB_064_posC_069_record_073_frame_14.png,B,73,14,28,0.94,0.64,0.69
FRS_setB_posA_094_posB_064_posC_069_record_073_frame_15.png,B,73,15,30,0.94,0.64,0.69
FRS_setB_posA_094_posB_064_posC_069_record_073_frame_16.png,B,73,16,32,0.94,0.64,0.69
FRS_setB_posA_094_posB_064_posC_069_record_073_frame_17.png,B,73,17,34,0.94,0.64,0.69
FRS_setB_posA_094_posB_064_posC_069_record_073_frame_18.png,B,73,18,36,0.94,0.64,0.69
FRS_setB_posA_094_posB_064_posC_069_record_073_frame_19.png,B,73,19,38,0.94,0.64,0.69
FRS_setB_posA_095_posB_065_posC_070_record_074_frame_00.png,B,74,0,0,0.95,0.65,0.7
FRS_setB_posA_095_posB_065_posC_070_record_074_frame_01.png,B,74,1,2,0.95,0.65,0.7
FRS_setB_posA_095_posB_065_posC_070_record_074_frame_02.png,B,74,2,4,0.95,0.65,0.7
FRS_setB_posA_095_posB_065_posC_070_record_074_frame_03.png,B,74,3,6,0.95,0.65,0.7
FRS_setB_posA_095_posB_065_posC_070_record_074_frame_04.png,B,74,4,8,0.95,0.65,0.7
FRS_setB_posA_095_posB_065_posC_070_record_074_frame_05.png,B,74,5,10,0.95,0.65,0.7
FRS_setB_posA_095_posB_065_posC_070_record_074_frame_06.png,B,74,6,12,0.95,0.65,0.7
FRS_setB_posA_095_posB_065_posC_070_record_074_frame_07.png,B,74,7,14,0.95,0.65,0.7
FRS_setB_posA_095_posB_065_posC_070_record_074_frame_08.png,B,74,8,16,0.95,0.65,0.7
FRS_setB_posA_095_posB_065_posC_070_record_074_frame_09.png,B,74,9,18,0.95,0.65,0.7
FRS_setB_posA_095_posB_065_posC_070_record_074_frame_10.png,B,74,10,20,0.95,0.65,0.7
FRS_setB_posA_095_posB_065_posC_070_record_074_frame_11.png,B,74,11,22,0.95,0.65,0.7
FRS_setB_posA_095_posB_065_posC_070_record_074_frame_12.png,B,74,12,24,0.95,0.65,0.7
FRS_setB_posA_095_posB_065_posC_070_record_074_frame_13.png,B,74,13,26,0.95,0.65,0.7
FRS_setB_posA_095_posB_065_posC_070_record_074_frame_14.png,B,74,14,28,0.95,0.65,0.7
FRS_setB_posA_095_posB_065_posC_070_record_074_frame_15.png,B,74,15,30,0.95,0.65,0.7
FRS_setB_posA_095_posB_065_posC_070_record_074_frame_16.png,B,74,16,32,0.95,0.65,0.7
FRS_setB_posA_095_posB_065_posC_070_record_074_frame_17.png,B,74,17,34,0.95,0.65,0.7
FRS_setB_posA_095_posB_065_posC_070_record_074_frame_18.png,B,74,18,36,0.95,0.65,0.7
FRS_setB_posA_095_posB_065_posC_070_record_074_frame_19.png,B,74,19,38,0.95,0.65,0.7
FRS_setB_posA_096_posB_067_posC_071_record_075_frame_00.png,B,75,0,0,0.96,0.67,0.71
FRS_setB_posA_096_posB_067_posC_071_record_075_frame_01.png,B,75,1,2,0.96,0.67,0.71
FRS_setB_posA_096_posB_067_posC_071_record_075_frame_02.png,B,75,2,4,0.96,0.67,0.71
FRS_setB_posA_096_posB_067_posC_071_record_075_frame_03.png,B,75,3,6,0.96,0.67,0.71
FRS_setB_posA_096_posB_067_posC_071_record_075_frame_04.png,B,75,4,8,0.96,0.67,0.71
FRS_setB_posA_096_posB_067_posC_071_record_075_frame_05.png,B,75,5,10,0.96,0.67,0.71
FRS_setB_posA_096_posB_067_posC_071_record_075_frame_06.png,B,75,6,12,0.96,0.67,0.71
FRS_setB_posA_096_posB_067_posC_071_record_075_frame_07.png,B,75,7,14,0.96,0.67,0.71
FRS_setB_posA_096_posB_067_posC_071_record_075_frame_08.png,B,75,8,16,0.96,0.67,0.71
FRS_setB_posA_096_posB_067_posC_071_record_075_frame_09.png,B,75,9,18,0.96,0.67,0.71
FRS_setB_posA_096_posB_067_posC_071_record_075_frame_10.png,B,75,10,20,0.96,0.67,0.71
FRS_setB_posA_096_posB_067_posC_071_record_075_frame_11.png,B,75,11,22,0.96,0.67,0.71
FRS_setB_posA_096_posB_067_posC_071_record_075_frame_12.png,B,75,12,24,0.96,0.67,0.71
FRS_setB_posA_096_posB_067_posC_071_record_075_frame_13.png,B,75,13,26,0.96,0.67,0.71
FRS_setB_posA_096_posB_067_posC_071_record_075_frame_14.png,B,75,14,28,0.96,0.67,0.71
FRS_setB_posA_096_posB_067_posC_071_record_075_frame_15.png,B,75,15,30,0.96,0.67,0.71
FRS_setB_posA_096_posB_067_posC_071_record_075_frame_16.png,B,75,16,32,0.96,0.67,0.71
FRS_setB_posA_096_posB_067_posC_071_record_075_frame_17.png,B,75,17,34,0.96,0.67,0.71
FRS_setB_posA_096_posB_067_posC_071_record_075_frame_18.png,B,75,18,36,0.96,0.67,0.71
FRS_setB_posA_096_posB_067_posC_071_record_075_frame_19.png,B,75,19,38,0.96,0.67,0.71
FRS_setB_posA_098_posB_068_posC_072_record_076_frame_00.png,B,76,0,0,0.98,0.68,0.72
FRS_setB_posA_098_posB_068_posC_072_record_076_frame_01.png,B,76,1,2,0.98,0.68,0.72
FRS_setB_posA_098_posB_068_posC_072_record_076_frame_02.png,B,76,2,4,0.98,0.68,0.72
FRS_setB_posA_098_posB_068_posC_072_record_076_frame_03.png,B,76,3,6,0.98,0.68,0.72
FRS_setB_posA_098_posB_068_posC_072_record_076_frame_04.png,B,76,4,8,0.98,0.68,0.72
FRS_setB_posA_098_posB_068_posC_072_record_076_frame_05.png,B,76,5,10,0.98,0.68,0.72
FRS_setB_posA_098_posB_068_posC_072_record_076_frame_06.png,B,76,6,12,0.98,0.68,0.72
FRS_setB_posA_098_posB_068_posC_072_record_076_frame_07.png,B,76,7,14,0.98,0.68,0.72
FRS_setB_posA_098_posB_068_posC_072_record_076_frame_08.png,B,76,8,16,0.98,0.68,0.72
FRS_setB_posA_098_posB_068_posC_072_record_076_frame_09.png,B,76,9,18,0.98,0.68,0.72
FRS_setB_posA_098_posB_068_posC_072_record_076_frame_10.png,B,76,10,20,0.98,0.68,0.72
FRS_setB_posA_098_posB_068_posC_072_record_076_frame_11.png,B,76,11,22,0.98,0.68,0.72
FRS_setB_posA_098_posB_068_posC_072_record_076_frame_12.png,B,76,12,24,0.98,0.68,0.72
FRS_setB_posA_098_posB_068_posC_072_record_076_frame_13.png,B,76,13,26,0.98,0.68,0.72
FRS_setB_posA_098_posB_068_posC_072_record_076_frame_14.png,B,76,14,28,0.98,0.68,0.72
FRS_setB_posA_098_posB_068_posC_072_record_076_frame_15.png,B,76,15,30,0.98,0.68,0.72
FRS_setB_posA_098_posB_068_posC_072_record_076_frame_16.png,B,76,16,32,0.98,0.68,0.72
FRS_setB_posA_098_posB_068_posC_072_record_076_frame_17.png,B,76,17,34,0.98,0.68,0.72
FRS_setB_posA_098_posB_068_posC_072_record_076_frame_18.png,B,76,18,36,0.98,0.68,0.72
FRS_setB_posA_098_posB_068_posC_072_record_076_frame_19.png,B,76,19,38,0.98,0.68,0.72
FRS_setB_posA_098_posB_068_posC_073_record_077_frame_00.png,B,77,0,0,0.98,0.68,0.73
FRS_setB_posA_098_posB_068_posC_073_record_077_frame_01.png,B,77,1,2,0.98,0.68,0.73
FRS_setB_posA_098_posB_068_posC_073_record_077_frame_02.png,B,77,2,4,0.98,0.68,0.73
FRS_setB_posA_098_posB_068_posC_073_record_077_frame_03.png,B,77,3,6,0.98,0.68,0.73
FRS_setB_posA_098_posB_068_posC_073_record_077_frame_04.png,B,77,4,8,0.98,0.68,0.73
FRS_setB_posA_098_posB_068_posC_073_record_077_frame_05.png,B,77,5,10,0.98,0.68,0.73
FRS_setB_posA_098_posB_068_posC_073_record_077_frame_06.png,B,77,6,12,0.98,0.68,0.73
FRS_setB_posA_098_posB_068_posC_073_record_077_frame_07.png,B,77,7,14,0.98,0.68,0.73
FRS_setB_posA_098_posB_068_posC_073_record_077_frame_08.png,B,77,8,16,0.98,0.68,0.73
FRS_setB_posA_098_posB_068_posC_073_record_077_frame_09.png,B,77,9,18,0.98,0.68,0.73
FRS_setB_posA_098_posB_068_posC_073_record_077_frame_10.png,B,77,10,20,0.98,0.68,0.73
FRS_setB_posA_098_posB_068_posC_073_record_077_frame_11.png,B,77,11,22,0.98,0.68,0.73
FRS_setB_posA_098_posB_068_posC_073_record_077_frame_12.png,B,77,12,24,0.98,0.68,0.73
FRS_setB_posA_098_posB_068_posC_073_record_077_frame_13.png,B,77,13,26,0.98,0.68,0.73
FRS_setB_posA_098_posB_068_posC_073_record_077_frame_14.png,B,77,14,28,0.98,0.68,0.73
FRS_setB_posA_098_posB_068_posC_073_record_077_frame_15.png,B,77,15,30,0.98,0.68,0.73
FRS_setB_posA_098_posB_068_posC_073_record_077_frame_16.png,B,77,16,32,0.98,0.68,0.73
FRS_setB_posA_098_posB_068_posC_073_record_077_frame_17.png,B,77,17,34,0.98,0.68,0.73
FRS_setB_posA_098_posB_068_posC_073_record_077_frame_18.png,B,77,18,36,0.98,0.68,0.73
FRS_setB_posA_098_posB_068_posC_073_record_077_frame_19.png,B,77,19,38,0.98,0.68,0.73
FRS_setB_posA_099_posB_069_posC_073_record_078_frame_00.png,B,78,0,0,0.99,0.69,0.73
FRS_setB_posA_099_posB_069_posC_073_record_078_frame_01.png,B,78,1,2,0.99,0.69,0.73
FRS_setB_posA_099_posB_069_posC_073_record_078_frame_02.png,B,78,2,4,0.99,0.69,0.73
FRS_setB_posA_099_posB_069_posC_073_record_078_frame_03.png,B,78,3,6,0.99,0.69,0.73
FRS_setB_posA_099_posB_069_posC_073_record_078_frame_04.png,B,78,4,8,0.99,0.69,0.73
FRS_setB_posA_099_posB_069_posC_073_record_078_frame_05.png,B,78,5,10,0.99,0.69,0.73
FRS_setB_posA_099_posB_069_posC_073_record_078_frame_06.png,B,78,6,12,0.99,0.69,0.73
FRS_setB_posA_099_posB_069_posC_073_record_078_frame_07.png,B,78,7,14,0.99,0.69,0.73
FRS_setB_posA_099_posB_069_posC_073_record_078_frame_08.png,B,78,8,16,0.99,0.69,0.73
FRS_setB_posA_099_posB_069_posC_073_record_078_frame_09.png,B,78,9,18,0.99,0.69,0.73
FRS_setB_posA_099_posB_069_posC_073_record_078_frame_10.png,B,78,10,20,0.99,0.69,0.73
FRS_setB_posA_099_posB_069_posC_073_record_078_frame_11.png,B,78,11,22,0.99,0.69,0.73
FRS_setB_posA_099_posB_069_posC_073_record_078_frame_12.png,B,78,12,24,0.99,0.69,0.73
FRS_setB_posA_099_posB_069_posC_073_record_078_frame_13.png,B,78,13,26,0.99,0.69,0.73
FRS_setB_posA_099_posB_069_posC_073_record_078_frame_14.png,B,78,14,28,0.99,0.69,0.73
FRS_setB_posA_099_posB_069_posC_073_record_078_frame_15.png,B,78,15,30,0.99,0.69,0.73
FRS_setB_posA_099_posB_069_posC_073_record_078_frame_16.png,B,78,16,32,0.99,0.69,0.73
FRS_setB_posA_099_posB_069_posC_073_record_078_frame_17.png,B,78,17,34,0.99,0.69,0.73
FRS_setB_posA_099_posB_069_posC_073_record_078_frame_18.png,B,78,18,36,0.99,0.69,0.73
FRS_setB_posA_099_posB_069_posC_073_record_078_frame_19.png,B,78,19,38,0.99,0.69,0.73
FRS_setB_posA_100_posB_069_posC_074_record_079_frame_00.png,B,79,0,0,1,0.69,0.74
FRS_setB_posA_100_posB_069_posC_074_record_079_frame_01.png,B,79,1,2,1,0.69,0.74
FRS_setB_posA_100_posB_069_posC_074_record_079_frame_02.png,B,79,2,4,1,0.69,0.74
FRS_setB_posA_100_posB_069_posC_074_record_079_frame_03.png,B,79,3,6,1,0.69,0.74
FRS_setB_posA_100_posB_069_posC_074_record_079_frame_04.png,B,79,4,8,1,0.69,0.74
FRS_setB_posA_100_posB_069_posC_074_record_079_frame_05.png,B,79,5,10,1,0.69,0.74
FRS_setB_posA_100_posB_069_posC_074_record_079_frame_06.png,B,79,6,12,1,0.69,0.74
FRS_setB_posA_100_posB_069_posC_074_record_079_frame_07.png,B,79,7,14,1,0.69,0.74
FRS_setB_posA_100_posB_069_posC_074_record_079_frame_08.png,B,79,8,16,1,0.69,0.74
FRS_setB_posA_100_posB_069_posC_074_record_079_frame_09.png,B,79,9,18,1,0.69,0.74
FRS_setB_posA_100_posB_069_posC_074_record_079_frame_10.png,B,79,10,20,1,0.69,0.74
FRS_setB_posA_100_posB_069_posC_074_record_079_frame_11.png,B,79,11,22,1,0.69,0.74
FRS_setB_posA_100_posB_069_posC_074_record_079_frame_12.png,B,79,12,24,1,0.69,0.74
FRS_setB_posA_100_posB_069_posC_074_record_079_frame_13.png,B,79,13,26,1,0.69,0.74
FRS_setB_posA_100_posB_069_posC_074_record_079_frame_14.png,B,79,14,28,1,0.69,0.74
FRS_setB_posA_100_posB_069_posC_074_record_079_frame_15.png,B,79,15,30,1,0.69,0.74
FRS_setB_posA_100_posB_069_posC_074_record_079_frame_16.png,B,79,16,32,1,0.69,0.74
FRS_setB_posA_100_posB_069_posC_074_record_079_frame_17.png,B,79,17,34,1,0.69,0.74
FRS_setB_posA_100_posB_069_posC_074_record_079_frame_18.png,B,79,18,36,1,0.69,0.74
FRS_setB_posA_100_posB_069_posC_074_record_079_frame_19.png,B,79,19,38,1,0.69,0.74
FRS_setB_posA_101_posB_070_posC_075_record_080_frame_00.png,B,80,0,0,1.01,0.7,0.75
FRS_setB_posA_101_posB_070_posC_075_record_080_frame_01.png,B,80,1,2,1.01,0.7,0.75
FRS_setB_posA_101_posB_070_posC_075_record_080_frame_02.png,B,80,2,4,1.01,0.7,0.75
FRS_setB_posA_101_posB_070_posC_075_record_080_frame_03.png,B,80,3,6,1.01,0.7,0.75
FRS_setB_posA_101_posB_070_posC_075_record_080_frame_04.png,B,80,4,8,1.01,0.7,0.75
FRS_setB_posA_101_posB_070_posC_075_record_080_frame_05.png,B,80,5,10,1.01,0.7,0.75
FRS_setB_posA_101_posB_070_posC_075_record_080_frame_06.png,B,80,6,12,1.01,0.7,0.75
FRS_setB_posA_101_posB_070_posC_075_record_080_frame_07.png,B,80,7,14,1.01,0.7,0.75
FRS_setB_posA_101_posB_070_posC_075_record_080_frame_08.png,B,80,8,16,1.01,0.7,0.75
FRS_setB_posA_101_posB_070_posC_075_record_080_frame_09.png,B,80,9,18,1.01,0.7,0.75
FRS_setB_posA_101_posB_070_posC_075_record_080_frame_10.png,B,80,10,20,1.01,0.7,0.75
FRS_setB_posA_101_posB_070_posC_075_record_080_frame_11.png,B,80,11,22,1.01,0.7,0.75
FRS_setB_posA_101_posB_070_posC_075_record_080_frame_12.png,B,80,12,24,1.01,0.7,0.75
FRS_setB_posA_101_posB_070_posC_075_record_080_frame_13.png,B,80,13,26,1.01,0.7,0.75
FRS_setB_posA_101_posB_070_posC_075_record_080_frame_14.png,B,80,14,28,1.01,0.7,0.75
FRS_setB_posA_101_posB_070_posC_075_record_080_frame_15.png,B,80,15,30,1.01,0.7,0.75
FRS_setB_posA_101_posB_070_posC_075_record_080_frame_16.png,B,80,16,32,1.01,0.7,0.75
FRS_setB_posA_101_posB_070_posC_075_record_080_frame_17.png,B,80,17,34,1.01,0.7,0.75
FRS_setB_posA_101_posB_070_posC_075_record_080_frame_18.png,B,80,18,36,1.01,0.7,0.75
FRS_setB_posA_101_posB_070_posC_075_record_080_frame_19.png,B,80,19,38,1.01,0.7,0.75
FRS_setB_posA_102_posB_071_posC_075_record_081_frame_00.png,B,81,0,0,1.02,0.71,0.75
FRS_setB_posA_102_posB_071_posC_075_record_081_frame_01.png,B,81,1,2,1.02,0.71,0.75
FRS_setB_posA_102_posB_071_posC_075_record_081_frame_02.png,B,81,2,4,1.02,0.71,0.75
FRS_setB_posA_102_posB_071_posC_075_record_081_frame_03.png,B,81,3,6,1.02,0.71,0.75
FRS_setB_posA_102_posB_071_posC_075_record_081_frame_04.png,B,81,4,8,1.02,0.71,0.75
FRS_setB_posA_102_posB_071_posC_075_record_081_frame_05.png,B,81,5,10,1.02,0.71,0.75
FRS_setB_posA_102_posB_071_posC_075_record_081_frame_06.png,B,81,6,12,1.02,0.71,0.75
FRS_setB_posA_102_posB_071_posC_075_record_081_frame_07.png,B,81,7,14,1.02,0.71,0.75
FRS_setB_posA_102_posB_071_posC_075_record_081_frame_08.png,B,81,8,16,1.02,0.71,0.75
FRS_setB_posA_102_posB_071_posC_075_record_081_frame_09.png,B,81,9,18,1.02,0.71,0.75
FRS_setB_posA_102_posB_071_posC_075_record_081_frame_10.png,B,81,10,20,1.02,0.71,0.75
FRS_setB_posA_102_posB_071_posC_075_record_081_frame_11.png,B,81,11,22,1.02,0.71,0.75
FRS_setB_posA_102_posB_071_posC_075_record_081_frame_12.png,B,81,12,24,1.02,0.71,0.75
FRS_setB_posA_102_posB_071_posC_075_record_081_frame_13.png,B,81,13,26,1.02,0.71,0.75
FRS_setB_posA_102_posB_071_posC_075_record_081_frame_14.png,B,81,14,28,1.02,0.71,0.75
FRS_setB_posA_102_posB_071_posC_075_record_081_frame_15.png,B,81,15,30,1.02,0.71,0.75
FRS_setB_posA_102_posB_071_posC_075_record_081_frame_16.png,B,81,16,32,1.02,0.71,0.75
FRS_setB_posA_102_posB_071_posC_075_record_081_frame_17.png,B,81,17,34,1.02,0.71,0.75
FRS_setB_posA_102_posB_071_posC_075_record_081_frame_18.png,B,81,18,36,1.02,0.71,0.75
FRS_setB_posA_102_posB_071_posC_075_record_081_frame_19.png,B,81,19,38,1.02,0.71,0.75
FRS_setB_posA_103_posB_071_posC_076_record_082_frame_00.png,B,82,0,0,1.03,0.71,0.76
FRS_setB_posA_103_posB_071_posC_076_record_082_frame_01.png,B,82,1,2,1.03,0.71,0.76
FRS_setB_posA_103_posB_071_posC_076_record_082_frame_02.png,B,82,2,4,1.03,0.71,0.76
FRS_setB_posA_103_posB_071_posC_076_record_082_frame_03.png,B,82,3,6,1.03,0.71,0.76
FRS_setB_posA_103_posB_071_posC_076_record_082_frame_04.png,B,82,4,8,1.03,0.71,0.76
FRS_setB_posA_103_posB_071_posC_076_record_082_frame_05.png,B,82,5,10,1.03,0.71,0.76
FRS_setB_posA_103_posB_071_posC_076_record_082_frame_06.png,B,82,6,12,1.03,0.71,0.76
FRS_setB_posA_103_posB_071_posC_076_record_082_frame_07.png,B,82,7,14,1.03,0.71,0.76
FRS_setB_posA_103_posB_071_posC_076_record_082_frame_08.png,B,82,8,16,1.03,0.71,0.76
FRS_setB_posA_103_posB_071_posC_076_record_082_frame_09.png,B,82,9,18,1.03,0.71,0.76
FRS_setB_posA_103_posB_071_posC_076_record_082_frame_10.png,B,82,10,20,1.03,0.71,0.76
FRS_setB_posA_103_posB_071_posC_076_record_082_frame_11.png,B,82,11,22,1.03,0.71,0.76
FRS_setB_posA_103_posB_071_posC_076_record_082_frame_12.png,B,82,12,24,1.03,0.71,0.76
FRS_setB_posA_103_posB_071_posC_076_record_082_frame_13.png,B,82,13,26,1.03,0.71,0.76
FRS_setB_posA_103_posB_071_posC_076_record_082_frame_14.png,B,82,14,28,1.03,0.71,0.76
FRS_setB_posA_103_posB_071_posC_076_record_082_frame_15.png,B,82,15,30,1.03,0.71,0.76
FRS_setB_posA_103_posB_071_posC_076_record_082_frame_16.png,B,82,16,32,1.03,0.71,0.76
FRS_setB_posA_103_posB_071_posC_076_record_082_frame_17.png,B,82,17,34,1.03,0.71,0.76
FRS_setB_posA_103_posB_071_posC_076_record_082_frame_18.png,B,82,18,36,1.03,0.71,0.76
FRS_setB_posA_103_posB_071_posC_076_record_082_frame_19.png,B,82,19,38,1.03,0.71,0.76
FRS_setB_posA_104_posB_072_posC_077_record_083_frame_00.png,B,83,0,0,1.04,0.72,0.77
FRS_setB_posA_104_posB_072_posC_077_record_083_frame_01.png,B,83,1,2,1.04,0.72,0.77
FRS_setB_posA_104_posB_072_posC_077_record_083_frame_02.png,B,83,2,4,1.04,0.72,0.77
FRS_setB_posA_104_posB_072_posC_077_record_083_frame_03.png,B,83,3,6,1.04,0.72,0.77
FRS_setB_posA_104_posB_072_posC_077_record_083_frame_04.png,B,83,4,8,1.04,0.72,0.77
FRS_setB_posA_104_posB_072_posC_077_record_083_frame_05.png,B,83,5,10,1.04,0.72,0.77
FRS_setB_posA_104_posB_072_posC_077_record_083_frame_06.png,B,83,6,12,1.04,0.72,0.77
FRS_setB_posA_104_posB_072_posC_077_record_083_frame_07.png,B,83,7,14,1.04,0.72,0.77
FRS_setB_posA_104_posB_072_posC_077_record_083_frame_08.png,B,83,8,16,1.04,0.72,0.77
FRS_setB_posA_104_posB_072_posC_077_record_083_frame_09.png,B,83,9,18,1.04,0.72,0.77
FRS_setB_posA_104_posB_072_posC_077_record_083_frame_10.png,B,83,10,20,1.04,0.72,0.77
FRS_setB_posA_104_posB_072_posC_077_record_083_frame_11.png,B,83,11,22,1.04,0.72,0.77
FRS_setB_posA_104_posB_072_posC_077_record_083_frame_12.png,B,83,12,24,1.04,0.72,0.77
FRS_setB_posA_104_posB_072_posC_077_record_083_frame_13.png,B,83,13,26,1.04,0.72,0.77
FRS_setB_posA_104_posB_072_posC_077_record_083_frame_14.png,B,83,14,28,1.04,0.72,0.77
FRS_setB_posA_104_posB_072_posC_077_record_083_frame_15.png,B,83,15,30,1.04,0.72,0.77
FRS_setB_posA_104_posB_072_posC_077_record_083_frame_16.png,B,83,16,32,1.04,0.72,0.77
FRS_setB_posA_104_posB_072_posC_077_record_083_frame_17.png,B,83,17,34,1.04,0.72,0.77
FRS_setB_posA_104_posB_072_posC_077_record_083_frame_18.png,B,83,18,36,1.04,0.72,0.77
FRS_setB_posA_104_posB_072_posC_077_record_083_frame_19.png,B,83,19,38,1.04,0.72,0.77
FRS_setB_posA_104_posB_073_posC_078_record_084_frame_00.png,B,84,0,0,1.04,0.73,0.78
FRS_setB_posA_104_posB_073_posC_078_record_084_frame_01.png,B,84,1,2,1.04,0.73,0.78
FRS_setB_posA_104_posB_073_posC_078_record_084_frame_02.png,B,84,2,4,1.04,0.73,0.78
FRS_setB_posA_104_posB_073_posC_078_record_084_frame_03.png,B,84,3,6,1.04,0.73,0.78
FRS_setB_posA_104_posB_073_posC_078_record_084_frame_04.png,B,84,4,8,1.04,0.73,0.78
FRS_setB_posA_104_posB_073_posC_078_record_084_frame_05.png,B,84,5,10,1.04,0.73,0.78
FRS_setB_posA_104_posB_073_posC_078_record_084_frame_06.png,B,84,6,12,1.04,0.73,0.78
FRS_setB_posA_104_posB_073_posC_078_record_084_frame_07.png,B,84,7,14,1.04,0.73,0.78
FRS_setB_posA_104_posB_073_posC_078_record_084_frame_08.png,B,84,8,16,1.04,0.73,0.78
FRS_setB_posA_104_posB_073_posC_078_record_084_frame_09.png,B,84,9,18,1.04,0.73,0.78
FRS_setB_posA_104_posB_073_posC_078_record_084_frame_10.png,B,84,10,20,1.04,0.73,0.78
FRS_setB_posA_104_posB_073_posC_078_record_084_frame_11.png,B,84,11,22,1.04,0.73,0.78
FRS_setB_posA_104_posB_073_posC_078_record_084_frame_12.png,B,84,12,24,1.04,0.73,0.78
FRS_setB_posA_104_posB_073_posC_078_record_084_frame_13.png,B,84,13,26,1.04,0.73,0.78
FRS_setB_posA_104_posB_073_posC_078_record_084_frame_14.png,B,84,14,28,1.04,0.73,0.78
FRS_setB_posA_104_posB_073_posC_078_record_084_frame_15.png,B,84,15,30,1.04,0.73,0.78
FRS_setB_posA_104_posB_073_posC_078_record_084_frame_16.png,B,84,16,32,1.04,0.73,0.78
FRS_setB_posA_104_posB_073_posC_078_record_084_frame_17.png,B,84,17,34,1.04,0.73,0.78
FRS_setB_posA_104_posB_073_posC_078_record_084_frame_18.png,B,84,18,36,1.04,0.73,0.78
FRS_setB_posA_104_posB_073_posC_078_record_084_frame_19.png,B,84,19,38,1.04,0.73,0.78
FRS_setB_posA_105_posB_073_posC_078_record_085_frame_00.png,B,85,0,0,1.05,0.73,0.78
FRS_setB_posA_105_posB_073_posC_078_record_085_frame_01.png,B,85,1,2,1.05,0.73,0.78
FRS_setB_posA_105_posB_073_posC_078_record_085_frame_02.png,B,85,2,4,1.05,0.73,0.78
FRS_setB_posA_105_posB_073_posC_078_record_085_frame_03.png,B,85,3,6,1.05,0.73,0.78
FRS_setB_posA_105_posB_073_posC_078_record_085_frame_04.png,B,85,4,8,1.05,0.73,0.78
FRS_setB_posA_105_posB_073_posC_078_record_085_frame_05.png,B,85,5,10,1.05,0.73,0.78
FRS_setB_posA_105_posB_073_posC_078_record_085_frame_06.png,B,85,6,12,1.05,0.73,0.78
FRS_setB_posA_105_posB_073_posC_078_record_085_frame_07.png,B,85,7,14,1.05,0.73,0.78
FRS_setB_posA_105_posB_073_posC_078_record_085_frame_08.png,B,85,8,16,1.05,0.73,0.78
FRS_setB_posA_105_posB_073_posC_078_record_085_frame_09.png,B,85,9,18,1.05,0.73,0.78
FRS_setB_posA_105_posB_073_posC_078_record_085_frame_10.png,B,85,10,20,1.05,0.73,0.78
FRS_setB_posA_105_posB_073_posC_078_record_085_frame_11.png,B,85,11,22,1.05,0.73,0.78
FRS_setB_posA_105_posB_073_posC_078_record_085_frame_12.png,B,85,12,24,1.05,0.73,0.78
FRS_setB_posA_105_posB_073_posC_078_record_085_frame_13.png,B,85,13,26,1.05,0.73,0.78
FRS_setB_posA_105_posB_073_posC_078_record_085_frame_14.png,B,85,14,28,1.05,0.73,0.78
FRS_setB_posA_105_posB_073_posC_078_record_085_frame_15.png,B,85,15,30,1.05,0.73,0.78
FRS_setB_posA_105_posB_073_posC_078_record_085_frame_16.png,B,85,16,32,1.05,0.73,0.78
FRS_setB_posA_105_posB_073_posC_078_record_085_frame_17.png,B,85,17,34,1.05,0.73,0.78
FRS_setB_posA_105_posB_073_posC_078_record_085_frame_18.png,B,85,18,36,1.05,0.73,0.78
FRS_setB_posA_105_posB_073_posC_078_record_085_frame_19.png,B,85,19,38,1.05,0.73,0.78
FRS_setB_posA_105_posB_073_posC_079_record_086_frame_00.png,B,86,0,0,1.05,0.73,0.79
FRS_setB_posA_105_posB_073_posC_079_record_086_frame_01.png,B,86,1,2,1.05,0.73,0.79
FRS_setB_posA_105_posB_073_posC_079_record_086_frame_02.png,B,86,2,4,1.05,0.73,0.79
FRS_setB_posA_105_posB_073_posC_079_record_086_frame_03.png,B,86,3,6,1.05,0.73,0.79
FRS_setB_posA_105_posB_073_posC_079_record_086_frame_04.png,B,86,4,8,1.05,0.73,0.79
FRS_setB_posA_105_posB_073_posC_079_record_086_frame_05.png,B,86,5,10,1.05,0.73,0.79
FRS_setB_posA_105_posB_073_posC_079_record_086_frame_06.png,B,86,6,12,1.05,0.73,0.79
FRS_setB_posA_105_posB_073_posC_079_record_086_frame_07.png,B,86,7,14,1.05,0.73,0.79
FRS_setB_posA_105_posB_073_posC_079_record_086_frame_08.png,B,86,8,16,1.05,0.73,0.79
FRS_setB_posA_105_posB_073_posC_079_record_086_frame_09.png,B,86,9,18,1.05,0.73,0.79
FRS_setB_posA_105_posB_073_posC_079_record_086_frame_10.png,B,86,10,20,1.05,0.73,0.79
FRS_setB_posA_105_posB_073_posC_079_record_086_frame_11.png,B,86,11,22,1.05,0.73,0.79
FRS_setB_posA_105_posB_073_posC_079_record_086_frame_12.png,B,86,12,24,1.05,0.73,0.79
FRS_setB_posA_105_posB_073_posC_079_record_086_frame_13.png,B,86,13,26,1.05,0.73,0.79
FRS_setB_posA_105_posB_073_posC_079_record_086_frame_14.png,B,86,14,28,1.05,0.73,0.79
FRS_setB_posA_105_posB_073_posC_079_record_086_frame_15.png,B,86,15,30,1.05,0.73,0.79
FRS_setB_posA_105_posB_073_posC_079_record_086_frame_16.png,B,86,16,32,1.05,0.73,0.79
FRS_setB_posA_105_posB_073_posC_079_record_086_frame_17.png,B,86,17,34,1.05,0.73,0.79
FRS_setB_posA_105_posB_073_posC_079_record_086_frame_18.png,B,86,18,36,1.05,0.73,0.79
FRS_setB_posA_105_posB_073_posC_079_record_086_frame_19.png,B,86,19,38,1.05,0.73,0.79
FRS_setB_posA_106_posB_074_posC_080_record_087_frame_00.png,B,87,0,0,1.06,0.74,0.8
FRS_setB_posA_106_posB_074_posC_080_record_087_frame_01.png,B,87,1,2,1.06,0.74,0.8
FRS_setB_posA_106_posB_074_posC_080_record_087_frame_02.png,B,87,2,4,1.06,0.74,0.8
FRS_setB_posA_106_posB_074_posC_080_record_087_frame_03.png,B,87,3,6,1.06,0.74,0.8
FRS_setB_posA_106_posB_074_posC_080_record_087_frame_04.png,B,87,4,8,1.06,0.74,0.8
FRS_setB_posA_106_posB_074_posC_080_record_087_frame_05.png,B,87,5,10,1.06,0.74,0.8
FRS_setB_posA_106_posB_074_posC_080_record_087_frame_06.png,B,87,6,12,1.06,0.74,0.8
FRS_setB_posA_106_posB_074_posC_080_record_087_frame_07.png,B,87,7,14,1.06,0.74,0.8
FRS_setB_posA_106_posB_074_posC_080_record_087_frame_08.png,B,87,8,16,1.06,0.74,0.8
FRS_setB_posA_106_posB_074_posC_080_record_087_frame_09.png,B,87,9,18,1.06,0.74,0.8
FRS_setB_posA_106_posB_074_posC_080_record_087_frame_10.png,B,87,10,20,1.06,0.74,0.8
FRS_setB_posA_106_posB_074_posC_080_record_087_frame_11.png,B,87,11,22,1.06,0.74,0.8
FRS_setB_posA_106_posB_074_posC_080_record_087_frame_12.png,B,87,12,24,1.06,0.74,0.8
FRS_setB_posA_106_posB_074_posC_080_record_087_frame_13.png,B,87,13,26,1.06,0.74,0.8
FRS_setB_posA_106_posB_074_posC_080_record_087_frame_14.png,B,87,14,28,1.06,0.74,0.8
FRS_setB_posA_106_posB_074_posC_080_record_087_frame_15.png,B,87,15,30,1.06,0.74,0.8
FRS_setB_posA_106_posB_074_posC_080_record_087_frame_16.png,B,87,16,32,1.06,0.74,0.8
FRS_setB_posA_106_posB_074_posC_080_record_087_frame_17.png,B,87,17,34,1.06,0.74,0.8
FRS_setB_posA_106_posB_074_posC_080_record_087_frame_18.png,B,87,18,36,1.06,0.74,0.8
FRS_setB_posA_106_posB_074_posC_080_record_087_frame_19.png,B,87,19,38,1.06,0.74,0.8
FRS_setB_posA_108_posB_075_posC_081_record_088_frame_00.png,B,88,0,0,1.08,0.75,0.81
FRS_setB_posA_108_posB_075_posC_081_record_088_frame_01.png,B,88,1,2,1.08,0.75,0.81
FRS_setB_posA_108_posB_075_posC_081_record_088_frame_02.png,B,88,2,4,1.08,0.75,0.81
FRS_setB_posA_108_posB_075_posC_081_record_088_frame_03.png,B,88,3,6,1.08,0.75,0.81
FRS_setB_posA_108_posB_075_posC_081_record_088_frame_04.png,B,88,4,8,1.08,0.75,0.81
FRS_setB_posA_108_posB_075_posC_081_record_088_frame_05.png,B,88,5,10,1.08,0.75,0.81
FRS_setB_posA_108_posB_075_posC_081_record_088_frame_06.png,B,88,6,12,1.08,0.75,0.81
FRS_setB_posA_108_posB_075_posC_081_record_088_frame_07.png,B,88,7,14,1.08,0.75,0.81
FRS_setB_posA_108_posB_075_posC_081_record_088_frame_08.png,B,88,8,16,1.08,0.75,0.81
FRS_setB_posA_108_posB_075_posC_081_record_088_frame_09.png,B,88,9,18,1.08,0.75,0.81
FRS_setB_posA_108_posB_075_posC_081_record_088_frame_10.png,B,88,10,20,1.08,0.75,0.81
FRS_setB_posA_108_posB_075_posC_081_record_088_frame_11.png,B,88,11,22,1.08,0.75,0.81
FRS_setB_posA_108_posB_075_posC_081_record_088_frame_12.png,B,88,12,24,1.08,0.75,0.81
FRS_setB_posA_108_posB_075_posC_081_record_088_frame_13.png,B,88,13,26,1.08,0.75,0.81
FRS_setB_posA_108_posB_075_posC_081_record_088_frame_14.png,B,88,14,28,1.08,0.75,0.81
FRS_setB_posA_108_posB_075_posC_081_record_088_frame_15.png,B,88,15,30,1.08,0.75,0.81
FRS_setB_posA_108_posB_075_posC_081_record_088_frame_16.png,B,88,16,32,1.08,0.75,0.81
FRS_setB_posA_108_posB_075_posC_081_record_088_frame_17.png,B,88,17,34,1.08,0.75,0.81
FRS_setB_posA_108_posB_075_posC_081_record_088_frame_18.png,B,88,18,36,1.08,0.75,0.81
FRS_setB_posA_108_posB_075_posC_081_record_088_frame_19.png,B,88,19,38,1.08,0.75,0.81
FRS_setB_posA_108_posB_076_posC_082_record_089_frame_00.png,B,89,0,0,1.08,0.76,0.82
FRS_setB_posA_108_posB_076_posC_082_record_089_frame_01.png,B,89,1,2,1.08,0.76,0.82
FRS_setB_posA_108_posB_076_posC_082_record_089_frame_02.png,B,89,2,4,1.08,0.76,0.82
FRS_setB_posA_108_posB_076_posC_082_record_089_frame_03.png,B,89,3,6,1.08,0.76,0.82
FRS_setB_posA_108_posB_076_posC_082_record_089_frame_04.png,B,89,4,8,1.08,0.76,0.82
FRS_setB_posA_108_posB_076_posC_082_record_089_frame_05.png,B,89,5,10,1.08,0.76,0.82
FRS_setB_posA_108_posB_076_posC_082_record_089_frame_06.png,B,89,6,12,1.08,0.76,0.82
FRS_setB_posA_108_posB_076_posC_082_record_089_frame_07.png,B,89,7,14,1.08,0.76,0.82
FRS_setB_posA_108_posB_076_posC_082_record_089_frame_08.png,B,89,8,16,1.08,0.76,0.82
FRS_setB_posA_108_posB_076_posC_082_record_089_frame_09.png,B,89,9,18,1.08,0.76,0.82
FRS_setB_posA_108_posB_076_posC_082_record_089_frame_10.png,B,89,10,20,1.08,0.76,0.82
FRS_setB_posA_108_posB_076_posC_082_record_089_frame_11.png,B,89,11,22,1.08,0.76,0.82
FRS_setB_posA_108_posB_076_posC_082_record_089_frame_12.png,B,89,12,24,1.08,0.76,0.82
FRS_setB_posA_108_posB_076_posC_082_record_089_frame_13.png,B,89,13,26,1.08,0.76,0.82
FRS_setB_posA_108_posB_076_posC_082_record_089_frame_14.png,B,89,14,28,1.08,0.76,0.82
FRS_setB_posA_108_posB_076_posC_082_record_089_frame_15.png,B,89,15,30,1.08,0.76,0.82
FRS_setB_posA_108_posB_076_posC_082_record_089_frame_16.png,B,89,16,32,1.08,0.76,0.82
FRS_setB_posA_108_posB_076_posC_082_record_089_frame_17.png,B,89,17,34,1.08,0.76,0.82
FRS_setB_posA_108_posB_076_posC_082_record_089_frame_18.png,B,89,18,36,1.08,0.76,0.82
FRS_setB_posA_108_posB_076_posC_082_record_089_frame_19.png,B,89,19,38,1.08,0.76,0.82
FRS_setB_posA_109_posB_076_posC_083_record_090_frame_00.png,B,90,0,0,1.09,0.76,0.83
FRS_setB_posA_109_posB_076_posC_083_record_090_frame_01.png,B,90,1,2,1.09,0.76,0.83
FRS_setB_posA_109_posB_076_posC_083_record_090_frame_02.png,B,90,2,4,1.09,0.76,0.83
FRS_setB_posA_109_posB_076_posC_083_record_090_frame_03.png,B,90,3,6,1.09,0.76,0.83
FRS_setB_posA_109_posB_076_posC_083_record_090_frame_04.png,B,90,4,8,1.09,0.76,0.83
FRS_setB_posA_109_posB_076_posC_083_record_090_frame_05.png,B,90,5,10,1.09,0.76,0.83
FRS_setB_posA_109_posB_076_posC_083_record_090_frame_06.png,B,90,6,12,1.09,0.76,0.83
FRS_setB_posA_109_posB_076_posC_083_record_090_frame_07.png,B,90,7,14,1.09,0.76,0.83
FRS_setB_posA_109_posB_076_posC_083_record_090_frame_08.png,B,90,8,16,1.09,0.76,0.83
FRS_setB_posA_109_posB_076_posC_083_record_090_frame_09.png,B,90,9,18,1.09,0.76,0.83
FRS_setB_posA_109_posB_076_posC_083_record_090_frame_10.png,B,90,10,20,1.09,0.76,0.83
FRS_setB_posA_109_posB_076_posC_083_record_090_frame_11.png,B,90,11,22,1.09,0.76,0.83
FRS_setB_posA_109_posB_076_posC_083_record_090_frame_12.png,B,90,12,24,1.09,0.76,0.83
FRS_setB_posA_109_posB_076_posC_083_record_090_frame_13.png,B,90,13,26,1.09,0.76,0.83
FRS_setB_posA_109_posB_076_posC_083_record_090_frame_14.png,B,90,14,28,1.09,0.76,0.83
FRS_setB_posA_109_posB_076_posC_083_record_090_frame_15.png,B,90,15,30,1.09,0.76,0.83
FRS_setB_posA_109_posB_076_posC_083_record_090_frame_16.png,B,90,16,32,1.09,0.76,0.83
FRS_setB_posA_109_posB_076_posC_083_record_090_frame_17.png,B,90,17,34,1.09,0.76,0.83
FRS_setB_posA_109_posB_076_posC_083_record_090_frame_18.png,B,90,18,36,1.09,0.76,0.83
FRS_setB_posA_109_posB_076_posC_083_record_090_frame_19.png,B,90,19,38,1.09,0.76,0.83
FRS_setB_posA_110_posB_076_posC_084_record_091_frame_00.png,B,91,0,0,1.1,0.76,0.84
FRS_setB_posA_110_posB_076_posC_084_record_091_frame_01.png,B,91,1,2,1.1,0.76,0.84
FRS_setB_posA_110_posB_076_posC_084_record_091_frame_02.png,B,91,2,4,1.1,0.76,0.84
FRS_setB_posA_110_posB_076_posC_084_record_091_frame_03.png,B,91,3,6,1.1,0.76,0.84
FRS_setB_posA_110_posB_076_posC_084_record_091_frame_04.png,B,91,4,8,1.1,0.76,0.84
FRS_setB_posA_110_posB_076_posC_084_record_091_frame_05.png,B,91,5,10,1.1,0.76,0.84
FRS_setB_posA_110_posB_076_posC_084_record_091_frame_06.png,B,91,6,12,1.1,0.76,0.84
FRS_setB_posA_110_posB_076_posC_084_record_091_frame_07.png,B,91,7,14,1.1,0.76,0.84
FRS_setB_posA_110_posB_076_posC_084_record_091_frame_08.png,B,91,8,16,1.1,0.76,0.84
FRS_setB_posA_110_posB_076_posC_084_record_091_frame_09.png,B,91,9,18,1.1,0.76,0.84
FRS_setB_posA_110_posB_076_posC_084_record_091_frame_10.png,B,91,10,20,1.1,0.76,0.84
FRS_setB_posA_110_posB_076_posC_084_record_091_frame_11.png,B,91,11,22,1.1,0.76,0.84
FRS_setB_posA_110_posB_076_posC_084_record_091_frame_12.png,B,91,12,24,1.1,0.76,0.84
FRS_setB_posA_110_posB_076_posC_084_record_091_frame_13.png,B,91,13,26,1.1,0.76,0.84
FRS_setB_posA_110_posB_076_posC_084_record_091_frame_14.png,B,91,14,28,1.1,0.76,0.84
FRS_setB_posA_110_posB_076_posC_084_record_091_frame_15.png,B,91,15,30,1.1,0.76,0.84
FRS_setB_posA_110_posB_076_posC_084_record_091_frame_16.png,B,91,16,32,1.1,0.76,0.84
FRS_setB_posA_110_posB_076_posC_084_record_091_frame_17.png,B,91,17,34,1.1,0.76,0.84
FRS_setB_posA_110_posB_076_posC_084_record_091_frame_18.png,B,91,18,36,1.1,0.76,0.84
FRS_setB_posA_110_posB_076_posC_084_record_091_frame_19.png,B,91,19,38,1.1,0.76,0.84
FRS_setB_posA_111_posB_077_posC_084_record_092_frame_00.png,B,92,0,0,1.11,0.77,0.84
FRS_setB_posA_111_posB_077_posC_084_record_092_frame_01.png,B,92,1,2,1.11,0.77,0.84
FRS_setB_posA_111_posB_077_posC_084_record_092_frame_02.png,B,92,2,4,1.11,0.77,0.84
FRS_setB_posA_111_posB_077_posC_084_record_092_frame_03.png,B,92,3,6,1.11,0.77,0.84
FRS_setB_posA_111_posB_077_posC_084_record_092_frame_04.png,B,92,4,8,1.11,0.77,0.84
FRS_setB_posA_111_posB_077_posC_084_record_092_frame_05.png,B,92,5,10,1.11,0.77,0.84
FRS_setB_posA_111_posB_077_posC_084_record_092_frame_06.png,B,92,6,12,1.11,0.77,0.84
FRS_setB_posA_111_posB_077_posC_084_record_092_frame_07.png,B,92,7,14,1.11,0.77,0.84
FRS_setB_posA_111_posB_077_posC_084_record_092_frame_08.png,B,92,8,16,1.11,0.77,0.84
FRS_setB_posA_111_posB_077_posC_084_record_092_frame_09.png,B,92,9,18,1.11,0.77,0.84
FRS_setB_posA_111_posB_077_posC_084_record_092_frame_10.png,B,92,10,20,1.11,0.77,0.84
FRS_setB_posA_111_posB_077_posC_084_record_092_frame_11.png,B,92,11,22,1.11,0.77,0.84
FRS_setB_posA_111_posB_077_posC_084_record_092_frame_12.png,B,92,12,24,1.11,0.77,0.84
FRS_setB_posA_111_posB_077_posC_084_record_092_frame_13.png,B,92,13,26,1.11,0.77,0.84
FRS_setB_posA_111_posB_077_posC_084_record_092_frame_14.png,B,92,14,28,1.11,0.77,0.84
FRS_setB_posA_111_posB_077_posC_084_record_092_frame_15.png,B,92,15,30,1.11,0.77,0.84
FRS_setB_posA_111_posB_077_posC_084_record_092_frame_16.png,B,92,16,32,1.11,0.77,0.84
FRS_setB_posA_111_posB_077_posC_084_record_092_frame_17.png,B,92,17,34,1.11,0.77,0.84
FRS_setB_posA_111_posB_077_posC_084_record_092_frame_18.png,B,92,18,36,1.11,0.77,0.84
FRS_setB_posA_111_posB_077_posC_084_record_092_frame_19.png,B,92,19,38,1.11,0.77,0.84
FRS_setB_posA_112_posB_078_posC_084_record_093_frame_00.png,B,93,0,0,1.12,0.78,0.84
FRS_setB_posA_112_posB_078_posC_084_record_093_frame_01.png,B,93,1,2,1.12,0.78,0.84
FRS_setB_posA_112_posB_078_posC_084_record_093_frame_02.png,B,93,2,4,1.12,0.78,0.84
FRS_setB_posA_112_posB_078_posC_084_record_093_frame_03.png,B,93,3,6,1.12,0.78,0.84
FRS_setB_posA_112_posB_078_posC_084_record_093_frame_04.png,B,93,4,8,1.12,0.78,0.84
FRS_setB_posA_112_posB_078_posC_084_record_093_frame_05.png,B,93,5,10,1.12,0.78,0.84
FRS_setB_posA_112_posB_078_posC_084_record_093_frame_06.png,B,93,6,12,1.12,0.78,0.84
FRS_setB_posA_112_posB_078_posC_084_record_093_frame_07.png,B,93,7,14,1.12,0.78,0.84
FRS_setB_posA_112_posB_078_posC_084_record_093_frame_08.png,B,93,8,16,1.12,0.78,0.84
FRS_setB_posA_112_posB_078_posC_084_record_093_frame_09.png,B,93,9,18,1.12,0.78,0.84
FRS_setB_posA_112_posB_078_posC_084_record_093_frame_10.png,B,93,10,20,1.12,0.78,0.84
FRS_setB_posA_112_posB_078_posC_084_record_093_frame_11.png,B,93,11,22,1.12,0.78,0.84
FRS_setB_posA_112_posB_078_posC_084_record_093_frame_12.png,B,93,12,24,1.12,0.78,0.84
FRS_setB_posA_112_posB_078_posC_084_record_093_frame_13.png,B,93,13,26,1.12,0.78,0.84
FRS_setB_posA_112_posB_078_posC_084_record_093_frame_14.png,B,93,14,28,1.12,0.78,0.84
FRS_setB_posA_112_posB_078_posC_084_record_093_frame_15.png,B,93,15,30,1.12,0.78,0.84
FRS_setB_posA_112_posB_078_posC_084_record_093_frame_16.png,B,93,16,32,1.12,0.78,0.84
FRS_setB_posA_112_posB_078_posC_084_record_093_frame_17.png,B,93,17,34,1.12,0.78,0.84
FRS_setB_posA_112_posB_078_posC_084_record_093_frame_18.png,B,93,18,36,1.12,0.78,0.84
FRS_setB_posA_112_posB_078_posC_084_record_093_frame_19.png,B,93,19,38,1.12,0.78,0.84
FRS_setB_posA_113_posB_078_posC_085_record_094_frame_00.png,B,94,0,0,1.13,0.78,0.85
FRS_setB_posA_113_posB_078_posC_085_record_094_frame_01.png,B,94,1,2,1.13,0.78,0.85
FRS_setB_posA_113_posB_078_posC_085_record_094_frame_02.png,B,94,2,4,1.13,0.78,0.85
FRS_setB_posA_113_posB_078_posC_085_record_094_frame_03.png,B,94,3,6,1.13,0.78,0.85
FRS_setB_posA_113_posB_078_posC_085_record_094_frame_04.png,B,94,4,8,1.13,0.78,0.85
FRS_setB_posA_113_posB_078_posC_085_record_094_frame_05.png,B,94,5,10,1.13,0.78,0.85
FRS_setB_posA_113_posB_078_posC_085_record_094_frame_06.png,B,94,6,12,1.13,0.78,0.85
FRS_setB_posA_113_posB_078_posC_085_record_094_frame_07.png,B,94,7,14,1.13,0.78,0.85
FRS_setB_posA_113_posB_078_posC_085_record_094_frame_08.png,B,94,8,16,1.13,0.78,0.85
FRS_setB_posA_113_posB_078_posC_085_record_094_frame_09.png,B,94,9,18,1.13,0.78,0.85
FRS_setB_posA_113_posB_078_posC_085_record_094_frame_10.png,B,94,10,20,1.13,0.78,0.85
FRS_setB_posA_113_posB_078_posC_085_record_094_frame_11.png,B,94,11,22,1.13,0.78,0.85
FRS_setB_posA_113_posB_078_posC_085_record_094_frame_12.png,B,94,12,24,1.13,0.78,0.85
FRS_setB_posA_113_posB_078_posC_085_record_094_frame_13.png,B,94,13,26,1.13,0.78,0.85
FRS_setB_posA_113_posB_078_posC_085_record_094_frame_14.png,B,94,14,28,1.13,0.78,0.85
FRS_setB_posA_113_posB_078_posC_085_record_094_frame_15.png,B,94,15,30,1.13,0.78,0.85
FRS_setB_posA_113_posB_078_posC_085_record_094_frame_16.png,B,94,16,32,1.13,0.78,0.85
FRS_setB_posA_113_posB_078_posC_085_record_094_frame_17.png,B,94,17,34,1.13,0.78,0.85
FRS_setB_posA_113_posB_078_posC_085_record_094_frame_18.png,B,94,18,36,1.13,0.78,0.85
FRS_setB_posA_113_posB_078_posC_085_record_094_frame_19.png,B,94,19,38,1.13,0.78,0.85
FRS_setB_posA_114_posB_078_posC_085_record_095_frame_00.png,B,95,0,0,1.14,0.78,0.85
FRS_setB_posA_114_posB_078_posC_085_record_095_frame_01.png,B,95,1,2,1.14,0.78,0.85
FRS_setB_posA_114_posB_078_posC_085_record_095_frame_02.png,B,95,2,4,1.14,0.78,0.85
FRS_setB_posA_114_posB_078_posC_085_record_095_frame_03.png,B,95,3,6,1.14,0.78,0.85
FRS_setB_posA_114_posB_078_posC_085_record_095_frame_04.png,B,95,4,8,1.14,0.78,0.85
FRS_setB_posA_114_posB_078_posC_085_record_095_frame_05.png,B,95,5,10,1.14,0.78,0.85
FRS_setB_posA_114_posB_078_posC_085_record_095_frame_06.png,B,95,6,12,1.14,0.78,0.85
FRS_setB_posA_114_posB_078_posC_085_record_095_frame_07.png,B,95,7,14,1.14,0.78,0.85
FRS_setB_posA_114_posB_078_posC_085_record_095_frame_08.png,B,95,8,16,1.14,0.78,0.85
FRS_setB_posA_114_posB_078_posC_085_record_095_frame_09.png,B,95,9,18,1.14,0.78,0.85
FRS_setB_posA_114_posB_078_posC_085_record_095_frame_10.png,B,95,10,20,1.14,0.78,0.85
FRS_setB_posA_114_posB_078_posC_085_record_095_frame_11.png,B,95,11,22,1.14,0.78,0.85
FRS_setB_posA_114_posB_078_posC_085_record_095_frame_12.png,B,95,12,24,1.14,0.78,0.85
FRS_setB_posA_114_posB_078_posC_085_record_095_frame_13.png,B,95,13,26,1.14,0.78,0.85
FRS_setB_posA_114_posB_078_posC_085_record_095_frame_14.png,B,95,14,28,1.14,0.78,0.85
FRS_setB_posA_114_posB_078_posC_085_record_095_frame_15.png,B,95,15,30,1.14,0.78,0.85
FRS_setB_posA_114_posB_078_posC_085_record_095_frame_16.png,B,95,16,32,1.14,0.78,0.85
FRS_setB_posA_114_posB_078_posC_085_record_095_frame_17.png,B,95,17,34,1.14,0.78,0.85
FRS_setB_posA_114_posB_078_posC_085_record_095_frame_18.png,B,95,18,36,1.14,0.78,0.85
FRS_setB_posA_114_posB_078_posC_085_record_095_frame_19.png,B,95,19,38,1.14,0.78,0.85
FRS_setB_posA_114_posB_082_posC_089_record_096_frame_00.png,B,96,0,0,1.14,0.82,0.89
FRS_setB_posA_114_posB_082_posC_089_record_096_frame_01.png,B,96,1,2,1.14,0.82,0.89
FRS_setB_posA_114_posB_082_posC_089_record_096_frame_02.png,B,96,2,4,1.14,0.82,0.89
FRS_setB_posA_114_posB_082_posC_089_record_096_frame_03.png,B,96,3,6,1.14,0.82,0.89
FRS_setB_posA_114_posB_082_posC_089_record_096_frame_04.png,B,96,4,8,1.14,0.82,0.89
FRS_setB_posA_114_posB_082_posC_089_record_096_frame_05.png,B,96,5,10,1.14,0.82,0.89
FRS_setB_posA_114_posB_082_posC_089_record_096_frame_06.png,B,96,6,12,1.14,0.82,0.89
FRS_setB_posA_114_posB_082_posC_089_record_096_frame_07.png,B,96,7,14,1.14,0.82,0.89
FRS_setB_posA_114_posB_082_posC_089_record_096_frame_08.png,B,96,8,16,1.14,0.82,0.89
FRS_setB_posA_114_posB_082_posC_089_record_096_frame_09.png,B,96,9,18,1.14,0.82,0.89
FRS_setB_posA_114_posB_082_posC_089_record_096_frame_10.png,B,96,10,20,1.14,0.82,0.89
FRS_setB_posA_114_posB_082_posC_089_record_096_frame_11.png,B,96,11,22,1.14,0.82,0.89
FRS_setB_posA_114_posB_082_posC_089_record_096_frame_12.png,B,96,12,24,1.14,0.82,0.89
FRS_setB_posA_114_posB_082_posC_089_record_096_frame_13.png,B,96,13,26,1.14,0.82,0.89
FRS_setB_posA_114_posB_082_posC_089_record_096_frame_14.png,B,96,14,28,1.14,0.82,0.89
FRS_setB_posA_114_posB_082_posC_089_record_096_frame_15.png,B,96,15,30,1.14,0.82,0.89
FRS_setB_posA_114_posB_082_posC_089_record_096_frame_16.png,B,96,16,32,1.14,0.82,0.89
FRS_setB_posA_114_posB_082_posC_089_record_096_frame_17.png,B,96,17,34,1.14,0.82,0.89
FRS_setB_posA_114_posB_082_posC_089_record_096_frame_18.png,B,96,18,36,1.14,0.82,0.89
FRS_setB_posA_114_posB_082_posC_089_record_096_frame_19.png,B,96,19,38,1.14,0.82,0.89
FRS_setB_posA_116_posB_080_posC_088_record_097_frame_00.png,B,97,0,0,1.16,0.8,0.88
FRS_setB_posA_116_posB_080_posC_088_record_097_frame_01.png,B,97,1,2,1.16,0.8,0.88
FRS_setB_posA_116_posB_080_posC_088_record_097_frame_02.png,B,97,2,4,1.16,0.8,0.88
FRS_setB_posA_116_posB_080_posC_088_record_097_frame_03.png,B,97,3,6,1.16,0.8,0.88
FRS_setB_posA_116_posB_080_posC_088_record_097_frame_04.png,B,97,4,8,1.16,0.8,0.88
FRS_setB_posA_116_posB_080_posC_088_record_097_frame_05.png,B,97,5,10,1.16,0.8,0.88
FRS_setB_posA_116_posB_080_posC_088_record_097_frame_06.png,B,97,6,12,1.16,0.8,0.88
FRS_setB_posA_116_posB_080_posC_088_record_097_frame_07.png,B,97,7,14,1.16,0.8,0.88
FRS_setB_posA_116_posB_080_posC_088_record_097_frame_08.png,B,97,8,16,1.16,0.8,0.88
FRS_setB_posA_116_posB_080_posC_088_record_097_frame_09.png,B,97,9,18,1.16,0.8,0.88
FRS_setB_posA_116_posB_080_posC_088_record_097_frame_10.png,B,97,10,20,1.16,0.8,0.88
FRS_setB_posA_116_posB_080_posC_088_record_097_frame_11.png,B,97,11,22,1.16,0.8,0.88
FRS_setB_posA_116_posB_080_posC_088_record_097_frame_12.png,B,97,12,24,1.16,0.8,0.88
FRS_setB_posA_116_posB_080_posC_088_record_097_frame_13.png,B,97,13,26,1.16,0.8,0.88
FRS_setB_posA_116_posB_080_posC_088_record_097_frame_14.png,B,97,14,28,1.16,0.8,0.88
FRS_setB_posA_116_posB_080_posC_088_record_097_frame_15.png,B,97,15,30,1.16,0.8,0.88
FRS_setB_posA_116_posB_080_posC_088_record_097_frame_16.png,B,97,16,32,1.16,0.8,0.88
FRS_setB_posA_116_posB_080_posC_088_record_097_frame_17.png,B,97,17,34,1.16,0.8,0.88
FRS_setB_posA_116_posB_080_posC_088_record_097_frame_18.png,B,97,18,36,1.16,0.8,0.88
FRS_setB_posA_116_posB_080_posC_088_record_097_frame_19.png,B,97,19,38,1.16,0.8,0.88
FRS_setB_posA_116_posB_081_posC_087_record_098_frame_00.png,B,98,0,0,1.16,0.81,0.87
FRS_setB_posA_116_posB_081_posC_087_record_098_frame_01.png,B,98,1,2,1.16,0.81,0.87
FRS_setB_posA_116_posB_081_posC_087_record_098_frame_02.png,B,98,2,4,1.16,0.81,0.87
FRS_setB_posA_116_posB_081_posC_087_record_098_frame_03.png,B,98,3,6,1.16,0.81,0.87
FRS_setB_posA_116_posB_081_posC_087_record_098_frame_04.png,B,98,4,8,1.16,0.81,0.87
FRS_setB_posA_116_posB_081_posC_087_record_098_frame_05.png,B,98,5,10,1.16,0.81,0.87
FRS_setB_posA_116_posB_081_posC_087_record_098_frame_06.png,B,98,6,12,1.16,0.81,0.87
FRS_setB_posA_116_posB_081_posC_087_record_098_frame_07.png,B,98,7,14,1.16,0.81,0.87
FRS_setB_posA_116_posB_081_posC_087_record_098_frame_08.png,B,98,8,16,1.16,0.81,0.87
FRS_setB_posA_116_posB_081_posC_087_record_098_frame_09.png,B,98,9,18,1.16,0.81,0.87
FRS_setB_posA_116_posB_081_posC_087_record_098_frame_10.png,B,98,10,20,1.16,0.81,0.87
FRS_setB_posA_116_posB_081_posC_087_record_098_frame_11.png,B,98,11,22,1.16,0.81,0.87
FRS_setB_posA_116_posB_081_posC_087_record_098_frame_12.png,B,98,12,24,1.16,0.81,0.87
FRS_setB_posA_116_posB_081_posC_087_record_098_frame_13.png,B,98,13,26,1.16,0.81,0.87
FRS_setB_posA_116_posB_081_posC_087_record_098_frame_14.png,B,98,14,28,1.16,0.81,0.87
FRS_setB_posA_116_posB_081_posC_087_record_098_frame_15.png,B,98,15,30,1.16,0.81,0.87
FRS_setB_posA_116_posB_081_posC_087_record_098_frame_16.png,B,98,16,32,1.16,0.81,0.87
FRS_setB_posA_116_posB_081_posC_087_record_098_frame_17.png,B,98,17,34,1.16,0.81,0.87
FRS_setB_posA_116_posB_081_posC_087_record_098_frame_18.png,B,98,18,36,1.16,0.81,0.87
FRS_setB_posA_116_posB_081_posC_087_record_098_frame_19.png,B,98,19,38,1.16,0.81,0.87
FRS_setB_posA_118_posB_082_posC_090_record_099_frame_00.png,B,99,0,0,1.18,0.82,0.9
FRS_setB_posA_118_posB_082_posC_090_record_099_frame_01.png,B,99,1,2,1.18,0.82,0.9
FRS_setB_posA_118_posB_082_posC_090_record_099_frame_02.png,B,99,2,4,1.18,0.82,0.9
FRS_setB_posA_118_posB_082_posC_090_record_099_frame_03.png,B,99,3,6,1.18,0.82,0.9
FRS_setB_posA_118_posB_082_posC_090_record_099_frame_04.png,B,99,4,8,1.18,0.82,0.9
FRS_setB_posA_118_posB_082_posC_090_record_099_frame_05.png,B,99,5,10,1.18,0.82,0.9
FRS_setB_posA_118_posB_082_posC_090_record_099_frame_06.png,B,99,6,12,1.18,0.82,0.9
FRS_setB_posA_118_posB_082_posC_090_record_099_frame_07.png,B,99,7,14,1.18,0.82,0.9
FRS_setB_posA_118_posB_082_posC_090_record_099_frame_08.png,B,99,8,16,1.18,0.82,0.9
FRS_setB_posA_118_posB_082_posC_090_record_099_frame_09.png,B,99,9,18,1.18,0.82,0.9
FRS_setB_posA_118_posB_082_posC_090_record_099_frame_10.png,B,99,10,20,1.18,0.82,0.9
FRS_setB_posA_118_posB_082_posC_090_record_099_frame_11.png,B,99,11,22,1.18,0.82,0.9
FRS_setB_posA_118_posB_082_posC_090_record_099_frame_12.png,B,99,12,24,1.18,0.82,0.9
FRS_setB_posA_118_posB_082_posC_090_record_099_frame_13.png,B,99,13,26,1.18,0.82,0.9
FRS_setB_posA_118_posB_082_posC_090_record_099_frame_14.png,B,99,14,28,1.18,0.82,0.9
FRS_setB_posA_118_posB_082_posC_090_record_099_frame_15.png,B,99,15,30,1.18,0.82,0.9
FRS_setB_posA_118_posB_082_posC_090_record_099_frame_16.png,B,99,16,32,1.18,0.82,0.9
FRS_setB_posA_118_posB_082_posC_090_record_099_frame_17.png,B,99,17,34,1.18,0.82,0.9
FRS_setB_posA_118_posB_082_posC_090_record_099_frame_18.png,B,99,18,36,1.18,0.82,0.9
FRS_setB_posA_118_posB_082_posC_090_record_099_frame_19.png,B,99,19,38,1.18,0.82,0.9
FRS_setB_posA_120_posB_082_posC_090_record_100_frame_00.png,B,100,0,0,1.2,0.82,0.9
FRS_setB_posA_120_posB_082_posC_090_record_100_frame_01.png,B,100,1,2,1.2,0.82,0.9
FRS_setB_posA_120_posB_082_posC_090_record_100_frame_02.png,B,100,2,4,1.2,0.82,0.9
FRS_setB_posA_120_posB_082_posC_090_record_100_frame_03.png,B,100,3,6,1.2,0.82,0.9
FRS_setB_posA_120_posB_082_posC_090_record_100_frame_04.png,B,100,4,8,1.2,0.82,0.9
FRS_setB_posA_120_posB_082_posC_090_record_100_frame_05.png,B,100,5,10,1.2,0.82,0.9
FRS_setB_posA_120_posB_082_posC_090_record_100_frame_06.png,B,100,6,12,1.2,0.82,0.9
FRS_setB_posA_120_posB_082_posC_090_record_100_frame_07.png,B,100,7,14,1.2,0.82,0.9
FRS_setB_posA_120_posB_082_posC_090_record_100_frame_08.png,B,100,8,16,1.2,0.82,0.9
FRS_setB_posA_120_posB_082_posC_090_record_100_frame_09.png,B,100,9,18,1.2,0.82,0.9
FRS_setB_posA_120_posB_082_posC_090_record_100_frame_10.png,B,100,10,20,1.2,0.82,0.9
FRS_setB_posA_120_posB_082_posC_090_record_100_frame_11.png,B,100,11,22,1.2,0.82,0.9
FRS_setB_posA_120_posB_082_posC_090_record_100_frame_12.png,B,100,12,24,1.2,0.82,0.9
FRS_setB_posA_120_posB_082_posC_090_record_100_frame_13.png,B,100,13,26,1.2,0.82,0.9
FRS_setB_posA_120_posB_082_posC_090_record_100_frame_14.png,B,100,14,28,1.2,0.82,0.9
FRS_setB_posA_120_posB_082_posC_090_record_100_frame_15.png,B,100,15,30,1.2,0.82,0.9
FRS_setB_posA_120_posB_082_posC_090_record_100_frame_16.png,B,100,16,32,1.2,0.82,0.9
FRS_setB_posA_120_posB_082_posC_090_record_100_frame_17.png,B,100,17,34,1.2,0.82,0.9
FRS_setB_posA_120_posB_082_posC_090_record_100_frame_18.png,B,100,18,36,1.2,0.82,0.9
FRS_setB_posA_120_posB_082_posC_090_record_100_frame_19.png,B,100,19,38,1.2,0.82,0.9
FRS_setC_posA_041_posB_026_posC_043_record_001_frame_00.png,C,1,0,0,0.41,0.26,0.43
FRS_setC_posA_041_posB_026_posC_043_record_001_frame_01.png,C,1,1,2,0.41,0.26,0.43
FRS_setC_posA_041_posB_026_posC_043_record_001_frame_02.png,C,1,2,4,0.41,0.26,0.43
FRS_setC_posA_041_posB_026_posC_043_record_001_frame_03.png,C,1,3,6,0.41,0.26,0.43
FRS_setC_posA_041_posB_026_posC_043_record_001_frame_04.png,C,1,4,8,0.41,0.26,0.43
FRS_setC_posA_041_posB_026_posC_043_record_001_frame_05.png,C,1,5,10,0.41,0.26,0.43
FRS_setC_posA_041_posB_026_posC_043_record_001_frame_06.png,C,1,6,12,0.41,0.26,0.43
FRS_setC_posA_041_posB_026_posC_043_record_001_frame_07.png,C,1,7,14,0.41,0.26,0.43
FRS_setC_posA_041_posB_026_posC_043_record_001_frame_08.png,C,1,8,16,0.41,0.26,0.43
FRS_setC_posA_041_posB_026_posC_043_record_001_frame_09.png,C,1,9,18,0.41,0.26,0.43
FRS_setC_posA_041_posB_026_posC_043_record_001_frame_10.png,C,1,10,20,0.41,0.26,0.43
FRS_setC_posA_041_posB_026_posC_043_record_001_frame_11.png,C,1,11,22,0.41,0.26,0.43
FRS_setC_posA_041_posB_026_posC_043_record_001_frame_12.png,C,1,12,24,0.41,0.26,0.43
FRS_setC_posA_041_posB_026_posC_043_record_001_frame_13.png,C,1,13,26,0.41,0.26,0.43
FRS_setC_posA_041_posB_026_posC_043_record_001_frame_14.png,C,1,14,28,0.41,0.26,0.43
FRS_setC_posA_041_posB_026_posC_043_record_001_frame_15.png,C,1,15,30,0.41,0.26,0.43
FRS_setC_posA_041_posB_026_posC_043_record_001_frame_16.png,C,1,16,32,0.41,0.26,0.43
FRS_setC_posA_041_posB_026_posC_043_record_001_frame_17.png,C,1,17,34,0.41,0.26,0.43
FRS_setC_posA_041_posB_026_posC_043_record_001_frame_18.png,C,1,18,36,0.41,0.26,0.43
FRS_setC_posA_041_posB_026_posC_043_record_001_frame_19.png,C,1,19,38,0.41,0.26,0.43
FRS_setC_posA_042_posB_027_posC_045_record_002_frame_00.png,C,2,0,0,0.42,0.27,0.45
FRS_setC_posA_042_posB_027_posC_045_record_002_frame_01.png,C,2,1,2,0.42,0.27,0.45
FRS_setC_posA_042_posB_027_posC_045_record_002_frame_02.png,C,2,2,4,0.42,0.27,0.45
FRS_setC_posA_042_posB_027_posC_045_record_002_frame_03.png,C,2,3,6,0.42,0.27,0.45
FRS_setC_posA_042_posB_027_posC_045_record_002_frame_04.png,C,2,4,8,0.42,0.27,0.45
FRS_setC_posA_042_posB_027_posC_045_record_002_frame_05.png,C,2,5,10,0.42,0.27,0.45
FRS_setC_posA_042_posB_027_posC_045_record_002_frame_06.png,C,2,6,12,0.42,0.27,0.45
FRS_setC_posA_042_posB_027_posC_045_record_002_frame_07.png,C,2,7,14,0.42,0.27,0.45
FRS_setC_posA_042_posB_027_posC_045_record_002_frame_08.png,C,2,8,16,0.42,0.27,0.45
FRS_setC_posA_042_posB_027_posC_045_record_002_frame_09.png,C,2,9,18,0.42,0.27,0.45
FRS_setC_posA_042_posB_027_posC_045_record_002_frame_10.png,C,2,10,20,0.42,0.27,0.45
FRS_setC_posA_042_posB_027_posC_045_record_002_frame_11.png,C,2,11,22,0.42,0.27,0.45
FRS_setC_posA_042_posB_027_posC_045_record_002_frame_12.png,C,2,12,24,0.42,0.27,0.45
FRS_setC_posA_042_posB_027_posC_045_record_002_frame_13.png,C,2,13,26,0.42,0.27,0.45
FRS_setC_posA_042_posB_027_posC_045_record_002_frame_14.png,C,2,14,28,0.42,0.27,0.45
FRS_setC_posA_042_posB_027_posC_045_record_002_frame_15.png,C,2,15,30,0.42,0.27,0.45
FRS_setC_posA_042_posB_027_posC_045_record_002_frame_16.png,C,2,16,32,0.42,0.27,0.45
FRS_setC_posA_042_posB_027_posC_045_record_002_frame_17.png,C,2,17,34,0.42,0.27,0.45
FRS_setC_posA_042_posB_027_posC_045_record_002_frame_18.png,C,2,18,36,0.42,0.27,0.45
FRS_setC_posA_042_posB_027_posC_045_record_002_frame_19.png,C,2,19,38,0.42,0.27,0.45
FRS_setC_posA_043_posB_027_posC_045_record_003_frame_00.png,C,3,0,0,0.43,0.27,0.45
FRS_setC_posA_043_posB_027_posC_045_record_003_frame_01.png,C,3,1,2,0.43,0.27,0.45
FRS_setC_posA_043_posB_027_posC_045_record_003_frame_02.png,C,3,2,4,0.43,0.27,0.45
FRS_setC_posA_043_posB_027_posC_045_record_003_frame_03.png,C,3,3,6,0.43,0.27,0.45
FRS_setC_posA_043_posB_027_posC_045_record_003_frame_04.png,C,3,4,8,0.43,0.27,0.45
FRS_setC_posA_043_posB_027_posC_045_record_003_frame_05.png,C,3,5,10,0.43,0.27,0.45
FRS_setC_posA_043_posB_027_posC_045_record_003_frame_06.png,C,3,6,12,0.43,0.27,0.45
FRS_setC_posA_043_posB_027_posC_045_record_003_frame_07.png,C,3,7,14,0.43,0.27,0.45
FRS_setC_posA_043_posB_027_posC_045_record_003_frame_08.png,C,3,8,16,0.43,0.27,0.45
FRS_setC_posA_043_posB_027_posC_045_record_003_frame_09.png,C,3,9,18,0.43,0.27,0.45
FRS_setC_posA_043_posB_027_posC_045_record_003_frame_10.png,C,3,10,20,0.43,0.27,0.45
FRS_setC_posA_043_posB_027_posC_045_record_003_frame_11.png,C,3,11,22,0.43,0.27,0.45
FRS_setC_posA_043_posB_027_posC_045_record_003_frame_12.png,C,3,12,24,0.43,0.27,0.45
FRS_setC_posA_043_posB_027_posC_045_record_003_frame_13.png,C,3,13,26,0.43,0.27,0.45
FRS_setC_posA_043_posB_027_posC_045_record_003_frame_14.png,C,3,14,28,0.43,0.27,0.45
FRS_setC_posA_043_posB_027_posC_045_record_003_frame_15.png,C,3,15,30,0.43,0.27,0.45
FRS_setC_posA_043_posB_027_posC_045_record_003_frame_16.png,C,3,16,32,0.43,0.27,0.45
FRS_setC_posA_043_posB_027_posC_045_record_003_frame_17.png,C,3,17,34,0.43,0.27,0.45
FRS_setC_posA_043_posB_027_posC_045_record_003_frame_18.png,C,3,18,36,0.43,0.27,0.45
FRS_setC_posA_043_posB_027_posC_045_record_003_frame_19.png,C,3,19,38,0.43,0.27,0.45
FRS_setC_posA_044_posB_028_posC_045_record_004_frame_00.png,C,4,0,0,0.44,0.28,0.45
FRS_setC_posA_044_posB_028_posC_045_record_004_frame_01.png,C,4,1,2,0.44,0.28,0.45
FRS_setC_posA_044_posB_028_posC_045_record_004_frame_02.png,C,4,2,4,0.44,0.28,0.45
FRS_setC_posA_044_posB_028_posC_045_record_004_frame_03.png,C,4,3,6,0.44,0.28,0.45
FRS_setC_posA_044_posB_028_posC_045_record_004_frame_04.png,C,4,4,8,0.44,0.28,0.45
FRS_setC_posA_044_posB_028_posC_045_record_004_frame_05.png,C,4,5,10,0.44,0.28,0.45
FRS_setC_posA_044_posB_028_posC_045_record_004_frame_06.png,C,4,6,12,0.44,0.28,0.45
FRS_setC_posA_044_posB_028_posC_045_record_004_frame_07.png,C,4,7,14,0.44,0.28,0.45
FRS_setC_posA_044_posB_028_posC_045_record_004_frame_08.png,C,4,8,16,0.44,0.28,0.45
FRS_setC_posA_044_posB_028_posC_045_record_004_frame_09.png,C,4,9,18,0.44,0.28,0.45
FRS_setC_posA_044_posB_028_posC_045_record_004_frame_10.png,C,4,10,20,0.44,0.28,0.45
FRS_setC_posA_044_posB_028_posC_045_record_004_frame_11.png,C,4,11,22,0.44,0.28,0.45
FRS_setC_posA_044_posB_028_posC_045_record_004_frame_12.png,C,4,12,24,0.44,0.28,0.45
FRS_setC_posA_044_posB_028_posC_045_record_004_frame_13.png,C,4,13,26,0.44,0.28,0.45
FRS_setC_posA_044_posB_028_posC_045_record_004_frame_14.png,C,4,14,28,0.44,0.28,0.45
FRS_setC_posA_044_posB_028_posC_045_record_004_frame_15.png,C,4,15,30,0.44,0.28,0.45
FRS_setC_posA_044_posB_028_posC_045_record_004_frame_16.png,C,4,16,32,0.44,0.28,0.45
FRS_setC_posA_044_posB_028_posC_045_record_004_frame_17.png,C,4,17,34,0.44,0.28,0.45
FRS_setC_posA_044_posB_028_posC_045_record_004_frame_18.png,C,4,18,36,0.44,0.28,0.45
FRS_setC_posA_044_posB_028_posC_045_record_004_frame_19.png,C,4,19,38,0.44,0.28,0.45
FRS_setC_posA_044_posB_028_posC_046_record_005_frame_00.png,C,5,0,0,0.44,0.28,0.46
FRS_setC_posA_044_posB_028_posC_046_record_005_frame_01.png,C,5,1,2,0.44,0.28,0.46
FRS_setC_posA_044_posB_028_posC_046_record_005_frame_02.png,C,5,2,4,0.44,0.28,0.46
FRS_setC_posA_044_posB_028_posC_046_record_005_frame_03.png,C,5,3,6,0.44,0.28,0.46
FRS_setC_posA_044_posB_028_posC_046_record_005_frame_04.png,C,5,4,8,0.44,0.28,0.46
FRS_setC_posA_044_posB_028_posC_046_record_005_frame_05.png,C,5,5,10,0.44,0.28,0.46
FRS_setC_posA_044_posB_028_posC_046_record_005_frame_06.png,C,5,6,12,0.44,0.28,0.46
FRS_setC_posA_044_posB_028_posC_046_record_005_frame_07.png,C,5,7,14,0.44,0.28,0.46
FRS_setC_posA_044_posB_028_posC_046_record_005_frame_08.png,C,5,8,16,0.44,0.28,0.46
FRS_setC_posA_044_posB_028_posC_046_record_005_frame_09.png,C,5,9,18,0.44,0.28,0.46
FRS_setC_posA_044_posB_028_posC_046_record_005_frame_10.png,C,5,10,20,0.44,0.28,0.46
FRS_setC_posA_044_posB_028_posC_046_record_005_frame_11.png,C,5,11,22,0.44,0.28,0.46
FRS_setC_posA_044_posB_028_posC_046_record_005_frame_12.png,C,5,12,24,0.44,0.28,0.46
FRS_setC_posA_044_posB_028_posC_046_record_005_frame_13.png,C,5,13,26,0.44,0.28,0.46
FRS_setC_posA_044_posB_028_posC_046_record_005_frame_14.png,C,5,14,28,0.44,0.28,0.46
FRS_setC_posA_044_posB_028_posC_046_record_005_frame_15.png,C,5,15,30,0.44,0.28,0.46
FRS_setC_posA_044_posB_028_posC_046_record_005_frame_16.png,C,5,16,32,0.44,0.28,0.46
FRS_setC_posA_044_posB_028_posC_046_record_005_frame_17.png,C,5,17,34,0.44,0.28,0.46
FRS_setC_posA_044_posB_028_posC_046_record_005_frame_18.png,C,5,18,36,0.44,0.28,0.46
FRS_setC_posA_044_posB_028_posC_046_record_005_frame_19.png,C,5,19,38,0.44,0.28,0.46
FRS_setC_posA_045_posB_029_posC_046_record_006_frame_00.png,C,6,0,0,0.45,0.29,0.46
FRS_setC_posA_045_posB_029_posC_046_record_006_frame_01.png,C,6,1,2,0.45,0.29,0.46
FRS_setC_posA_045_posB_029_posC_046_record_006_frame_02.png,C,6,2,4,0.45,0.29,0.46
FRS_setC_posA_045_posB_029_posC_046_record_006_frame_03.png,C,6,3,6,0.45,0.29,0.46
FRS_setC_posA_045_posB_029_posC_046_record_006_frame_04.png,C,6,4,8,0.45,0.29,0.46
FRS_setC_posA_045_posB_029_posC_046_record_006_frame_05.png,C,6,5,10,0.45,0.29,0.46
FRS_setC_posA_045_posB_029_posC_046_record_006_frame_06.png,C,6,6,12,0.45,0.29,0.46
FRS_setC_posA_045_posB_029_posC_046_record_006_frame_07.png,C,6,7,14,0.45,0.29,0.46
FRS_setC_posA_045_posB_029_posC_046_record_006_frame_08.png,C,6,8,16,0.45,0.29,0.46
FRS_setC_posA_045_posB_029_posC_046_record_006_frame_09.png,C,6,9,18,0.45,0.29,0.46
FRS_setC_posA_045_posB_029_posC_046_record_006_frame_10.png,C,6,10,20,0.45,0.29,0.46
FRS_setC_posA_045_posB_029_posC_046_record_006_frame_11.png,C,6,11,22,0.45,0.29,0.46
FRS_setC_posA_045_posB_029_posC_046_record_006_frame_12.png,C,6,12,24,0.45,0.29,0.46
FRS_setC_posA_045_posB_029_posC_046_record_006_frame_13.png,C,6,13,26,0.45,0.29,0.46
FRS_setC_posA_045_posB_029_posC_046_record_006_frame_14.png,C,6,14,28,0.45,0.29,0.46
FRS_setC_posA_045_posB_029_posC_046_record_006_frame_15.png,C,6,15,30,0.45,0.29,0.46
FRS_setC_posA_045_posB_029_posC_046_record_006_frame_16.png,C,6,16,32,0.45,0.29,0.46
FRS_setC_posA_045_posB_029_posC_046_record_006_frame_17.png,C,6,17,34,0.45,0.29,0.46
FRS_setC_posA_045_posB_029_posC_046_record_006_frame_18.png,C,6,18,36,0.45,0.29,0.46
FRS_setC_posA_045_posB_029_posC_046_record_006_frame_19.png,C,6,19,38,0.45,0.29,0.46
FRS_setC_posA_046_posB_029_posC_047_record_007_frame_00.png,C,7,0,0,0.46,0.29,0.47
FRS_setC_posA_046_posB_029_posC_047_record_007_frame_01.png,C,7,1,2,0.46,0.29,0.47
FRS_setC_posA_046_posB_029_posC_047_record_007_frame_02.png,C,7,2,4,0.46,0.29,0.47
FRS_setC_posA_046_posB_029_posC_047_record_007_frame_03.png,C,7,3,6,0.46,0.29,0.47
FRS_setC_posA_046_posB_029_posC_047_record_007_frame_04.png,C,7,4,8,0.46,0.29,0.47
FRS_setC_posA_046_posB_029_posC_047_record_007_frame_05.png,C,7,5,10,0.46,0.29,0.47
FRS_setC_posA_046_posB_029_posC_047_record_007_frame_06.png,C,7,6,12,0.46,0.29,0.47
FRS_setC_posA_046_posB_029_posC_047_record_007_frame_07.png,C,7,7,14,0.46,0.29,0.47
FRS_setC_posA_046_posB_029_posC_047_record_007_frame_08.png,C,7,8,16,0.46,0.29,0.47
FRS_setC_posA_046_posB_029_posC_047_record_007_frame_09.png,C,7,9,18,0.46,0.29,0.47
FRS_setC_posA_046_posB_029_posC_047_record_007_frame_10.png,C,7,10,20,0.46,0.29,0.47
FRS_setC_posA_046_posB_029_posC_047_record_007_frame_11.png,C,7,11,22,0.46,0.29,0.47
FRS_setC_posA_046_posB_029_posC_047_record_007_frame_12.png,C,7,12,24,0.46,0.29,0.47
FRS_setC_posA_046_posB_029_posC_047_record_007_frame_13.png,C,7,13,26,0.46,0.29,0.47
FRS_setC_posA_046_posB_029_posC_047_record_007_frame_14.png,C,7,14,28,0.46,0.29,0.47
FRS_setC_posA_046_posB_029_posC_047_record_007_frame_15.png,C,7,15,30,0.46,0.29,0.47
FRS_setC_posA_046_posB_029_posC_047_record_007_frame_16.png,C,7,16,32,0.46,0.29,0.47
FRS_setC_posA_046_posB_029_posC_047_record_007_frame_17.png,C,7,17,34,0.46,0.29,0.47
FRS_setC_posA_046_posB_029_posC_047_record_007_frame_18.png,C,7,18,36,0.46,0.29,0.47
FRS_setC_posA_046_posB_029_posC_047_record_007_frame_19.png,C,7,19,38,0.46,0.29,0.47
FRS_setC_posA_047_posB_030_posC_047_record_008_frame_00.png,C,8,0,0,0.47,0.3,0.47
FRS_setC_posA_047_posB_030_posC_047_record_008_frame_01.png,C,8,1,2,0.47,0.3,0.47
FRS_setC_posA_047_posB_030_posC_047_record_008_frame_02.png,C,8,2,4,0.47,0.3,0.47
FRS_setC_posA_047_posB_030_posC_047_record_008_frame_03.png,C,8,3,6,0.47,0.3,0.47
FRS_setC_posA_047_posB_030_posC_047_record_008_frame_04.png,C,8,4,8,0.47,0.3,0.47
FRS_setC_posA_047_posB_030_posC_047_record_008_frame_05.png,C,8,5,10,0.47,0.3,0.47
FRS_setC_posA_047_posB_030_posC_047_record_008_frame_06.png,C,8,6,12,0.47,0.3,0.47
FRS_setC_posA_047_posB_030_posC_047_record_008_frame_07.png,C,8,7,14,0.47,0.3,0.47
FRS_setC_posA_047_posB_030_posC_047_record_008_frame_08.png,C,8,8,16,0.47,0.3,0.47
FRS_setC_posA_047_posB_030_posC_047_record_008_frame_09.png,C,8,9,18,0.47,0.3,0.47
FRS_setC_posA_047_posB_030_posC_047_record_008_frame_10.png,C,8,10,20,0.47,0.3,0.47
FRS_setC_posA_047_posB_030_posC_047_record_008_frame_11.png,C,8,11,22,0.47,0.3,0.47
FRS_setC_posA_047_posB_030_posC_047_record_008_frame_12.png,C,8,12,24,0.47,0.3,0.47
FRS_setC_posA_047_posB_030_posC_047_record_008_frame_13.png,C,8,13,26,0.47,0.3,0.47
FRS_setC_posA_047_posB_030_posC_047_record_008_frame_14.png,C,8,14,28,0.47,0.3,0.47
FRS_setC_posA_047_posB_030_posC_047_record_008_frame_15.png,C,8,15,30,0.47,0.3,0.47
FRS_setC_posA_047_posB_030_posC_047_record_008_frame_16.png,C,8,16,32,0.47,0.3,0.47
FRS_setC_posA_047_posB_030_posC_047_record_008_frame_17.png,C,8,17,34,0.47,0.3,0.47
FRS_setC_posA_047_posB_030_posC_047_record_008_frame_18.png,C,8,18,36,0.47,0.3,0.47
FRS_setC_posA_047_posB_030_posC_047_record_008_frame_19.png,C,8,19,38,0.47,0.3,0.47
FRS_setC_posA_047_posB_031_posC_047_record_009_frame_00.png,C,9,0,0,0.47,0.31,0.47
FRS_setC_posA_047_posB_031_posC_047_record_009_frame_01.png,C,9,1,2,0.47,0.31,0.47
FRS_setC_posA_047_posB_031_posC_047_record_009_frame_02.png,C,9,2,4,0.47,0.31,0.47
FRS_setC_posA_047_posB_031_posC_047_record_009_frame_03.png,C,9,3,6,0.47,0.31,0.47
FRS_setC_posA_047_posB_031_posC_047_record_009_frame_04.png,C,9,4,8,0.47,0.31,0.47
FRS_setC_posA_047_posB_031_posC_047_record_009_frame_05.png,C,9,5,10,0.47,0.31,0.47
FRS_setC_posA_047_posB_031_posC_047_record_009_frame_06.png,C,9,6,12,0.47,0.31,0.47
FRS_setC_posA_047_posB_031_posC_047_record_009_frame_07.png,C,9,7,14,0.47,0.31,0.47
FRS_setC_posA_047_posB_031_posC_047_record_009_frame_08.png,C,9,8,16,0.47,0.31,0.47
FRS_setC_posA_047_posB_031_posC_047_record_009_frame_09.png,C,9,9,18,0.47,0.31,0.47
FRS_setC_posA_047_posB_031_posC_047_record_009_frame_10.png,C,9,10,20,0.47,0.31,0.47
FRS_setC_posA_047_posB_031_posC_047_record_009_frame_11.png,C,9,11,22,0.47,0.31,0.47
FRS_setC_posA_047_posB_031_posC_047_record_009_frame_12.png,C,9,12,24,0.47,0.31,0.47
FRS_setC_posA_047_posB_031_posC_047_record_009_frame_13.png,C,9,13,26,0.47,0.31,0.47
FRS_setC_posA_047_posB_031_posC_047_record_009_frame_14.png,C,9,14,28,0.47,0.31,0.47
FRS_setC_posA_047_posB_031_posC_047_record_009_frame_15.png,C,9,15,30,0.47,0.31,0.47
FRS_setC_posA_047_posB_031_posC_047_record_009_frame_16.png,C,9,16,32,0.47,0.31,0.47
FRS_setC_posA_047_posB_031_posC_047_record_009_frame_17.png,C,9,17,34,0.47,0.31,0.47
FRS_setC_posA_047_posB_031_posC_047_record_009_frame_18.png,C,9,18,36,0.47,0.31,0.47
FRS_setC_posA_047_posB_031_posC_047_record_009_frame_19.png,C,9,19,38,0.47,0.31,0.47
FRS_setC_posA_048_posB_031_posC_048_record_010_frame_00.png,C,10,0,0,0.48,0.31,0.48
FRS_setC_posA_048_posB_031_posC_048_record_010_frame_01.png,C,10,1,2,0.48,0.31,0.48
FRS_setC_posA_048_posB_031_posC_048_record_010_frame_02.png,C,10,2,4,0.48,0.31,0.48
FRS_setC_posA_048_posB_031_posC_048_record_010_frame_03.png,C,10,3,6,0.48,0.31,0.48
FRS_setC_posA_048_posB_031_posC_048_record_010_frame_04.png,C,10,4,8,0.48,0.31,0.48
FRS_setC_posA_048_posB_031_posC_048_record_010_frame_05.png,C,10,5,10,0.48,0.31,0.48
FRS_setC_posA_048_posB_031_posC_048_record_010_frame_06.png,C,10,6,12,0.48,0.31,0.48
FRS_setC_posA_048_posB_031_posC_048_record_010_frame_07.png,C,10,7,14,0.48,0.31,0.48
FRS_setC_posA_048_posB_031_posC_048_record_010_frame_08.png,C,10,8,16,0.48,0.31,0.48
FRS_setC_posA_048_posB_031_posC_048_record_010_frame_09.png,C,10,9,18,0.48,0.31,0.48
FRS_setC_posA_048_posB_031_posC_048_record_010_frame_10.png,C,10,10,20,0.48,0.31,0.48
FRS_setC_posA_048_posB_031_posC_048_record_010_frame_11.png,C,10,11,22,0.48,0.31,0.48
FRS_setC_posA_048_posB_031_posC_048_record_010_frame_12.png,C,10,12,24,0.48,0.31,0.48
FRS_setC_posA_048_posB_031_posC_048_record_010_frame_13.png,C,10,13,26,0.48,0.31,0.48
FRS_setC_posA_048_posB_031_posC_048_record_010_frame_14.png,C,10,14,28,0.48,0.31,0.48
FRS_setC_posA_048_posB_031_posC_048_record_010_frame_15.png,C,10,15,30,0.48,0.31,0.48
FRS_setC_posA_048_posB_031_posC_048_record_010_frame_16.png,C,10,16,32,0.48,0.31,0.48
FRS_setC_posA_048_posB_031_posC_048_record_010_frame_17.png,C,10,17,34,0.48,0.31,0.48
FRS_setC_posA_048_posB_031_posC_048_record_010_frame_18.png,C,10,18,36,0.48,0.31,0.48
FRS_setC_posA_048_posB_031_posC_048_record_010_frame_19.png,C,10,19,38,0.48,0.31,0.48
FRS_setC_posA_049_posB_032_posC_048_record_011_frame_00.png,C,11,0,0,0.49,0.32,0.48
FRS_setC_posA_049_posB_032_posC_048_record_011_frame_01.png,C,11,1,2,0.49,0.32,0.48
FRS_setC_posA_049_posB_032_posC_048_record_011_frame_02.png,C,11,2,4,0.49,0.32,0.48
FRS_setC_posA_049_posB_032_posC_048_record_011_frame_03.png,C,11,3,6,0.49,0.32,0.48
FRS_setC_posA_049_posB_032_posC_048_record_011_frame_04.png,C,11,4,8,0.49,0.32,0.48
FRS_setC_posA_049_posB_032_posC_048_record_011_frame_05.png,C,11,5,10,0.49,0.32,0.48
FRS_setC_posA_049_posB_032_posC_048_record_011_frame_06.png,C,11,6,12,0.49,0.32,0.48
FRS_setC_posA_049_posB_032_posC_048_record_011_frame_07.png,C,11,7,14,0.49,0.32,0.48
FRS_setC_posA_049_posB_032_posC_048_record_011_frame_08.png,C,11,8,16,0.49,0.32,0.48
FRS_setC_posA_049_posB_032_posC_048_record_011_frame_09.png,C,11,9,18,0.49,0.32,0.48
FRS_setC_posA_049_posB_032_posC_048_record_011_frame_10.png,C,11,10,20,0.49,0.32,0.48
FRS_setC_posA_049_posB_032_posC_048_record_011_frame_11.png,C,11,11,22,0.49,0.32,0.48
FRS_setC_posA_049_posB_032_posC_048_record_011_frame_12.png,C,11,12,24,0.49,0.32,0.48
FRS_setC_posA_049_posB_032_posC_048_record_011_frame_13.png,C,11,13,26,0.49,0.32,0.48
FRS_setC_posA_049_posB_032_posC_048_record_011_frame_14.png,C,11,14,28,0.49,0.32,0.48
FRS_setC_posA_049_posB_032_posC_048_record_011_frame_15.png,C,11,15,30,0.49,0.32,0.48
FRS_setC_posA_049_posB_032_posC_048_record_011_frame_16.png,C,11,16,32,0.49,0.32,0.48
FRS_setC_posA_049_posB_032_posC_048_record_011_frame_17.png,C,11,17,34,0.49,0.32,0.48
FRS_setC_posA_049_posB_032_posC_048_record_011_frame_18.png,C,11,18,36,0.49,0.32,0.48
FRS_setC_posA_049_posB_032_posC_048_record_011_frame_19.png,C,11,19,38,0.49,0.32,0.48
FRS_setC_posA_049_posB_032_posC_049_record_012_frame_00.png,C,12,0,0,0.49,0.32,0.49
FRS_setC_posA_049_posB_032_posC_049_record_012_frame_01.png,C,12,1,2,0.49,0.32,0.49
FRS_setC_posA_049_posB_032_posC_049_record_012_frame_02.png,C,12,2,4,0.49,0.32,0.49
FRS_setC_posA_049_posB_032_posC_049_record_012_frame_03.png,C,12,3,6,0.49,0.32,0.49
FRS_setC_posA_049_posB_032_posC_049_record_012_frame_04.png,C,12,4,8,0.49,0.32,0.49
FRS_setC_posA_049_posB_032_posC_049_record_012_frame_05.png,C,12,5,10,0.49,0.32,0.49
FRS_setC_posA_049_posB_032_posC_049_record_012_frame_06.png,C,12,6,12,0.49,0.32,0.49
FRS_setC_posA_049_posB_032_posC_049_record_012_frame_07.png,C,12,7,14,0.49,0.32,0.49
FRS_setC_posA_049_posB_032_posC_049_record_012_frame_08.png,C,12,8,16,0.49,0.32,0.49
FRS_setC_posA_049_posB_032_posC_049_record_012_frame_09.png,C,12,9,18,0.49,0.32,0.49
FRS_setC_posA_049_posB_032_posC_049_record_012_frame_10.png,C,12,10,20,0.49,0.32,0.49
FRS_setC_posA_049_posB_032_posC_049_record_012_frame_11.png,C,12,11,22,0.49,0.32,0.49
FRS_setC_posA_049_posB_032_posC_049_record_012_frame_12.png,C,12,12,24,0.49,0.32,0.49
FRS_setC_posA_049_posB_032_posC_049_record_012_frame_13.png,C,12,13,26,0.49,0.32,0.49
FRS_setC_posA_049_posB_032_posC_049_record_012_frame_14.png,C,12,14,28,0.49,0.32,0.49
FRS_setC_posA_049_posB_032_posC_049_record_012_frame_15.png,C,12,15,30,0.49,0.32,0.49
FRS_setC_posA_049_posB_032_posC_049_record_012_frame_16.png,C,12,16,32,0.49,0.32,0.49
FRS_setC_posA_049_posB_032_posC_049_record_012_frame_17.png,C,12,17,34,0.49,0.32,0.49
FRS_setC_posA_049_posB_032_posC_049_record_012_frame_18.png,C,12,18,36,0.49,0.32,0.49
FRS_setC_posA_049_posB_032_posC_049_record_012_frame_19.png,C,12,19,38,0.49,0.32,0.49
FRS_setC_posA_050_posB_032_posC_049_record_013_frame_00.png,C,13,0,0,0.5,0.32,0.49
FRS_setC_posA_050_posB_032_posC_049_record_013_frame_01.png,C,13,1,2,0.5,0.32,0.49
FRS_setC_posA_050_posB_032_posC_049_record_013_frame_02.png,C,13,2,4,0.5,0.32,0.49
FRS_setC_posA_050_posB_032_posC_049_record_013_frame_03.png,C,13,3,6,0.5,0.32,0.49
FRS_setC_posA_050_posB_032_posC_049_record_013_frame_04.png,C,13,4,8,0.5,0.32,0.49
FRS_setC_posA_050_posB_032_posC_049_record_013_frame_05.png,C,13,5,10,0.5,0.32,0.49
FRS_setC_posA_050_posB_032_posC_049_record_013_frame_06.png,C,13,6,12,0.5,0.32,0.49
FRS_setC_posA_050_posB_032_posC_049_record_013_frame_07.png,C,13,7,14,0.5,0.32,0.49
FRS_setC_posA_050_posB_032_posC_049_record_013_frame_08.png,C,13,8,16,0.5,0.32,0.49
FRS_setC_posA_050_posB_032_posC_049_record_013_frame_09.png,C,13,9,18,0.5,0.32,0.49
FRS_setC_posA_050_posB_032_posC_049_record_013_frame_10.png,C,13,10,20,0.5,0.32,0.49
FRS_setC_posA_050_posB_032_posC_049_record_013_frame_11.png,C,13,11,22,0.5,0.32,0.49
FRS_setC_posA_050_posB_032_posC_049_record_013_frame_12.png,C,13,12,24,0.5,0.32,0.49
FRS_setC_posA_050_posB_032_posC_049_record_013_frame_13.png,C,13,13,26,0.5,0.32,0.49
FRS_setC_posA_050_posB_032_posC_049_record_013_frame_14.png,C,13,14,28,0.5,0.32,0.49
FRS_setC_posA_050_posB_032_posC_049_record_013_frame_15.png,C,13,15,30,0.5,0.32,0.49
FRS_setC_posA_050_posB_032_posC_049_record_013_frame_16.png,C,13,16,32,0.5,0.32,0.49
FRS_setC_posA_050_posB_032_posC_049_record_013_frame_17.png,C,13,17,34,0.5,0.32,0.49
FRS_setC_posA_050_posB_032_posC_049_record_013_frame_18.png,C,13,18,36,0.5,0.32,0.49
FRS_setC_posA_050_posB_032_posC_049_record_013_frame_19.png,C,13,19,38,0.5,0.32,0.49
FRS_setC_posA_051_posB_033_posC_050_record_014_frame_00.png,C,14,0,0,0.51,0.33,0.5
FRS_setC_posA_051_posB_033_posC_050_record_014_frame_01.png,C,14,1,2,0.51,0.33,0.5
FRS_setC_posA_051_posB_033_posC_050_record_014_frame_02.png,C,14,2,4,0.51,0.33,0.5
FRS_setC_posA_051_posB_033_posC_050_record_014_frame_03.png,C,14,3,6,0.51,0.33,0.5
FRS_setC_posA_051_posB_033_posC_050_record_014_frame_04.png,C,14,4,8,0.51,0.33,0.5
FRS_setC_posA_051_posB_033_posC_050_record_014_frame_05.png,C,14,5,10,0.51,0.33,0.5
FRS_setC_posA_051_posB_033_posC_050_record_014_frame_06.png,C,14,6,12,0.51,0.33,0.5
FRS_setC_posA_051_posB_033_posC_050_record_014_frame_07.png,C,14,7,14,0.51,0.33,0.5
FRS_setC_posA_051_posB_033_posC_050_record_014_frame_08.png,C,14,8,16,0.51,0.33,0.5
FRS_setC_posA_051_posB_033_posC_050_record_014_frame_09.png,C,14,9,18,0.51,0.33,0.5
FRS_setC_posA_051_posB_033_posC_050_record_014_frame_10.png,C,14,10,20,0.51,0.33,0.5
FRS_setC_posA_051_posB_033_posC_050_record_014_frame_11.png,C,14,11,22,0.51,0.33,0.5
FRS_setC_posA_051_posB_033_posC_050_record_014_frame_12.png,C,14,12,24,0.51,0.33,0.5
FRS_setC_posA_051_posB_033_posC_050_record_014_frame_13.png,C,14,13,26,0.51,0.33,0.5
FRS_setC_posA_051_posB_033_posC_050_record_014_frame_14.png,C,14,14,28,0.51,0.33,0.5
FRS_setC_posA_051_posB_033_posC_050_record_014_frame_15.png,C,14,15,30,0.51,0.33,0.5
FRS_setC_posA_051_posB_033_posC_050_record_014_frame_16.png,C,14,16,32,0.51,0.33,0.5
FRS_setC_posA_051_posB_033_posC_050_record_014_frame_17.png,C,14,17,34,0.51,0.33,0.5
FRS_setC_posA_051_posB_033_posC_050_record_014_frame_18.png,C,14,18,36,0.51,0.33,0.5
FRS_setC_posA_051_posB_033_posC_050_record_014_frame_19.png,C,14,19,38,0.51,0.33,0.5
FRS_setC_posA_052_posB_034_posC_051_record_015_frame_00.png,C,15,0,0,0.52,0.34,0.51
FRS_setC_posA_052_posB_034_posC_051_record_015_frame_01.png,C,15,1,2,0.52,0.34,0.51
FRS_setC_posA_052_posB_034_posC_051_record_015_frame_02.png,C,15,2,4,0.52,0.34,0.51
FRS_setC_posA_052_posB_034_posC_051_record_015_frame_03.png,C,15,3,6,0.52,0.34,0.51
FRS_setC_posA_052_posB_034_posC_051_record_015_frame_04.png,C,15,4,8,0.52,0.34,0.51
FRS_setC_posA_052_posB_034_posC_051_record_015_frame_05.png,C,15,5,10,0.52,0.34,0.51
FRS_setC_posA_052_posB_034_posC_051_record_015_frame_06.png,C,15,6,12,0.52,0.34,0.51
FRS_setC_posA_052_posB_034_posC_051_record_015_frame_07.png,C,15,7,14,0.52,0.34,0.51
FRS_setC_posA_052_posB_034_posC_051_record_015_frame_08.png,C,15,8,16,0.52,0.34,0.51
FRS_setC_posA_052_posB_034_posC_051_record_015_frame_09.png,C,15,9,18,0.52,0.34,0.51
FRS_setC_posA_052_posB_034_posC_051_record_015_frame_10.png,C,15,10,20,0.52,0.34,0.51
FRS_setC_posA_052_posB_034_posC_051_record_015_frame_11.png,C,15,11,22,0.52,0.34,0.51
FRS_setC_posA_052_posB_034_posC_051_record_015_frame_12.png,C,15,12,24,0.52,0.34,0.51
FRS_setC_posA_052_posB_034_posC_051_record_015_frame_13.png,C,15,13,26,0.52,0.34,0.51
FRS_setC_posA_052_posB_034_posC_051_record_015_frame_14.png,C,15,14,28,0.52,0.34,0.51
FRS_setC_posA_052_posB_034_posC_051_record_015_frame_15.png,C,15,15,30,0.52,0.34,0.51
FRS_setC_posA_052_posB_034_posC_051_record_015_frame_16.png,C,15,16,32,0.52,0.34,0.51
FRS_setC_posA_052_posB_034_posC_051_record_015_frame_17.png,C,15,17,34,0.52,0.34,0.51
FRS_setC_posA_052_posB_034_posC_051_record_015_frame_18.png,C,15,18,36,0.52,0.34,0.51
FRS_setC_posA_052_posB_034_posC_051_record_015_frame_19.png,C,15,19,38,0.52,0.34,0.51
FRS_setC_posA_054_posB_035_posC_052_record_016_frame_00.png,C,16,0,0,0.54,0.35,0.52
FRS_setC_posA_054_posB_035_posC_052_record_016_frame_01.png,C,16,1,2,0.54,0.35,0.52
FRS_setC_posA_054_posB_035_posC_052_record_016_frame_02.png,C,16,2,4,0.54,0.35,0.52
FRS_setC_posA_054_posB_035_posC_052_record_016_frame_03.png,C,16,3,6,0.54,0.35,0.52
FRS_setC_posA_054_posB_035_posC_052_record_016_frame_04.png,C,16,4,8,0.54,0.35,0.52
FRS_setC_posA_054_posB_035_posC_052_record_016_frame_05.png,C,16,5,10,0.54,0.35,0.52
FRS_setC_posA_054_posB_035_posC_052_record_016_frame_06.png,C,16,6,12,0.54,0.35,0.52
FRS_setC_posA_054_posB_035_posC_052_record_016_frame_07.png,C,16,7,14,0.54,0.35,0.52
FRS_setC_posA_054_posB_035_posC_052_record_016_frame_08.png,C,16,8,16,0.54,0.35,0.52
FRS_setC_posA_054_posB_035_posC_052_record_016_frame_09.png,C,16,9,18,0.54,0.35,0.52
FRS_setC_posA_054_posB_035_posC_052_record_016_frame_10.png,C,16,10,20,0.54,0.35,0.52
FRS_setC_posA_054_posB_035_posC_052_record_016_frame_11.png,C,16,11,22,0.54,0.35,0.52
FRS_setC_posA_054_posB_035_posC_052_record_016_frame_12.png,C,16,12,24,0.54,0.35,0.52
FRS_setC_posA_054_posB_035_posC_052_record_016_frame_13.png,C,16,13,26,0.54,0.35,0.52
FRS_setC_posA_054_posB_035_posC_052_record_016_frame_14.png,C,16,14,28,0.54,0.35,0.52
FRS_setC_posA_054_posB_035_posC_052_record_016_frame_15.png,C,16,15,30,0.54,0.35,0.52
FRS_setC_posA_054_posB_035_posC_052_record_016_frame_16.png,C,16,16,32,0.54,0.35,0.52
FRS_setC_posA_054_posB_035_posC_052_record_016_frame_17.png,C,16,17,34,0.54,0.35,0.52
FRS_setC_posA_054_posB_035_posC_052_record_016_frame_18.png,C,16,18,36,0.54,0.35,0.52
FRS_setC_posA_054_posB_035_posC_052_record_016_frame_19.png,C,16,19,38,0.54,0.35,0.52
FRS_setC_posA_055_posB_037_posC_053_record_017_frame_00.png,C,17,0,0,0.55,0.37,0.53
FRS_setC_posA_055_posB_037_posC_053_record_017_frame_01.png,C,17,1,2,0.55,0.37,0.53
FRS_setC_posA_055_posB_037_posC_053_record_017_frame_02.png,C,17,2,4,0.55,0.37,0.53
FRS_setC_posA_055_posB_037_posC_053_record_017_frame_03.png,C,17,3,6,0.55,0.37,0.53
FRS_setC_posA_055_posB_037_posC_053_record_017_frame_04.png,C,17,4,8,0.55,0.37,0.53
FRS_setC_posA_055_posB_037_posC_053_record_017_frame_05.png,C,17,5,10,0.55,0.37,0.53
FRS_setC_posA_055_posB_037_posC_053_record_017_frame_06.png,C,17,6,12,0.55,0.37,0.53
FRS_setC_posA_055_posB_037_posC_053_record_017_frame_07.png,C,17,7,14,0.55,0.37,0.53
FRS_setC_posA_055_posB_037_posC_053_record_017_frame_08.png,C,17,8,16,0.55,0.37,0.53
FRS_setC_posA_055_posB_037_posC_053_record_017_frame_09.png,C,17,9,18,0.55,0.37,0.53
FRS_setC_posA_055_posB_037_posC_053_record_017_frame_10.png,C,17,10,20,0.55,0.37,0.53
FRS_setC_posA_055_posB_037_posC_053_record_017_frame_11.png,C,17,11,22,0.55,0.37,0.53
FRS_setC_posA_055_posB_037_posC_053_record_017_frame_12.png,C,17,12,24,0.55,0.37,0.53
FRS_setC_posA_055_posB_037_posC_053_record_017_frame_13.png,C,17,13,26,0.55,0.37,0.53
FRS_setC_posA_055_posB_037_posC_053_record_017_frame_14.png,C,17,14,28,0.55,0.37,0.53
FRS_setC_posA_055_posB_037_posC_053_record_017_frame_15.png,C,17,15,30,0.55,0.37,0.53
FRS_setC_posA_055_posB_037_posC_053_record_017_frame_16.png,C,17,16,32,0.55,0.37,0.53
FRS_setC_posA_055_posB_037_posC_053_record_017_frame_17.png,C,17,17,34,0.55,0.37,0.53
FRS_setC_posA_055_posB_037_posC_053_record_017_frame_18.png,C,17,18,36,0.55,0.37,0.53
FRS_setC_posA_055_posB_037_posC_053_record_017_frame_19.png,C,17,19,38,0.55,0.37,0.53
FRS_setC_posA_056_posB_037_posC_053_record_018_frame_00.png,C,18,0,0,0.56,0.37,0.53
FRS_setC_posA_056_posB_037_posC_053_record_018_frame_01.png,C,18,1,2,0.56,0.37,0.53
FRS_setC_posA_056_posB_037_posC_053_record_018_frame_02.png,C,18,2,4,0.56,0.37,0.53
FRS_setC_posA_056_posB_037_posC_053_record_018_frame_03.png,C,18,3,6,0.56,0.37,0.53
FRS_setC_posA_056_posB_037_posC_053_record_018_frame_04.png,C,18,4,8,0.56,0.37,0.53
FRS_setC_posA_056_posB_037_posC_053_record_018_frame_05.png,C,18,5,10,0.56,0.37,0.53
FRS_setC_posA_056_posB_037_posC_053_record_018_frame_06.png,C,18,6,12,0.56,0.37,0.53
FRS_setC_posA_056_posB_037_posC_053_record_018_frame_07.png,C,18,7,14,0.56,0.37,0.53
FRS_setC_posA_056_posB_037_posC_053_record_018_frame_08.png,C,18,8,16,0.56,0.37,0.53
FRS_setC_posA_056_posB_037_posC_053_record_018_frame_09.png,C,18,9,18,0.56,0.37,0.53
FRS_setC_posA_056_posB_037_posC_053_record_018_frame_10.png,C,18,10,20,0.56,0.37,0.53
FRS_setC_posA_056_posB_037_posC_053_record_018_frame_11.png,C,18,11,22,0.56,0.37,0.53
FRS_setC_posA_056_posB_037_posC_053_record_018_frame_12.png,C,18,12,24,0.56,0.37,0.53
FRS_setC_posA_056_posB_037_posC_053_record_018_frame_13.png,C,18,13,26,0.56,0.37,0.53
FRS_setC_posA_056_posB_037_posC_053_record_018_frame_14.png,C,18,14,28,0.56,0.37,0.53
FRS_setC_posA_056_posB_037_posC_053_record_018_frame_15.png,C,18,15,30,0.56,0.37,0.53
FRS_setC_posA_056_posB_037_posC_053_record_018_frame_16.png,C,18,16,32,0.56,0.37,0.53
FRS_setC_posA_056_posB_037_posC_053_record_018_frame_17.png,C,18,17,34,0.56,0.37,0.53
FRS_setC_posA_056_posB_037_posC_053_record_018_frame_18.png,C,18,18,36,0.56,0.37,0.53
FRS_setC_posA_056_posB_037_posC_053_record_018_frame_19.png,C,18,19,38,0.56,0.37,0.53
FRS_setC_posA_057_posB_038_posC_053_record_019_frame_00.png,C,19,0,0,0.57,0.38,0.53
FRS_setC_posA_057_posB_038_posC_053_record_019_frame_01.png,C,19,1,2,0.57,0.38,0.53
FRS_setC_posA_057_posB_038_posC_053_record_019_frame_02.png,C,19,2,4,0.57,0.38,0.53
FRS_setC_posA_057_posB_038_posC_053_record_019_frame_03.png,C,19,3,6,0.57,0.38,0.53
FRS_setC_posA_057_posB_038_posC_053_record_019_frame_04.png,C,19,4,8,0.57,0.38,0.53
FRS_setC_posA_057_posB_038_posC_053_record_019_frame_05.png,C,19,5,10,0.57,0.38,0.53
FRS_setC_posA_057_posB_038_posC_053_record_019_frame_06.png,C,19,6,12,0.57,0.38,0.53
FRS_setC_posA_057_posB_038_posC_053_record_019_frame_07.png,C,19,7,14,0.57,0.38,0.53
FRS_setC_posA_057_posB_038_posC_053_record_019_frame_08.png,C,19,8,16,0.57,0.38,0.53
FRS_setC_posA_057_posB_038_posC_053_record_019_frame_09.png,C,19,9,18,0.57,0.38,0.53
FRS_setC_posA_057_posB_038_posC_053_record_019_frame_10.png,C,19,10,20,0.57,0.38,0.53
FRS_setC_posA_057_posB_038_posC_053_record_019_frame_11.png,C,19,11,22,0.57,0.38,0.53
FRS_setC_posA_057_posB_038_posC_053_record_019_frame_12.png,C,19,12,24,0.57,0.38,0.53
FRS_setC_posA_057_posB_038_posC_053_record_019_frame_13.png,C,19,13,26,0.57,0.38,0.53
FRS_setC_posA_057_posB_038_posC_053_record_019_frame_14.png,C,19,14,28,0.57,0.38,0.53
FRS_setC_posA_057_posB_038_posC_053_record_019_frame_15.png,C,19,15,30,0.57,0.38,0.53
FRS_setC_posA_057_posB_038_posC_053_record_019_frame_16.png,C,19,16,32,0.57,0.38,0.53
FRS_setC_posA_057_posB_038_posC_053_record_019_frame_17.png,C,19,17,34,0.57,0.38,0.53
FRS_setC_posA_057_posB_038_posC_053_record_019_frame_18.png,C,19,18,36,0.57,0.38,0.53
FRS_setC_posA_057_posB_038_posC_053_record_019_frame_19.png,C,19,19,38,0.57,0.38,0.53
FRS_setC_posA_058_posB_038_posC_054_record_020_frame_00.png,C,20,0,0,0.58,0.38,0.54
FRS_setC_posA_058_posB_038_posC_054_record_020_frame_01.png,C,20,1,2,0.58,0.38,0.54
FRS_setC_posA_058_posB_038_posC_054_record_020_frame_02.png,C,20,2,4,0.58,0.38,0.54
FRS_setC_posA_058_posB_038_posC_054_record_020_frame_03.png,C,20,3,6,0.58,0.38,0.54
FRS_setC_posA_058_posB_038_posC_054_record_020_frame_04.png,C,20,4,8,0.58,0.38,0.54
FRS_setC_posA_058_posB_038_posC_054_record_020_frame_05.png,C,20,5,10,0.58,0.38,0.54
FRS_setC_posA_058_posB_038_posC_054_record_020_frame_06.png,C,20,6,12,0.58,0.38,0.54
FRS_setC_posA_058_posB_038_posC_054_record_020_frame_07.png,C,20,7,14,0.58,0.38,0.54
FRS_setC_posA_058_posB_038_posC_054_record_020_frame_08.png,C,20,8,16,0.58,0.38,0.54
FRS_setC_posA_058_posB_038_posC_054_record_020_frame_09.png,C,20,9,18,0.58,0.38,0.54
FRS_setC_posA_058_posB_038_posC_054_record_020_frame_10.png,C,20,10,20,0.58,0.38,0.54
FRS_setC_posA_058_posB_038_posC_054_record_020_frame_11.png,C,20,11,22,0.58,0.38,0.54
FRS_setC_posA_058_posB_038_posC_054_record_020_frame_12.png,C,20,12,24,0.58,0.38,0.54
FRS_setC_posA_058_posB_038_posC_054_record_020_frame_13.png,C,20,13,26,0.58,0.38,0.54
FRS_setC_posA_058_posB_038_posC_054_record_020_frame_14.png,C,20,14,28,0.58,0.38,0.54
FRS_setC_posA_058_posB_038_posC_054_record_020_frame_15.png,C,20,15,30,0.58,0.38,0.54
FRS_setC_posA_058_posB_038_posC_054_record_020_frame_16.png,C,20,16,32,0.58,0.38,0.54
FRS_setC_posA_058_posB_038_posC_054_record_020_frame_17.png,C,20,17,34,0.58,0.38,0.54
FRS_setC_posA_058_posB_038_posC_054_record_020_frame_18.png,C,20,18,36,0.58,0.38,0.54
FRS_setC_posA_058_posB_038_posC_054_record_020_frame_19.png,C,20,19,38,0.58,0.38,0.54
FRS_setC_posA_059_posB_039_posC_055_record_021_frame_00.png,C,21,0,0,0.59,0.39,0.55
FRS_setC_posA_059_posB_039_posC_055_record_021_frame_01.png,C,21,1,2,0.59,0.39,0.55
FRS_setC_posA_059_posB_039_posC_055_record_021_frame_02.png,C,21,2,4,0.59,0.39,0.55
FRS_setC_posA_059_posB_039_posC_055_record_021_frame_03.png,C,21,3,6,0.59,0.39,0.55
FRS_setC_posA_059_posB_039_posC_055_record_021_frame_04.png,C,21,4,8,0.59,0.39,0.55
FRS_setC_posA_059_posB_039_posC_055_record_021_frame_05.png,C,21,5,10,0.59,0.39,0.55
FRS_setC_posA_059_posB_039_posC_055_record_021_frame_06.png,C,21,6,12,0.59,0.39,0.55
FRS_setC_posA_059_posB_039_posC_055_record_021_frame_07.png,C,21,7,14,0.59,0.39,0.55
FRS_setC_posA_059_posB_039_posC_055_record_021_frame_08.png,C,21,8,16,0.59,0.39,0.55
FRS_setC_posA_059_posB_039_posC_055_record_021_frame_09.png,C,21,9,18,0.59,0.39,0.55
FRS_setC_posA_059_posB_039_posC_055_record_021_frame_10.png,C,21,10,20,0.59,0.39,0.55
FRS_setC_posA_059_posB_039_posC_055_record_021_frame_11.png,C,21,11,22,0.59,0.39,0.55
FRS_setC_posA_059_posB_039_posC_055_record_021_frame_12.png,C,21,12,24,0.59,0.39,0.55
FRS_setC_posA_059_posB_039_posC_055_record_021_frame_13.png,C,21,13,26,0.59,0.39,0.55
FRS_setC_posA_059_posB_039_posC_055_record_021_frame_14.png,C,21,14,28,0.59,0.39,0.55
FRS_setC_posA_059_posB_039_posC_055_record_021_frame_15.png,C,21,15,30,0.59,0.39,0.55
FRS_setC_posA_059_posB_039_posC_055_record_021_frame_16.png,C,21,16,32,0.59,0.39,0.55
FRS_setC_posA_059_posB_039_posC_055_record_021_frame_17.png,C,21,17,34,0.59,0.39,0.55
FRS_setC_posA_059_posB_039_posC_055_record_021_frame_18.png,C,21,18,36,0.59,0.39,0.55
FRS_setC_posA_059_posB_039_posC_055_record_021_frame_19.png,C,21,19,38,0.59,0.39,0.55
FRS_setC_posA_060_posB_040_posC_056_record_022_frame_00.png,C,22,0,0,0.6,0.4,0.56
FRS_setC_posA_060_posB_040_posC_056_record_022_frame_01.png,C,22,1,2,0.6,0.4,0.56
FRS_setC_posA_060_posB_040_posC_056_record_022_frame_02.png,C,22,2,4,0.6,0.4,0.56
FRS_setC_posA_060_posB_040_posC_056_record_022_frame_03.png,C,22,3,6,0.6,0.4,0.56
FRS_setC_posA_060_posB_040_posC_056_record_022_frame_04.png,C,22,4,8,0.6,0.4,0.56
FRS_setC_posA_060_posB_040_posC_056_record_022_frame_05.png,C,22,5,10,0.6,0.4,0.56
FRS_setC_posA_060_posB_040_posC_056_record_022_frame_06.png,C,22,6,12,0.6,0.4,0.56
FRS_setC_posA_060_posB_040_posC_056_record_022_frame_07.png,C,22,7,14,0.6,0.4,0.56
FRS_setC_posA_060_posB_040_posC_056_record_022_frame_08.png,C,22,8,16,0.6,0.4,0.56
FRS_setC_posA_060_posB_040_posC_056_record_022_frame_09.png,C,22,9,18,0.6,0.4,0.56
FRS_setC_posA_060_posB_040_posC_056_record_022_frame_10.png,C,22,10,20,0.6,0.4,0.56
FRS_setC_posA_060_posB_040_posC_056_record_022_frame_11.png,C,22,11,22,0.6,0.4,0.56
FRS_setC_posA_060_posB_040_posC_056_record_022_frame_12.png,C,22,12,24,0.6,0.4,0.56
FRS_setC_posA_060_posB_040_posC_056_record_022_frame_13.png,C,22,13,26,0.6,0.4,0.56
FRS_setC_posA_060_posB_040_posC_056_record_022_frame_14.png,C,22,14,28,0.6,0.4,0.56
FRS_setC_posA_060_posB_040_posC_056_record_022_frame_15.png,C,22,15,30,0.6,0.4,0.56
FRS_setC_posA_060_posB_040_posC_056_record_022_frame_16.png,C,22,16,32,0.6,0.4,0.56
FRS_setC_posA_060_posB_040_posC_056_record_022_frame_17.png,C,22,17,34,0.6,0.4,0.56
FRS_setC_posA_060_posB_040_posC_056_record_022_frame_18.png,C,22,18,36,0.6,0.4,0.56
FRS_setC_posA_060_posB_040_posC_056_record_022_frame_19.png,C,22,19,38,0.6,0.4,0.56
FRS_setC_posA_061_posB_040_posC_056_record_023_frame_00.png,C,23,0,0,0.61,0.4,0.56
FRS_setC_posA_061_posB_040_posC_056_record_023_frame_01.png,C,23,1,2,0.61,0.4,0.56
FRS_setC_posA_061_posB_040_posC_056_record_023_frame_02.png,C,23,2,4,0.61,0.4,0.56
FRS_setC_posA_061_posB_040_posC_056_record_023_frame_03.png,C,23,3,6,0.61,0.4,0.56
FRS_setC_posA_061_posB_040_posC_056_record_023_frame_04.png,C,23,4,8,0.61,0.4,0.56
FRS_setC_posA_061_posB_040_posC_056_record_023_frame_05.png,C,23,5,10,0.61,0.4,0.56
FRS_setC_posA_061_posB_040_posC_056_record_023_frame_06.png,C,23,6,12,0.61,0.4,0.56
FRS_setC_posA_061_posB_040_posC_056_record_023_frame_07.png,C,23,7,14,0.61,0.4,0.56
FRS_setC_posA_061_posB_040_posC_056_record_023_frame_08.png,C,23,8,16,0.61,0.4,0.56
FRS_setC_posA_061_posB_040_posC_056_record_023_frame_09.png,C,23,9,18,0.61,0.4,0.56
FRS_setC_posA_061_posB_040_posC_056_record_023_frame_10.png,C,23,10,20,0.61,0.4,0.56
FRS_setC_posA_061_posB_040_posC_056_record_023_frame_11.png,C,23,11,22,0.61,0.4,0.56
FRS_setC_posA_061_posB_040_posC_056_record_023_frame_12.png,C,23,12,24,0.61,0.4,0.56
FRS_setC_posA_061_posB_040_posC_056_record_023_frame_13.png,C,23,13,26,0.61,0.4,0.56
FRS_setC_posA_061_posB_040_posC_056_record_023_frame_14.png,C,23,14,28,0.61,0.4,0.56
FRS_setC_posA_061_posB_040_posC_056_record_023_frame_15.png,C,23,15,30,0.61,0.4,0.56
FRS_setC_posA_061_posB_040_posC_056_record_023_frame_16.png,C,23,16,32,0.61,0.4,0.56
FRS_setC_posA_061_posB_040_posC_056_record_023_frame_17.png,C,23,17,34,0.61,0.4,0.56
FRS_setC_posA_061_posB_040_posC_056_record_023_frame_18.png,C,23,18,36,0.61,0.4,0.56
FRS_setC_posA_061_posB_040_posC_056_record_023_frame_19.png,C,23,19,38,0.61,0.4,0.56
FRS_setC_posA_061_posB_041_posC_056_record_024_frame_00.png,C,24,0,0,0.61,0.41,0.56
FRS_setC_posA_061_posB_041_posC_056_record_024_frame_01.png,C,24,1,2,0.61,0.41,0.56
FRS_setC_posA_061_posB_041_posC_056_record_024_frame_02.png,C,24,2,4,0.61,0.41,0.56
FRS_setC_posA_061_posB_041_posC_056_record_024_frame_03.png,C,24,3,6,0.61,0.41,0.56
FRS_setC_posA_061_posB_041_posC_056_record_024_frame_04.png,C,24,4,8,0.61,0.41,0.56
FRS_setC_posA_061_posB_041_posC_056_record_024_frame_05.png,C,24,5,10,0.61,0.41,0.56
FRS_setC_posA_061_posB_041_posC_056_record_024_frame_06.png,C,24,6,12,0.61,0.41,0.56
FRS_setC_posA_061_posB_041_posC_056_record_024_frame_07.png,C,24,7,14,0.61,0.41,0.56
FRS_setC_posA_061_posB_041_posC_056_record_024_frame_08.png,C,24,8,16,0.61,0.41,0.56
FRS_setC_posA_061_posB_041_posC_056_record_024_frame_09.png,C,24,9,18,0.61,0.41,0.56
FRS_setC_posA_061_posB_041_posC_056_record_024_frame_10.png,C,24,10,20,0.61,0.41,0.56
FRS_setC_posA_061_posB_041_posC_056_record_024_frame_11.png,C,24,11,22,0.61,0.41,0.56
FRS_setC_posA_061_posB_041_posC_056_record_024_frame_12.png,C,24,12,24,0.61,0.41,0.56
FRS_setC_posA_061_posB_041_posC_056_record_024_frame_13.png,C,24,13,26,0.61,0.41,0.56
FRS_setC_posA_061_posB_041_posC_056_record_024_frame_14.png,C,24,14,28,0.61,0.41,0.56
FRS_setC_posA_061_posB_041_posC_056_record_024_frame_15.png,C,24,15,30,0.61,0.41,0.56
FRS_setC_posA_061_posB_041_posC_056_record_024_frame_16.png,C,24,16,32,0.61,0.41,0.56
FRS_setC_posA_061_posB_041_posC_056_record_024_frame_17.png,C,24,17,34,0.61,0.41,0.56
FRS_setC_posA_061_posB_041_posC_056_record_024_frame_18.png,C,24,18,36,0.61,0.41,0.56
FRS_setC_posA_061_posB_041_posC_056_record_024_frame_19.png,C,24,19,38,0.61,0.41,0.56
FRS_setC_posA_062_posB_041_posC_057_record_025_frame_00.png,C,25,0,0,0.62,0.41,0.57
FRS_setC_posA_062_posB_041_posC_057_record_025_frame_01.png,C,25,1,2,0.62,0.41,0.57
FRS_setC_posA_062_posB_041_posC_057_record_025_frame_02.png,C,25,2,4,0.62,0.41,0.57
FRS_setC_posA_062_posB_041_posC_057_record_025_frame_03.png,C,25,3,6,0.62,0.41,0.57
FRS_setC_posA_062_posB_041_posC_057_record_025_frame_04.png,C,25,4,8,0.62,0.41,0.57
FRS_setC_posA_062_posB_041_posC_057_record_025_frame_05.png,C,25,5,10,0.62,0.41,0.57
FRS_setC_posA_062_posB_041_posC_057_record_025_frame_06.png,C,25,6,12,0.62,0.41,0.57
FRS_setC_posA_062_posB_041_posC_057_record_025_frame_07.png,C,25,7,14,0.62,0.41,0.57
FRS_setC_posA_062_posB_041_posC_057_record_025_frame_08.png,C,25,8,16,0.62,0.41,0.57
FRS_setC_posA_062_posB_041_posC_057_record_025_frame_09.png,C,25,9,18,0.62,0.41,0.57
FRS_setC_posA_062_posB_041_posC_057_record_025_frame_10.png,C,25,10,20,0.62,0.41,0.57
FRS_setC_posA_062_posB_041_posC_057_record_025_frame_11.png,C,25,11,22,0.62,0.41,0.57
FRS_setC_posA_062_posB_041_posC_057_record_025_frame_12.png,C,25,12,24,0.62,0.41,0.57
FRS_setC_posA_062_posB_041_posC_057_record_025_frame_13.png,C,25,13,26,0.62,0.41,0.57
FRS_setC_posA_062_posB_041_posC_057_record_025_frame_14.png,C,25,14,28,0.62,0.41,0.57
FRS_setC_posA_062_posB_041_posC_057_record_025_frame_15.png,C,25,15,30,0.62,0.41,0.57
FRS_setC_posA_062_posB_041_posC_057_record_025_frame_16.png,C,25,16,32,0.62,0.41,0.57
FRS_setC_posA_062_posB_041_posC_057_record_025_frame_17.png,C,25,17,34,0.62,0.41,0.57
FRS_setC_posA_062_posB_041_posC_057_record_025_frame_18.png,C,25,18,36,0.62,0.41,0.57
FRS_setC_posA_062_posB_041_posC_057_record_025_frame_19.png,C,25,19,38,0.62,0.41,0.57
FRS_setC_posA_063_posB_042_posC_058_record_026_frame_00.png,C,26,0,0,0.63,0.42,0.58
FRS_setC_posA_063_posB_042_posC_058_record_026_frame_01.png,C,26,1,2,0.63,0.42,0.58
FRS_setC_posA_063_posB_042_posC_058_record_026_frame_02.png,C,26,2,4,0.63,0.42,0.58
FRS_setC_posA_063_posB_042_posC_058_record_026_frame_03.png,C,26,3,6,0.63,0.42,0.58
FRS_setC_posA_063_posB_042_posC_058_record_026_frame_04.png,C,26,4,8,0.63,0.42,0.58
FRS_setC_posA_063_posB_042_posC_058_record_026_frame_05.png,C,26,5,10,0.63,0.42,0.58
FRS_setC_posA_063_posB_042_posC_058_record_026_frame_06.png,C,26,6,12,0.63,0.42,0.58
FRS_setC_posA_063_posB_042_posC_058_record_026_frame_07.png,C,26,7,14,0.63,0.42,0.58
FRS_setC_posA_063_posB_042_posC_058_record_026_frame_08.png,C,26,8,16,0.63,0.42,0.58
FRS_setC_posA_063_posB_042_posC_058_record_026_frame_09.png,C,26,9,18,0.63,0.42,0.58
FRS_setC_posA_063_posB_042_posC_058_record_026_frame_10.png,C,26,10,20,0.63,0.42,0.58
FRS_setC_posA_063_posB_042_posC_058_record_026_frame_11.png,C,26,11,22,0.63,0.42,0.58
FRS_setC_posA_063_posB_042_posC_058_record_026_frame_12.png,C,26,12,24,0.63,0.42,0.58
FRS_setC_posA_063_posB_042_posC_058_record_026_frame_13.png,C,26,13,26,0.63,0.42,0.58
FRS_setC_posA_063_posB_042_posC_058_record_026_frame_14.png,C,26,14,28,0.63,0.42,0.58
FRS_setC_posA_063_posB_042_posC_058_record_026_frame_15.png,C,26,15,30,0.63,0.42,0.58
FRS_setC_posA_063_posB_042_posC_058_record_026_frame_16.png,C,26,16,32,0.63,0.42,0.58
FRS_setC_posA_063_posB_042_posC_058_record_026_frame_17.png,C,26,17,34,0.63,0.42,0.58
FRS_setC_posA_063_posB_042_posC_058_record_026_frame_18.png,C,26,18,36,0.63,0.42,0.58
FRS_setC_posA_063_posB_042_posC_058_record_026_frame_19.png,C,26,19,38,0.63,0.42,0.58
FRS_setC_posA_064_posB_042_posC_058_record_027_frame_00.png,C,27,0,0,0.64,0.42,0.58
FRS_setC_posA_064_posB_042_posC_058_record_027_frame_01.png,C,27,1,2,0.64,0.42,0.58
FRS_setC_posA_064_posB_042_posC_058_record_027_frame_02.png,C,27,2,4,0.64,0.42,0.58
FRS_setC_posA_064_posB_042_posC_058_record_027_frame_03.png,C,27,3,6,0.64,0.42,0.58
FRS_setC_posA_064_posB_042_posC_058_record_027_frame_04.png,C,27,4,8,0.64,0.42,0.58
FRS_setC_posA_064_posB_042_posC_058_record_027_frame_05.png,C,27,5,10,0.64,0.42,0.58
FRS_setC_posA_064_posB_042_posC_058_record_027_frame_06.png,C,27,6,12,0.64,0.42,0.58
FRS_setC_posA_064_posB_042_posC_058_record_027_frame_07.png,C,27,7,14,0.64,0.42,0.58
FRS_setC_posA_064_posB_042_posC_058_record_027_frame_08.png,C,27,8,16,0.64,0.42,0.58
FRS_setC_posA_064_posB_042_posC_058_record_027_frame_09.png,C,27,9,18,0.64,0.42,0.58
FRS_setC_posA_064_posB_042_posC_058_record_027_frame_10.png,C,27,10,20,0.64,0.42,0.58
FRS_setC_posA_064_posB_042_posC_058_record_027_frame_11.png,C,27,11,22,0.64,0.42,0.58
FRS_setC_posA_064_posB_042_posC_058_record_027_frame_12.png,C,27,12,24,0.64,0.42,0.58
FRS_setC_posA_064_posB_042_posC_058_record_027_frame_13.png,C,27,13,26,0.64,0.42,0.58
FRS_setC_posA_064_posB_042_posC_058_record_027_frame_14.png,C,27,14,28,0.64,0.42,0.58
FRS_setC_posA_064_posB_042_posC_058_record_027_frame_15.png,C,27,15,30,0.64,0.42,0.58
FRS_setC_posA_064_posB_042_posC_058_record_027_frame_16.png,C,27,16,32,0.64,0.42,0.58
FRS_setC_posA_064_posB_042_posC_058_record_027_frame_17.png,C,27,17,34,0.64,0.42,0.58
FRS_setC_posA_064_posB_042_posC_058_record_027_frame_18.png,C,27,18,36,0.64,0.42,0.58
FRS_setC_posA_064_posB_042_posC_058_record_027_frame_19.png,C,27,19,38,0.64,0.42,0.58
FRS_setC_posA_065_posB_043_posC_058_record_028_frame_00.png,C,28,0,0,0.65,0.43,0.58
FRS_setC_posA_065_posB_043_posC_058_record_028_frame_01.png,C,28,1,2,0.65,0.43,0.58
FRS_setC_posA_065_posB_043_posC_058_record_028_frame_02.png,C,28,2,4,0.65,0.43,0.58
FRS_setC_posA_065_posB_043_posC_058_record_028_frame_03.png,C,28,3,6,0.65,0.43,0.58
FRS_setC_posA_065_posB_043_posC_058_record_028_frame_04.png,C,28,4,8,0.65,0.43,0.58
FRS_setC_posA_065_posB_043_posC_058_record_028_frame_05.png,C,28,5,10,0.65,0.43,0.58
FRS_setC_posA_065_posB_043_posC_058_record_028_frame_06.png,C,28,6,12,0.65,0.43,0.58
FRS_setC_posA_065_posB_043_posC_058_record_028_frame_07.png,C,28,7,14,0.65,0.43,0.58
FRS_setC_posA_065_posB_043_posC_058_record_028_frame_08.png,C,28,8,16,0.65,0.43,0.58
FRS_setC_posA_065_posB_043_posC_058_record_028_frame_09.png,C,28,9,18,0.65,0.43,0.58
FRS_setC_posA_065_posB_043_posC_058_record_028_frame_10.png,C,28,10,20,0.65,0.43,0.58
FRS_setC_posA_065_posB_043_posC_058_record_028_frame_11.png,C,28,11,22,0.65,0.43,0.58
FRS_setC_posA_065_posB_043_posC_058_record_028_frame_12.png,C,28,12,24,0.65,0.43,0.58
FRS_setC_posA_065_posB_043_posC_058_record_028_frame_13.png,C,28,13,26,0.65,0.43,0.58
FRS_setC_posA_065_posB_043_posC_058_record_028_frame_14.png,C,28,14,28,0.65,0.43,0.58
FRS_setC_posA_065_posB_043_posC_058_record_028_frame_15.png,C,28,15,30,0.65,0.43,0.58
FRS_setC_posA_065_posB_043_posC_058_record_028_frame_16.png,C,28,16,32,0.65,0.43,0.58
FRS_setC_posA_065_posB_043_posC_058_record_028_frame_17.png,C,28,17,34,0.65,0.43,0.58
FRS_setC_posA_065_posB_043_posC_058_record_028_frame_18.png,C,28,18,36,0.65,0.43,0.58
FRS_setC_posA_065_posB_043_posC_058_record_028_frame_19.png,C,28,19,38,0.65,0.43,0.58
FRS_setC_posA_065_posB_044_posC_059_record_029_frame_00.png,C,29,0,0,0.65,0.44,0.59
FRS_setC_posA_065_posB_044_posC_059_record_029_frame_01.png,C,29,1,2,0.65,0.44,0.59
FRS_setC_posA_065_posB_044_posC_059_record_029_frame_02.png,C,29,2,4,0.65,0.44,0.59
FRS_setC_posA_065_posB_044_posC_059_record_029_frame_03.png,C,29,3,6,0.65,0.44,0.59
FRS_setC_posA_065_posB_044_posC_059_record_029_frame_04.png,C,29,4,8,0.65,0.44,0.59
FRS_setC_posA_065_posB_044_posC_059_record_029_frame_05.png,C,29,5,10,0.65,0.44,0.59
FRS_setC_posA_065_posB_044_posC_059_record_029_frame_06.png,C,29,6,12,0.65,0.44,0.59
FRS_setC_posA_065_posB_044_posC_059_record_029_frame_07.png,C,29,7,14,0.65,0.44,0.59
FRS_setC_posA_065_posB_044_posC_059_record_029_frame_08.png,C,29,8,16,0.65,0.44,0.59
FRS_setC_posA_065_posB_044_posC_059_record_029_frame_09.png,C,29,9,18,0.65,0.44,0.59
FRS_setC_posA_065_posB_044_posC_059_record_029_frame_10.png,C,29,10,20,0.65,0.44,0.59
FRS_setC_posA_065_posB_044_posC_059_record_029_frame_11.png,C,29,11,22,0.65,0.44,0.59
FRS_setC_posA_065_posB_044_posC_059_record_029_frame_12.png,C,29,12,24,0.65,0.44,0.59
FRS_setC_posA_065_posB_044_posC_059_record_029_frame_13.png,C,29,13,26,0.65,0.44,0.59
FRS_setC_posA_065_posB_044_posC_059_record_029_frame_14.png,C,29,14,28,0.65,0.44,0.59
FRS_setC_posA_065_posB_044_posC_059_record_029_frame_15.png,C,29,15,30,0.65,0.44,0.59
FRS_setC_posA_065_posB_044_posC_059_record_029_frame_16.png,C,29,16,32,0.65,0.44,0.59
FRS_setC_posA_065_posB_044_posC_059_record_029_frame_17.png,C,29,17,34,0.65,0.44,0.59
FRS_setC_posA_065_posB_044_posC_059_record_029_frame_18.png,C,29,18,36,0.65,0.44,0.59
FRS_setC_posA_065_posB_044_posC_059_record_029_frame_19.png,C,29,19,38,0.65,0.44,0.59
FRS_setC_posA_067_posB_044_posC_059_record_030_frame_00.png,C,30,0,0,0.67,0.44,0.59
FRS_setC_posA_067_posB_044_posC_059_record_030_frame_01.png,C,30,1,2,0.67,0.44,0.59
FRS_setC_posA_067_posB_044_posC_059_record_030_frame_02.png,C,30,2,4,0.67,0.44,0.59
FRS_setC_posA_067_posB_044_posC_059_record_030_frame_03.png,C,30,3,6,0.67,0.44,0.59
FRS_setC_posA_067_posB_044_posC_059_record_030_frame_04.png,C,30,4,8,0.67,0.44,0.59
FRS_setC_posA_067_posB_044_posC_059_record_030_frame_05.png,C,30,5,10,0.67,0.44,0.59
FRS_setC_posA_067_posB_044_posC_059_record_030_frame_06.png,C,30,6,12,0.67,0.44,0.59
FRS_setC_posA_067_posB_044_posC_059_record_030_frame_07.png,C,30,7,14,0.67,0.44,0.59
FRS_setC_posA_067_posB_044_posC_059_record_030_frame_08.png,C,30,8,16,0.67,0.44,0.59
FRS_setC_posA_067_posB_044_posC_059_record_030_frame_09.png,C,30,9,18,0.67,0.44,0.59
FRS_setC_posA_067_posB_044_posC_059_record_030_frame_10.png,C,30,10,20,0.67,0.44,0.59
FRS_setC_posA_067_posB_044_posC_059_record_030_frame_11.png,C,30,11,22,0.67,0.44,0.59
FRS_setC_posA_067_posB_044_posC_059_record_030_frame_12.png,C,30,12,24,0.67,0.44,0.59
FRS_setC_posA_067_posB_044_posC_059_record_030_frame_13.png,C,30,13,26,0.67,0.44,0.59
FRS_setC_posA_067_posB_044_posC_059_record_030_frame_14.png,C,30,14,28,0.67,0.44,0.59
FRS_setC_posA_067_posB_044_posC_059_record_030_frame_15.png,C,30,15,30,0.67,0.44,0.59
FRS_setC_posA_067_posB_044_posC_059_record_030_frame_16.png,C,30,16,32,0.67,0.44,0.59
FRS_setC_posA_067_posB_044_posC_059_record_030_frame_17.png,C,30,17,34,0.67,0.44,0.59
FRS_setC_posA_067_posB_044_posC_059_record_030_frame_18.png,C,30,18,36,0.67,0.44,0.59
FRS_setC_posA_067_posB_044_posC_059_record_030_frame_19.png,C,30,19,38,0.67,0.44,0.59
FRS_setC_posA_067_posB_045_posC_060_record_031_frame_00.png,C,31,0,0,0.67,0.45,0.6
FRS_setC_posA_067_posB_045_posC_060_record_031_frame_01.png,C,31,1,2,0.67,0.45,0.6
FRS_setC_posA_067_posB_045_posC_060_record_031_frame_02.png,C,31,2,4,0.67,0.45,0.6
FRS_setC_posA_067_posB_045_posC_060_record_031_frame_03.png,C,31,3,6,0.67,0.45,0.6
FRS_setC_posA_067_posB_045_posC_060_record_031_frame_04.png,C,31,4,8,0.67,0.45,0.6
FRS_setC_posA_067_posB_045_posC_060_record_031_frame_05.png,C,31,5,10,0.67,0.45,0.6
FRS_setC_posA_067_posB_045_posC_060_record_031_frame_06.png,C,31,6,12,0.67,0.45,0.6
FRS_setC_posA_067_posB_045_posC_060_record_031_frame_07.png,C,31,7,14,0.67,0.45,0.6
FRS_setC_posA_067_posB_045_posC_060_record_031_frame_08.png,C,31,8,16,0.67,0.45,0.6
FRS_setC_posA_067_posB_045_posC_060_record_031_frame_09.png,C,31,9,18,0.67,0.45,0.6
FRS_setC_posA_067_posB_045_posC_060_record_031_frame_10.png,C,31,10,20,0.67,0.45,0.6
FRS_setC_posA_067_posB_045_posC_060_record_031_frame_11.png,C,31,11,22,0.67,0.45,0.6
FRS_setC_posA_067_posB_045_posC_060_record_031_frame_12.png,C,31,12,24,0.67,0.45,0.6
FRS_setC_posA_067_posB_045_posC_060_record_031_frame_13.png,C,31,13,26,0.67,0.45,0.6
FRS_setC_posA_067_posB_045_posC_060_record_031_frame_14.png,C,31,14,28,0.67,0.45,0.6
FRS_setC_posA_067_posB_045_posC_060_record_031_frame_15.png,C,31,15,30,0.67,0.45,0.6
FRS_setC_posA_067_posB_045_posC_060_record_031_frame_16.png,C,31,16,32,0.67,0.45,0.6
FRS_setC_posA_067_posB_045_posC_060_record_031_frame_17.png,C,31,17,34,0.67,0.45,0.6
FRS_setC_posA_067_posB_045_posC_060_record_031_frame_18.png,C,31,18,36,0.67,0.45,0.6
FRS_setC_posA_067_posB_045_posC_060_record_031_frame_19.png,C,31,19,38,0.67,0.45,0.6
FRS_setC_posA_067_posB_045_posC_061_record_032_frame_00.png,C,32,0,0,0.67,0.45,0.61
FRS_setC_posA_067_posB_045_posC_061_record_032_frame_01.png,C,32,1,2,0.67,0.45,0.61
FRS_setC_posA_067_posB_045_posC_061_record_032_frame_02.png,C,32,2,4,0.67,0.45,0.61
FRS_setC_posA_067_posB_045_posC_061_record_032_frame_03.png,C,32,3,6,0.67,0.45,0.61
FRS_setC_posA_067_posB_045_posC_061_record_032_frame_04.png,C,32,4,8,0.67,0.45,0.61
FRS_setC_posA_067_posB_045_posC_061_record_032_frame_05.png,C,32,5,10,0.67,0.45,0.61
FRS_setC_posA_067_posB_045_posC_061_record_032_frame_06.png,C,32,6,12,0.67,0.45,0.61
FRS_setC_posA_067_posB_045_posC_061_record_032_frame_07.png,C,32,7,14,0.67,0.45,0.61
FRS_setC_posA_067_posB_045_posC_061_record_032_frame_08.png,C,32,8,16,0.67,0.45,0.61
FRS_setC_posA_067_posB_045_posC_061_record_032_frame_09.png,C,32,9,18,0.67,0.45,0.61
FRS_setC_posA_067_posB_045_posC_061_record_032_frame_10.png,C,32,10,20,0.67,0.45,0.61
FRS_setC_posA_067_posB_045_posC_061_record_032_frame_11.png,C,32,11,22,0.67,0.45,0.61
FRS_setC_posA_067_posB_045_posC_061_record_032_frame_12.png,C,32,12,24,0.67,0.45,0.61
FRS_setC_posA_067_posB_045_posC_061_record_032_frame_13.png,C,32,13,26,0.67,0.45,0.61
FRS_setC_posA_067_posB_045_posC_061_record_032_frame_14.png,C,32,14,28,0.67,0.45,0.61
FRS_setC_posA_067_posB_045_posC_061_record_032_frame_15.png,C,32,15,30,0.67,0.45,0.61
FRS_setC_posA_067_posB_045_posC_061_record_032_frame_16.png,C,32,16,32,0.67,0.45,0.61
FRS_setC_posA_067_posB_045_posC_061_record_032_frame_17.png,C,32,17,34,0.67,0.45,0.61
FRS_setC_posA_067_posB_045_posC_061_record_032_frame_18.png,C,32,18,36,0.67,0.45,0.61
FRS_setC_posA_067_posB_045_posC_061_record_032_frame_19.png,C,32,19,38,0.67,0.45,0.61
FRS_setC_posA_068_posB_045_posC_061_record_033_frame_00.png,C,33,0,0,0.68,0.45,0.61
FRS_setC_posA_068_posB_045_posC_061_record_033_frame_01.png,C,33,1,2,0.68,0.45,0.61
FRS_setC_posA_068_posB_045_posC_061_record_033_frame_02.png,C,33,2,4,0.68,0.45,0.61
FRS_setC_posA_068_posB_045_posC_061_record_033_frame_03.png,C,33,3,6,0.68,0.45,0.61
FRS_setC_posA_068_posB_045_posC_061_record_033_frame_04.png,C,33,4,8,0.68,0.45,0.61
FRS_setC_posA_068_posB_045_posC_061_record_033_frame_05.png,C,33,5,10,0.68,0.45,0.61
FRS_setC_posA_068_posB_045_posC_061_record_033_frame_06.png,C,33,6,12,0.68,0.45,0.61
FRS_setC_posA_068_posB_045_posC_061_record_033_frame_07.png,C,33,7,14,0.68,0.45,0.61
FRS_setC_posA_068_posB_045_posC_061_record_033_frame_08.png,C,33,8,16,0.68,0.45,0.61
FRS_setC_posA_068_posB_045_posC_061_record_033_frame_09.png,C,33,9,18,0.68,0.45,0.61
FRS_setC_posA_068_posB_045_posC_061_record_033_frame_10.png,C,33,10,20,0.68,0.45,0.61
FRS_setC_posA_068_posB_045_posC_061_record_033_frame_11.png,C,33,11,22,0.68,0.45,0.61
FRS_setC_posA_068_posB_045_posC_061_record_033_frame_12.png,C,33,12,24,0.68,0.45,0.61
FRS_setC_posA_068_posB_045_posC_061_record_033_frame_13.png,C,33,13,26,0.68,0.45,0.61
FRS_setC_posA_068_posB_045_posC_061_record_033_frame_14.png,C,33,14,28,0.68,0.45,0.61
FRS_setC_posA_068_posB_045_posC_061_record_033_frame_15.png,C,33,15,30,0.68,0.45,0.61
FRS_setC_posA_068_posB_045_posC_061_record_033_frame_16.png,C,33,16,32,0.68,0.45,0.61
FRS_setC_posA_068_posB_045_posC_061_record_033_frame_17.png,C,33,17,34,0.68,0.45,0.61
FRS_setC_posA_068_posB_045_posC_061_record_033_frame_18.png,C,33,18,36,0.68,0.45,0.61
FRS_setC_posA_068_posB_045_posC_061_record_033_frame_19.png,C,33,19,38,0.68,0.45,0.61
FRS_setC_posA_069_posB_046_posC_061_record_034_frame_00.png,C,34,0,0,0.69,0.46,0.61
FRS_setC_posA_069_posB_046_posC_061_record_034_frame_01.png,C,34,1,2,0.69,0.46,0.61
FRS_setC_posA_069_posB_046_posC_061_record_034_frame_02.png,C,34,2,4,0.69,0.46,0.61
FRS_setC_posA_069_posB_046_posC_061_record_034_frame_03.png,C,34,3,6,0.69,0.46,0.61
FRS_setC_posA_069_posB_046_posC_061_record_034_frame_04.png,C,34,4,8,0.69,0.46,0.61
FRS_setC_posA_069_posB_046_posC_061_record_034_frame_05.png,C,34,5,10,0.69,0.46,0.61
FRS_setC_posA_069_posB_046_posC_061_record_034_frame_06.png,C,34,6,12,0.69,0.46,0.61
FRS_setC_posA_069_posB_046_posC_061_record_034_frame_07.png,C,34,7,14,0.69,0.46,0.61
FRS_setC_posA_069_posB_046_posC_061_record_034_frame_08.png,C,34,8,16,0.69,0.46,0.61
FRS_setC_posA_069_posB_046_posC_061_record_034_frame_09.png,C,34,9,18,0.69,0.46,0.61
FRS_setC_posA_069_posB_046_posC_061_record_034_frame_10.png,C,34,10,20,0.69,0.46,0.61
FRS_setC_posA_069_posB_046_posC_061_record_034_frame_11.png,C,34,11,22,0.69,0.46,0.61
FRS_setC_posA_069_posB_046_posC_061_record_034_frame_12.png,C,34,12,24,0.69,0.46,0.61
FRS_setC_posA_069_posB_046_posC_061_record_034_frame_13.png,C,34,13,26,0.69,0.46,0.61
FRS_setC_posA_069_posB_046_posC_061_record_034_frame_14.png,C,34,14,28,0.69,0.46,0.61
FRS_setC_posA_069_posB_046_posC_061_record_034_frame_15.png,C,34,15,30,0.69,0.46,0.61
FRS_setC_posA_069_posB_046_posC_061_record_034_frame_16.png,C,34,16,32,0.69,0.46,0.61
FRS_setC_posA_069_posB_046_posC_061_record_034_frame_17.png,C,34,17,34,0.69,0.46,0.61
FRS_setC_posA_069_posB_046_posC_061_record_034_frame_18.png,C,34,18,36,0.69,0.46,0.61
FRS_setC_posA_069_posB_046_posC_061_record_034_frame_19.png,C,34,19,38,0.69,0.46,0.61
FRS_setC_posA_070_posB_046_posC_062_record_035_frame_00.png,C,35,0,0,0.7,0.46,0.62
FRS_setC_posA_070_posB_046_posC_062_record_035_frame_01.png,C,35,1,2,0.7,0.46,0.62
FRS_setC_posA_070_posB_046_posC_062_record_035_frame_02.png,C,35,2,4,0.7,0.46,0.62
FRS_setC_posA_070_posB_046_posC_062_record_035_frame_03.png,C,35,3,6,0.7,0.46,0.62
FRS_setC_posA_070_posB_046_posC_062_record_035_frame_04.png,C,35,4,8,0.7,0.46,0.62
FRS_setC_posA_070_posB_046_posC_062_record_035_frame_05.png,C,35,5,10,0.7,0.46,0.62
FRS_setC_posA_070_posB_046_posC_062_record_035_frame_06.png,C,35,6,12,0.7,0.46,0.62
FRS_setC_posA_070_posB_046_posC_062_record_035_frame_07.png,C,35,7,14,0.7,0.46,0.62
FRS_setC_posA_070_posB_046_posC_062_record_035_frame_08.png,C,35,8,16,0.7,0.46,0.62
FRS_setC_posA_070_posB_046_posC_062_record_035_frame_09.png,C,35,9,18,0.7,0.46,0.62
FRS_setC_posA_070_posB_046_posC_062_record_035_frame_10.png,C,35,10,20,0.7,0.46,0.62
FRS_setC_posA_070_posB_046_posC_062_record_035_frame_11.png,C,35,11,22,0.7,0.46,0.62
FRS_setC_posA_070_posB_046_posC_062_record_035_frame_12.png,C,35,12,24,0.7,0.46,0.62
FRS_setC_posA_070_posB_046_posC_062_record_035_frame_13.png,C,35,13,26,0.7,0.46,0.62
FRS_setC_posA_070_posB_046_posC_062_record_035_frame_14.png,C,35,14,28,0.7,0.46,0.62
FRS_setC_posA_070_posB_046_posC_062_record_035_frame_15.png,C,35,15,30,0.7,0.46,0.62
FRS_setC_posA_070_posB_046_posC_062_record_035_frame_16.png,C,35,16,32,0.7,0.46,0.62
FRS_setC_posA_070_posB_046_posC_062_record_035_frame_17.png,C,35,17,34,0.7,0.46,0.62
FRS_setC_posA_070_posB_046_posC_062_record_035_frame_18.png,C,35,18,36,0.7,0.46,0.62
FRS_setC_posA_070_posB_046_posC_062_record_035_frame_19.png,C,35,19,38,0.7,0.46,0.62
FRS_setC_posA_070_posB_047_posC_062_record_036_frame_00.png,C,36,0,0,0.7,0.47,0.62
FRS_setC_posA_070_posB_047_posC_062_record_036_frame_01.png,C,36,1,2,0.7,0.47,0.62
FRS_setC_posA_070_posB_047_posC_062_record_036_frame_02.png,C,36,2,4,0.7,0.47,0.62
FRS_setC_posA_070_posB_047_posC_062_record_036_frame_03.png,C,36,3,6,0.7,0.47,0.62
FRS_setC_posA_070_posB_047_posC_062_record_036_frame_04.png,C,36,4,8,0.7,0.47,0.62
FRS_setC_posA_070_posB_047_posC_062_record_036_frame_05.png,C,36,5,10,0.7,0.47,0.62
FRS_setC_posA_070_posB_047_posC_062_record_036_frame_06.png,C,36,6,12,0.7,0.47,0.62
FRS_setC_posA_070_posB_047_posC_062_record_036_frame_07.png,C,36,7,14,0.7,0.47,0.62
FRS_setC_posA_070_posB_047_posC_062_record_036_frame_08.png,C,36,8,16,0.7,0.47,0.62
FRS_setC_posA_070_posB_047_posC_062_record_036_frame_09.png,C,36,9,18,0.7,0.47,0.62
FRS_setC_posA_070_posB_047_posC_062_record_036_frame_10.png,C,36,10,20,0.7,0.47,0.62
FRS_setC_posA_070_posB_047_posC_062_record_036_frame_11.png,C,36,11,22,0.7,0.47,0.62
FRS_setC_posA_070_posB_047_posC_062_record_036_frame_12.png,C,36,12,24,0.7,0.47,0.62
FRS_setC_posA_070_posB_047_posC_062_record_036_frame_13.png,C,36,13,26,0.7,0.47,0.62
FRS_setC_posA_070_posB_047_posC_062_record_036_frame_14.png,C,36,14,28,0.7,0.47,0.62
FRS_setC_posA_070_posB_047_posC_062_record_036_frame_15.png,C,36,15,30,0.7,0.47,0.62
FRS_setC_posA_070_posB_047_posC_062_record_036_frame_16.png,C,36,16,32,0.7,0.47,0.62
FRS_setC_posA_070_posB_047_posC_062_record_036_frame_17.png,C,36,17,34,0.7,0.47,0.62
FRS_setC_posA_070_posB_047_posC_062_record_036_frame_18.png,C,36,18,36,0.7,0.47,0.62
FRS_setC_posA_070_posB_047_posC_062_record_036_frame_19.png,C,36,19,38,0.7,0.47,0.62
FRS_setC_posA_070_posB_047_posC_063_record_037_frame_00.png,C,37,0,0,0.7,0.47,0.63
FRS_setC_posA_070_posB_047_posC_063_record_037_frame_01.png,C,37,1,2,0.7,0.47,0.63
FRS_setC_posA_070_posB_047_posC_063_record_037_frame_02.png,C,37,2,4,0.7,0.47,0.63
FRS_setC_posA_070_posB_047_posC_063_record_037_frame_03.png,C,37,3,6,0.7,0.47,0.63
FRS_setC_posA_070_posB_047_posC_063_record_037_frame_04.png,C,37,4,8,0.7,0.47,0.63
FRS_setC_posA_070_posB_047_posC_063_record_037_frame_05.png,C,37,5,10,0.7,0.47,0.63
FRS_setC_posA_070_posB_047_posC_063_record_037_frame_06.png,C,37,6,12,0.7,0.47,0.63
FRS_setC_posA_070_posB_047_posC_063_record_037_frame_07.png,C,37,7,14,0.7,0.47,0.63
FRS_setC_posA_070_posB_047_posC_063_record_037_frame_08.png,C,37,8,16,0.7,0.47,0.63
FRS_setC_posA_070_posB_047_posC_063_record_037_frame_09.png,C,37,9,18,0.7,0.47,0.63
FRS_setC_posA_070_posB_047_posC_063_record_037_frame_10.png,C,37,10,20,0.7,0.47,0.63
FRS_setC_posA_070_posB_047_posC_063_record_037_frame_11.png,C,37,11,22,0.7,0.47,0.63
FRS_setC_posA_070_posB_047_posC_063_record_037_frame_12.png,C,37,12,24,0.7,0.47,0.63
FRS_setC_posA_070_posB_047_posC_063_record_037_frame_13.png,C,37,13,26,0.7,0.47,0.63
FRS_setC_posA_070_posB_047_posC_063_record_037_frame_14.png,C,37,14,28,0.7,0.47,0.63
FRS_setC_posA_070_posB_047_posC_063_record_037_frame_15.png,C,37,15,30,0.7,0.47,0.63
FRS_setC_posA_070_posB_047_posC_063_record_037_frame_16.png,C,37,16,32,0.7,0.47,0.63
FRS_setC_posA_070_posB_047_posC_063_record_037_frame_17.png,C,37,17,34,0.7,0.47,0.63
FRS_setC_posA_070_posB_047_posC_063_record_037_frame_18.png,C,37,18,36,0.7,0.47,0.63
FRS_setC_posA_070_posB_047_posC_063_record_037_frame_19.png,C,37,19,38,0.7,0.47,0.63
FRS_setC_posA_071_posB_047_posC_063_record_038_frame_00.png,C,38,0,0,0.71,0.47,0.63
FRS_setC_posA_071_posB_047_posC_063_record_038_frame_01.png,C,38,1,2,0.71,0.47,0.63
FRS_setC_posA_071_posB_047_posC_063_record_038_frame_02.png,C,38,2,4,0.71,0.47,0.63
FRS_setC_posA_071_posB_047_posC_063_record_038_frame_03.png,C,38,3,6,0.71,0.47,0.63
FRS_setC_posA_071_posB_047_posC_063_record_038_frame_04.png,C,38,4,8,0.71,0.47,0.63
FRS_setC_posA_071_posB_047_posC_063_record_038_frame_05.png,C,38,5,10,0.71,0.47,0.63
FRS_setC_posA_071_posB_047_posC_063_record_038_frame_06.png,C,38,6,12,0.71,0.47,0.63
FRS_setC_posA_071_posB_047_posC_063_record_038_frame_07.png,C,38,7,14,0.71,0.47,0.63
FRS_setC_posA_071_posB_047_posC_063_record_038_frame_08.png,C,38,8,16,0.71,0.47,0.63
FRS_setC_posA_071_posB_047_posC_063_record_038_frame_09.png,C,38,9,18,0.71,0.47,0.63
FRS_setC_posA_071_posB_047_posC_063_record_038_frame_10.png,C,38,10,20,0.71,0.47,0.63
FRS_setC_posA_071_posB_047_posC_063_record_038_frame_11.png,C,38,11,22,0.71,0.47,0.63
FRS_setC_posA_071_posB_047_posC_063_record_038_frame_12.png,C,38,12,24,0.71,0.47,0.63
FRS_setC_posA_071_posB_047_posC_063_record_038_frame_13.png,C,38,13,26,0.71,0.47,0.63
FRS_setC_posA_071_posB_047_posC_063_record_038_frame_14.png,C,38,14,28,0.71,0.47,0.63
FRS_setC_posA_071_posB_047_posC_063_record_038_frame_15.png,C,38,15,30,0.71,0.47,0.63
FRS_setC_posA_071_posB_047_posC_063_record_038_frame_16.png,C,38,16,32,0.71,0.47,0.63
FRS_setC_posA_071_posB_047_posC_063_record_038_frame_17.png,C,38,17,34,0.71,0.47,0.63
FRS_setC_posA_071_posB_047_posC_063_record_038_frame_18.png,C,38,18,36,0.71,0.47,0.63
FRS_setC_posA_071_posB_047_posC_063_record_038_frame_19.png,C,38,19,38,0.71,0.47,0.63
FRS_setC_posA_072_posB_049_posC_064_record_039_frame_00.png,C,39,0,0,0.72,0.49,0.64
FRS_setC_posA_072_posB_049_posC_064_record_039_frame_01.png,C,39,1,2,0.72,0.49,0.64
FRS_setC_posA_072_posB_049_posC_064_record_039_frame_02.png,C,39,2,4,0.72,0.49,0.64
FRS_setC_posA_072_posB_049_posC_064_record_039_frame_03.png,C,39,3,6,0.72,0.49,0.64
FRS_setC_posA_072_posB_049_posC_064_record_039_frame_04.png,C,39,4,8,0.72,0.49,0.64
FRS_setC_posA_072_posB_049_posC_064_record_039_frame_05.png,C,39,5,10,0.72,0.49,0.64
FRS_setC_posA_072_posB_049_posC_064_record_039_frame_06.png,C,39,6,12,0.72,0.49,0.64
FRS_setC_posA_072_posB_049_posC_064_record_039_frame_07.png,C,39,7,14,0.72,0.49,0.64
FRS_setC_posA_072_posB_049_posC_064_record_039_frame_08.png,C,39,8,16,0.72,0.49,0.64
FRS_setC_posA_072_posB_049_posC_064_record_039_frame_09.png,C,39,9,18,0.72,0.49,0.64
FRS_setC_posA_072_posB_049_posC_064_record_039_frame_10.png,C,39,10,20,0.72,0.49,0.64
FRS_setC_posA_072_posB_049_posC_064_record_039_frame_11.png,C,39,11,22,0.72,0.49,0.64
FRS_setC_posA_072_posB_049_posC_064_record_039_frame_12.png,C,39,12,24,0.72,0.49,0.64
FRS_setC_posA_072_posB_049_posC_064_record_039_frame_13.png,C,39,13,26,0.72,0.49,0.64
FRS_setC_posA_072_posB_049_posC_064_record_039_frame_14.png,C,39,14,28,0.72,0.49,0.64
FRS_setC_posA_072_posB_049_posC_064_record_039_frame_15.png,C,39,15,30,0.72,0.49,0.64
FRS_setC_posA_072_posB_049_posC_064_record_039_frame_16.png,C,39,16,32,0.72,0.49,0.64
FRS_setC_posA_072_posB_049_posC_064_record_039_frame_17.png,C,39,17,34,0.72,0.49,0.64
FRS_setC_posA_072_posB_049_posC_064_record_039_frame_18.png,C,39,18,36,0.72,0.49,0.64
FRS_setC_posA_072_posB_049_posC_064_record_039_frame_19.png,C,39,19,38,0.72,0.49,0.64
FRS_setC_posA_073_posB_049_posC_064_record_040_frame_00.png,C,40,0,0,0.73,0.49,0.64
FRS_setC_posA_073_posB_049_posC_064_record_040_frame_01.png,C,40,1,2,0.73,0.49,0.64
FRS_setC_posA_073_posB_049_posC_064_record_040_frame_02.png,C,40,2,4,0.73,0.49,0.64
FRS_setC_posA_073_posB_049_posC_064_record_040_frame_03.png,C,40,3,6,0.73,0.49,0.64
FRS_setC_posA_073_posB_049_posC_064_record_040_frame_04.png,C,40,4,8,0.73,0.49,0.64
FRS_setC_posA_073_posB_049_posC_064_record_040_frame_05.png,C,40,5,10,0.73,0.49,0.64
FRS_setC_posA_073_posB_049_posC_064_record_040_frame_06.png,C,40,6,12,0.73,0.49,0.64
FRS_setC_posA_073_posB_049_posC_064_record_040_frame_07.png,C,40,7,14,0.73,0.49,0.64
FRS_setC_posA_073_posB_049_posC_064_record_040_frame_08.png,C,40,8,16,0.73,0.49,0.64
FRS_setC_posA_073_posB_049_posC_064_record_040_frame_09.png,C,40,9,18,0.73,0.49,0.64
FRS_setC_posA_073_posB_049_posC_064_record_040_frame_10.png,C,40,10,20,0.73,0.49,0.64
FRS_setC_posA_073_posB_049_posC_064_record_040_frame_11.png,C,40,11,22,0.73,0.49,0.64
FRS_setC_posA_073_posB_049_posC_064_record_040_frame_12.png,C,40,12,24,0.73,0.49,0.64
FRS_setC_posA_073_posB_049_posC_064_record_040_frame_13.png,C,40,13,26,0.73,0.49,0.64
FRS_setC_posA_073_posB_049_posC_064_record_040_frame_14.png,C,40,14,28,0.73,0.49,0.64
FRS_setC_posA_073_posB_049_posC_064_record_040_frame_15.png,C,40,15,30,0.73,0.49,0.64
FRS_setC_posA_073_posB_049_posC_064_record_040_frame_16.png,C,40,16,32,0.73,0.49,0.64
FRS_setC_posA_073_posB_049_posC_064_record_040_frame_17.png,C,40,17,34,0.73,0.49,0.64
FRS_setC_posA_073_posB_049_posC_064_record_040_frame_18.png,C,40,18,36,0.73,0.49,0.64
FRS_setC_posA_073_posB_049_posC_064_record_040_frame_19.png,C,40,19,38,0.73,0.49,0.64
FRS_setC_posA_074_posB_049_posC_064_record_041_frame_00.png,C,41,0,0,0.74,0.49,0.64
FRS_setC_posA_074_posB_049_posC_064_record_041_frame_01.png,C,41,1,2,0.74,0.49,0.64
FRS_setC_posA_074_posB_049_posC_064_record_041_frame_02.png,C,41,2,4,0.74,0.49,0.64
FRS_setC_posA_074_posB_049_posC_064_record_041_frame_03.png,C,41,3,6,0.74,0.49,0.64
FRS_setC_posA_074_posB_049_posC_064_record_041_frame_04.png,C,41,4,8,0.74,0.49,0.64
FRS_setC_posA_074_posB_049_posC_064_record_041_frame_05.png,C,41,5,10,0.74,0.49,0.64
FRS_setC_posA_074_posB_049_posC_064_record_041_frame_06.png,C,41,6,12,0.74,0.49,0.64
FRS_setC_posA_074_posB_049_posC_064_record_041_frame_07.png,C,41,7,14,0.74,0.49,0.64
FRS_setC_posA_074_posB_049_posC_064_record_041_frame_08.png,C,41,8,16,0.74,0.49,0.64
FRS_setC_posA_074_posB_049_posC_064_record_041_frame_09.png,C,41,9,18,0.74,0.49,0.64
FRS_setC_posA_074_posB_049_posC_064_record_041_frame_10.png,C,41,10,20,0.74,0.49,0.64
FRS_setC_posA_074_posB_049_posC_064_record_041_frame_11.png,C,41,11,22,0.74,0.49,0.64
FRS_setC_posA_074_posB_049_posC_064_record_041_frame_12.png,C,41,12,24,0.74,0.49,0.64
FRS_setC_posA_074_posB_049_posC_064_record_041_frame_13.png,C,41,13,26,0.74,0.49,0.64
FRS_setC_posA_074_posB_049_posC_064_record_041_frame_14.png,C,41,14,28,0.74,0.49,0.64
FRS_setC_posA_074_posB_049_posC_064_record_041_frame_15.png,C,41,15,30,0.74,0.49,0.64
FRS_setC_posA_074_posB_049_posC_064_record_041_frame_16.png,C,41,16,32,0.74,0.49,0.64
FRS_setC_posA_074_posB_049_posC_064_record_041_frame_17.png,C,41,17,34,0.74,0.49,0.64
FRS_setC_posA_074_posB_049_posC_064_record_041_frame_18.png,C,41,18,36,0.74,0.49,0.64
FRS_setC_posA_074_posB_049_posC_064_record_041_frame_19.png,C,41,19,38,0.74,0.49,0.64
FRS_setC_posA_074_posB_050_posC_065_record_042_frame_00.png,C,42,0,0,0.74,0.5,0.65
FRS_setC_posA_074_posB_050_posC_065_record_042_frame_01.png,C,42,1,2,0.74,0.5,0.65
FRS_setC_posA_074_posB_050_posC_065_record_042_frame_02.png,C,42,2,4,0.74,0.5,0.65
FRS_setC_posA_074_posB_050_posC_065_record_042_frame_03.png,C,42,3,6,0.74,0.5,0.65
FRS_setC_posA_074_posB_050_posC_065_record_042_frame_04.png,C,42,4,8,0.74,0.5,0.65
FRS_setC_posA_074_posB_050_posC_065_record_042_frame_05.png,C,42,5,10,0.74,0.5,0.65
FRS_setC_posA_074_posB_050_posC_065_record_042_frame_06.png,C,42,6,12,0.74,0.5,0.65
FRS_setC_posA_074_posB_050_posC_065_record_042_frame_07.png,C,42,7,14,0.74,0.5,0.65
FRS_setC_posA_074_posB_050_posC_065_record_042_frame_08.png,C,42,8,16,0.74,0.5,0.65
FRS_setC_posA_074_posB_050_posC_065_record_042_frame_09.png,C,42,9,18,0.74,0.5,0.65
FRS_setC_posA_074_posB_050_posC_065_record_042_frame_10.png,C,42,10,20,0.74,0.5,0.65
FRS_setC_posA_074_posB_050_posC_065_record_042_frame_11.png,C,42,11,22,0.74,0.5,0.65
FRS_setC_posA_074_posB_050_posC_065_record_042_frame_12.png,C,42,12,24,0.74,0.5,0.65
FRS_setC_posA_074_posB_050_posC_065_record_042_frame_13.png,C,42,13,26,0.74,0.5,0.65
FRS_setC_posA_074_posB_050_posC_065_record_042_frame_14.png,C,42,14,28,0.74,0.5,0.65
FRS_setC_posA_074_posB_050_posC_065_record_042_frame_15.png,C,42,15,30,0.74,0.5,0.65
FRS_setC_posA_074_posB_050_posC_065_record_042_frame_16.png,C,42,16,32,0.74,0.5,0.65
FRS_setC_posA_074_posB_050_posC_065_record_042_frame_17.png,C,42,17,34,0.74,0.5,0.65
FRS_setC_posA_074_posB_050_posC_065_record_042_frame_18.png,C,42,18,36,0.74,0.5,0.65
FRS_setC_posA_074_posB_050_posC_065_record_042_frame_19.png,C,42,19,38,0.74,0.5,0.65
FRS_setC_posA_075_posB_051_posC_066_record_043_frame_00.png,C,43,0,0,0.75,0.51,0.66
FRS_setC_posA_075_posB_051_posC_066_record_043_frame_01.png,C,43,1,2,0.75,0.51,0.66
FRS_setC_posA_075_posB_051_posC_066_record_043_frame_02.png,C,43,2,4,0.75,0.51,0.66
FRS_setC_posA_075_posB_051_posC_066_record_043_frame_03.png,C,43,3,6,0.75,0.51,0.66
FRS_setC_posA_075_posB_051_posC_066_record_043_frame_04.png,C,43,4,8,0.75,0.51,0.66
FRS_setC_posA_075_posB_051_posC_066_record_043_frame_05.png,C,43,5,10,0.75,0.51,0.66
FRS_setC_posA_075_posB_051_posC_066_record_043_frame_06.png,C,43,6,12,0.75,0.51,0.66
FRS_setC_posA_075_posB_051_posC_066_record_043_frame_07.png,C,43,7,14,0.75,0.51,0.66
FRS_setC_posA_075_posB_051_posC_066_record_043_frame_08.png,C,43,8,16,0.75,0.51,0.66
FRS_setC_posA_075_posB_051_posC_066_record_043_frame_09.png,C,43,9,18,0.75,0.51,0.66
FRS_setC_posA_075_posB_051_posC_066_record_043_frame_10.png,C,43,10,20,0.75,0.51,0.66
FRS_setC_posA_075_posB_051_posC_066_record_043_frame_11.png,C,43,11,22,0.75,0.51,0.66
FRS_setC_posA_075_posB_051_posC_066_record_043_frame_12.png,C,43,12,24,0.75,0.51,0.66
FRS_setC_posA_075_posB_051_posC_066_record_043_frame_13.png,C,43,13,26,0.75,0.51,0.66
FRS_setC_posA_075_posB_051_posC_066_record_043_frame_14.png,C,43,14,28,0.75,0.51,0.66
FRS_setC_posA_075_posB_051_posC_066_record_043_frame_15.png,C,43,15,30,0.75,0.51,0.66
FRS_setC_posA_075_posB_051_posC_066_record_043_frame_16.png,C,43,16,32,0.75,0.51,0.66
FRS_setC_posA_075_posB_051_posC_066_record_043_frame_17.png,C,43,17,34,0.75,0.51,0.66
FRS_setC_posA_075_posB_051_posC_066_record_043_frame_18.png,C,43,18,36,0.75,0.51,0.66
FRS_setC_posA_075_posB_051_posC_066_record_043_frame_19.png,C,43,19,38,0.75,0.51,0.66
FRS_setC_posA_076_posB_051_posC_066_record_044_frame_00.png,C,44,0,0,0.76,0.51,0.66
FRS_setC_posA_076_posB_051_posC_066_record_044_frame_01.png,C,44,1,2,0.76,0.51,0.66
FRS_setC_posA_076_posB_051_posC_066_record_044_frame_02.png,C,44,2,4,0.76,0.51,0.66
FRS_setC_posA_076_posB_051_posC_066_record_044_frame_03.png,C,44,3,6,0.76,0.51,0.66
FRS_setC_posA_076_posB_051_posC_066_record_044_frame_04.png,C,44,4,8,0.76,0.51,0.66
FRS_setC_posA_076_posB_051_posC_066_record_044_frame_05.png,C,44,5,10,0.76,0.51,0.66
FRS_setC_posA_076_posB_051_posC_066_record_044_frame_06.png,C,44,6,12,0.76,0.51,0.66
FRS_setC_posA_076_posB_051_posC_066_record_044_frame_07.png,C,44,7,14,0.76,0.51,0.66
FRS_setC_posA_076_posB_051_posC_066_record_044_frame_08.png,C,44,8,16,0.76,0.51,0.66
FRS_setC_posA_076_posB_051_posC_066_record_044_frame_09.png,C,44,9,18,0.76,0.51,0.66
FRS_setC_posA_076_posB_051_posC_066_record_044_frame_10.png,C,44,10,20,0.76,0.51,0.66
FRS_setC_posA_076_posB_051_posC_066_record_044_frame_11.png,C,44,11,22,0.76,0.51,0.66
FRS_setC_posA_076_posB_051_posC_066_record_044_frame_12.png,C,44,12,24,0.76,0.51,0.66
FRS_setC_posA_076_posB_051_posC_066_record_044_frame_13.png,C,44,13,26,0.76,0.51,0.66
FRS_setC_posA_076_posB_051_posC_066_record_044_frame_14.png,C,44,14,28,0.76,0.51,0.66
FRS_setC_posA_076_posB_051_posC_066_record_044_frame_15.png,C,44,15,30,0.76,0.51,0.66
FRS_setC_posA_076_posB_051_posC_066_record_044_frame_16.png,C,44,16,32,0.76,0.51,0.66
FRS_setC_posA_076_posB_051_posC_066_record_044_frame_17.png,C,44,17,34,0.76,0.51,0.66
FRS_setC_posA_076_posB_051_posC_066_record_044_frame_18.png,C,44,18,36,0.76,0.51,0.66
FRS_setC_posA_076_posB_051_posC_066_record_044_frame_19.png,C,44,19,38,0.76,0.51,0.66
FRS_setC_posA_077_posB_052_posC_066_record_045_frame_00.png,C,45,0,0,0.77,0.52,0.66
FRS_setC_posA_077_posB_052_posC_066_record_045_frame_01.png,C,45,1,2,0.77,0.52,0.66
FRS_setC_posA_077_posB_052_posC_066_record_045_frame_02.png,C,45,2,4,0.77,0.52,0.66
FRS_setC_posA_077_posB_052_posC_066_record_045_frame_03.png,C,45,3,6,0.77,0.52,0.66
FRS_setC_posA_077_posB_052_posC_066_record_045_frame_04.png,C,45,4,8,0.77,0.52,0.66
FRS_setC_posA_077_posB_052_posC_066_record_045_frame_05.png,C,45,5,10,0.77,0.52,0.66
FRS_setC_posA_077_posB_052_posC_066_record_045_frame_06.png,C,45,6,12,0.77,0.52,0.66
FRS_setC_posA_077_posB_052_posC_066_record_045_frame_07.png,C,45,7,14,0.77,0.52,0.66
FRS_setC_posA_077_posB_052_posC_066_record_045_frame_08.png,C,45,8,16,0.77,0.52,0.66
FRS_setC_posA_077_posB_052_posC_066_record_045_frame_09.png,C,45,9,18,0.77,0.52,0.66
FRS_setC_posA_077_posB_052_posC_066_record_045_frame_10.png,C,45,10,20,0.77,0.52,0.66
FRS_setC_posA_077_posB_052_posC_066_record_045_frame_11.png,C,45,11,22,0.77,0.52,0.66
FRS_setC_posA_077_posB_052_posC_066_record_045_frame_12.png,C,45,12,24,0.77,0.52,0.66
FRS_setC_posA_077_posB_052_posC_066_record_045_frame_13.png,C,45,13,26,0.77,0.52,0.66
FRS_setC_posA_077_posB_052_posC_066_record_045_frame_14.png,C,45,14,28,0.77,0.52,0.66
FRS_setC_posA_077_posB_052_posC_066_record_045_frame_15.png,C,45,15,30,0.77,0.52,0.66
FRS_setC_posA_077_posB_052_posC_066_record_045_frame_16.png,C,45,16,32,0.77,0.52,0.66
FRS_setC_posA_077_posB_052_posC_066_record_045_frame_17.png,C,45,17,34,0.77,0.52,0.66
FRS_setC_posA_077_posB_052_posC_066_record_045_frame_18.png,C,45,18,36,0.77,0.52,0.66
FRS_setC_posA_077_posB_052_posC_066_record_045_frame_19.png,C,45,19,38,0.77,0.52,0.66
FRS_setC_posA_077_posB_052_posC_067_record_046_frame_00.png,C,46,0,0,0.77,0.52,0.67
FRS_setC_posA_077_posB_052_posC_067_record_046_frame_01.png,C,46,1,2,0.77,0.52,0.67
FRS_setC_posA_077_posB_052_posC_067_record_046_frame_02.png,C,46,2,4,0.77,0.52,0.67
FRS_setC_posA_077_posB_052_posC_067_record_046_frame_03.png,C,46,3,6,0.77,0.52,0.67
FRS_setC_posA_077_posB_052_posC_067_record_046_frame_04.png,C,46,4,8,0.77,0.52,0.67
FRS_setC_posA_077_posB_052_posC_067_record_046_frame_05.png,C,46,5,10,0.77,0.52,0.67
FRS_setC_posA_077_posB_052_posC_067_record_046_frame_06.png,C,46,6,12,0.77,0.52,0.67
FRS_setC_posA_077_posB_052_posC_067_record_046_frame_07.png,C,46,7,14,0.77,0.52,0.67
FRS_setC_posA_077_posB_052_posC_067_record_046_frame_08.png,C,46,8,16,0.77,0.52,0.67
FRS_setC_posA_077_posB_052_posC_067_record_046_frame_09.png,C,46,9,18,0.77,0.52,0.67
FRS_setC_posA_077_posB_052_posC_067_record_046_frame_10.png,C,46,10,20,0.77,0.52,0.67
FRS_setC_posA_077_posB_052_posC_067_record_046_frame_11.png,C,46,11,22,0.77,0.52,0.67
FRS_setC_posA_077_posB_052_posC_067_record_046_frame_12.png,C,46,12,24,0.77,0.52,0.67
FRS_setC_posA_077_posB_052_posC_067_record_046_frame_13.png,C,46,13,26,0.77,0.52,0.67
FRS_setC_posA_077_posB_052_posC_067_record_046_frame_14.png,C,46,14,28,0.77,0.52,0.67
FRS_setC_posA_077_posB_052_posC_067_record_046_frame_15.png,C,46,15,30,0.77,0.52,0.67
FRS_setC_posA_077_posB_052_posC_067_record_046_frame_16.png,C,46,16,32,0.77,0.52,0.67
FRS_setC_posA_077_posB_052_posC_067_record_046_frame_17.png,C,46,17,34,0.77,0.52,0.67
FRS_setC_posA_077_posB_052_posC_067_record_046_frame_18.png,C,46,18,36,0.77,0.52,0.67
FRS_setC_posA_077_posB_052_posC_067_record_046_frame_19.png,C,46,19,38,0.77,0.52,0.67
FRS_setC_posA_079_posB_052_posC_068_record_047_frame_00.png,C,47,0,0,0.79,0.52,0.68
FRS_setC_posA_079_posB_052_posC_068_record_047_frame_01.png,C,47,1,2,0.79,0.52,0.68
FRS_setC_posA_079_posB_052_posC_068_record_047_frame_02.png,C,47,2,4,0.79,0.52,0.68
FRS_setC_posA_079_posB_052_posC_068_record_047_frame_03.png,C,47,3,6,0.79,0.52,0.68
FRS_setC_posA_079_posB_052_posC_068_record_047_frame_04.png,C,47,4,8,0.79,0.52,0.68
FRS_setC_posA_079_posB_052_posC_068_record_047_frame_05.png,C,47,5,10,0.79,0.52,0.68
FRS_setC_posA_079_posB_052_posC_068_record_047_frame_06.png,C,47,6,12,0.79,0.52,0.68
FRS_setC_posA_079_posB_052_posC_068_record_047_frame_07.png,C,47,7,14,0.79,0.52,0.68
FRS_setC_posA_079_posB_052_posC_068_record_047_frame_08.png,C,47,8,16,0.79,0.52,0.68
FRS_setC_posA_079_posB_052_posC_068_record_047_frame_09.png,C,47,9,18,0.79,0.52,0.68
FRS_setC_posA_079_posB_052_posC_068_record_047_frame_10.png,C,47,10,20,0.79,0.52,0.68
FRS_setC_posA_079_posB_052_posC_068_record_047_frame_11.png,C,47,11,22,0.79,0.52,0.68
FRS_setC_posA_079_posB_052_posC_068_record_047_frame_12.png,C,47,12,24,0.79,0.52,0.68
FRS_setC_posA_079_posB_052_posC_068_record_047_frame_13.png,C,47,13,26,0.79,0.52,0.68
FRS_setC_posA_079_posB_052_posC_068_record_047_frame_14.png,C,47,14,28,0.79,0.52,0.68
FRS_setC_posA_079_posB_052_posC_068_record_047_frame_15.png,C,47,15,30,0.79,0.52,0.68
FRS_setC_posA_079_posB_052_posC_068_record_047_frame_16.png,C,47,16,32,0.79,0.52,0.68
FRS_setC_posA_079_posB_052_posC_068_record_047_frame_17.png,C,47,17,34,0.79,0.52,0.68
FRS_setC_posA_079_posB_052_posC_068_record_047_frame_18.png,C,47,18,36,0.79,0.52,0.68
FRS_setC_posA_079_posB_052_posC_068_record_047_frame_19.png,C,47,19,38,0.79,0.52,0.68
FRS_setC_posA_079_posB_053_posC_069_record_048_frame_00.png,C,48,0,0,0.79,0.53,0.69
FRS_setC_posA_079_posB_053_posC_069_record_048_frame_01.png,C,48,1,2,0.79,0.53,0.69
FRS_setC_posA_079_posB_053_posC_069_record_048_frame_02.png,C,48,2,4,0.79,0.53,0.69
FRS_setC_posA_079_posB_053_posC_069_record_048_frame_03.png,C,48,3,6,0.79,0.53,0.69
FRS_setC_posA_079_posB_053_posC_069_record_048_frame_04.png,C,48,4,8,0.79,0.53,0.69
FRS_setC_posA_079_posB_053_posC_069_record_048_frame_05.png,C,48,5,10,0.79,0.53,0.69
FRS_setC_posA_079_posB_053_posC_069_record_048_frame_06.png,C,48,6,12,0.79,0.53,0.69
FRS_setC_posA_079_posB_053_posC_069_record_048_frame_07.png,C,48,7,14,0.79,0.53,0.69
FRS_setC_posA_079_posB_053_posC_069_record_048_frame_08.png,C,48,8,16,0.79,0.53,0.69
FRS_setC_posA_079_posB_053_posC_069_record_048_frame_09.png,C,48,9,18,0.79,0.53,0.69
FRS_setC_posA_079_posB_053_posC_069_record_048_frame_10.png,C,48,10,20,0.79,0.53,0.69
FRS_setC_posA_079_posB_053_posC_069_record_048_frame_11.png,C,48,11,22,0.79,0.53,0.69
FRS_setC_posA_079_posB_053_posC_069_record_048_frame_12.png,C,48,12,24,0.79,0.53,0.69
FRS_setC_posA_079_posB_053_posC_069_record_048_frame_13.png,C,48,13,26,0.79,0.53,0.69
FRS_setC_posA_079_posB_053_posC_069_record_048_frame_14.png,C,48,14,28,0.79,0.53,0.69
FRS_setC_posA_079_posB_053_posC_069_record_048_frame_15.png,C,48,15,30,0.79,0.53,0.69
FRS_setC_posA_079_posB_053_posC_069_record_048_frame_16.png,C,48,16,32,0.79,0.53,0.69
FRS_setC_posA_079_posB_053_posC_069_record_048_frame_17.png,C,48,17,34,0.79,0.53,0.69
FRS_setC_posA_079_posB_053_posC_069_record_048_frame_18.png,C,48,18,36,0.79,0.53,0.69
FRS_setC_posA_079_posB_053_posC_069_record_048_frame_19.png,C,48,19,38,0.79,0.53,0.69
FRS_setC_posA_080_posB_054_posC_069_record_049_frame_00.png,C,49,0,0,0.8,0.54,0.69
FRS_setC_posA_080_posB_054_posC_069_record_049_frame_01.png,C,49,1,2,0.8,0.54,0.69
FRS_setC_posA_080_posB_054_posC_069_record_049_frame_02.png,C,49,2,4,0.8,0.54,0.69
FRS_setC_posA_080_posB_054_posC_069_record_049_frame_03.png,C,49,3,6,0.8,0.54,0.69
FRS_setC_posA_080_posB_054_posC_069_record_049_frame_04.png,C,49,4,8,0.8,0.54,0.69
FRS_setC_posA_080_posB_054_posC_069_record_049_frame_05.png,C,49,5,10,0.8,0.54,0.69
FRS_setC_posA_080_posB_054_posC_069_record_049_frame_06.png,C,49,6,12,0.8,0.54,0.69
FRS_setC_posA_080_posB_054_posC_069_record_049_frame_07.png,C,49,7,14,0.8,0.54,0.69
FRS_setC_posA_080_posB_054_posC_069_record_049_frame_08.png,C,49,8,16,0.8,0.54,0.69
FRS_setC_posA_080_posB_054_posC_069_record_049_frame_09.png,C,49,9,18,0.8,0.54,0.69
FRS_setC_posA_080_posB_054_posC_069_record_049_frame_10.png,C,49,10,20,0.8,0.54,0.69
FRS_setC_posA_080_posB_054_posC_069_record_049_frame_11.png,C,49,11,22,0.8,0.54,0.69
FRS_setC_posA_080_posB_054_posC_069_record_049_frame_12.png,C,49,12,24,0.8,0.54,0.69
FRS_setC_posA_080_posB_054_posC_069_record_049_frame_13.png,C,49,13,26,0.8,0.54,0.69
FRS_setC_posA_080_posB_054_posC_069_record_049_frame_14.png,C,49,14,28,0.8,0.54,0.69
FRS_setC_posA_080_posB_054_posC_069_record_049_frame_15.png,C,49,15,30,0.8,0.54,0.69
FRS_setC_posA_080_posB_054_posC_069_record_049_frame_16.png,C,49,16,32,0.8,0.54,0.69
FRS_setC_posA_080_posB_054_posC_069_record_049_frame_17.png,C,49,17,34,0.8,0.54,0.69
FRS_setC_posA_080_posB_054_posC_069_record_049_frame_18.png,C,49,18,36,0.8,0.54,0.69
FRS_setC_posA_080_posB_054_posC_069_record_049_frame_19.png,C,49,19,38,0.8,0.54,0.69
FRS_setC_posA_081_posB_055_posC_070_record_050_frame_00.png,C,50,0,0,0.81,0.55,0.7
FRS_setC_posA_081_posB_055_posC_070_record_050_frame_01.png,C,50,1,2,0.81,0.55,0.7
FRS_setC_posA_081_posB_055_posC_070_record_050_frame_02.png,C,50,2,4,0.81,0.55,0.7
FRS_setC_posA_081_posB_055_posC_070_record_050_frame_03.png,C,50,3,6,0.81,0.55,0.7
FRS_setC_posA_081_posB_055_posC_070_record_050_frame_04.png,C,50,4,8,0.81,0.55,0.7
FRS_setC_posA_081_posB_055_posC_070_record_050_frame_05.png,C,50,5,10,0.81,0.55,0.7
FRS_setC_posA_081_posB_055_posC_070_record_050_frame_06.png,C,50,6,12,0.81,0.55,0.7
FRS_setC_posA_081_posB_055_posC_070_record_050_frame_07.png,C,50,7,14,0.81,0.55,0.7
FRS_setC_posA_081_posB_055_posC_070_record_050_frame_08.png,C,50,8,16,0.81,0.55,0.7
FRS_setC_posA_081_posB_055_posC_070_record_050_frame_09.png,C,50,9,18,0.81,0.55,0.7
FRS_setC_posA_081_posB_055_posC_070_record_050_frame_10.png,C,50,10,20,0.81,0.55,0.7
FRS_setC_posA_081_posB_055_posC_070_record_050_frame_11.png,C,50,11,22,0.81,0.55,0.7
FRS_setC_posA_081_posB_055_posC_070_record_050_frame_12.png,C,50,12,24,0.81,0.55,0.7
FRS_setC_posA_081_posB_055_posC_070_record_050_frame_13.png,C,50,13,26,0.81,0.55,0.7
FRS_setC_posA_081_posB_055_posC_070_record_050_frame_14.png,C,50,14,28,0.81,0.55,0.7
FRS_setC_posA_081_posB_055_posC_070_record_050_frame_15.png,C,50,15,30,0.81,0.55,0.7
FRS_setC_posA_081_posB_055_posC_070_record_050_frame_16.png,C,50,16,32,0.81,0.55,0.7
FRS_setC_posA_081_posB_055_posC_070_record_050_frame_17.png,C,50,17,34,0.81,0.55,0.7
FRS_setC_posA_081_posB_055_posC_070_record_050_frame_18.png,C,50,18,36,0.81,0.55,0.7
FRS_setC_posA_081_posB_055_posC_070_record_050_frame_19.png,C,50,19,38,0.81,0.55,0.7
FRS_setC_posA_082_posB_056_posC_071_record_051_frame_00.png,C,51,0,0,0.82,0.56,0.71
FRS_setC_posA_082_posB_056_posC_071_record_051_frame_01.png,C,51,1,2,0.82,0.56,0.71
FRS_setC_posA_082_posB_056_posC_071_record_051_frame_02.png,C,51,2,4,0.82,0.56,0.71
FRS_setC_posA_082_posB_056_posC_071_record_051_frame_03.png,C,51,3,6,0.82,0.56,0.71
FRS_setC_posA_082_posB_056_posC_071_record_051_frame_04.png,C,51,4,8,0.82,0.56,0.71
FRS_setC_posA_082_posB_056_posC_071_record_051_frame_05.png,C,51,5,10,0.82,0.56,0.71
FRS_setC_posA_082_posB_056_posC_071_record_051_frame_06.png,C,51,6,12,0.82,0.56,0.71
FRS_setC_posA_082_posB_056_posC_071_record_051_frame_07.png,C,51,7,14,0.82,0.56,0.71
FRS_setC_posA_082_posB_056_posC_071_record_051_frame_08.png,C,51,8,16,0.82,0.56,0.71
FRS_setC_posA_082_posB_056_posC_071_record_051_frame_09.png,C,51,9,18,0.82,0.56,0.71
FRS_setC_posA_082_posB_056_posC_071_record_051_frame_10.png,C,51,10,20,0.82,0.56,0.71
FRS_setC_posA_082_posB_056_posC_071_record_051_frame_11.png,C,51,11,22,0.82,0.56,0.71
FRS_setC_posA_082_posB_056_posC_071_record_051_frame_12.png,C,51,12,24,0.82,0.56,0.71
FRS_setC_posA_082_posB_056_posC_071_record_051_frame_13.png,C,51,13,26,0.82,0.56,0.71
FRS_setC_posA_082_posB_056_posC_071_record_051_frame_14.png,C,51,14,28,0.82,0.56,0.71
FRS_setC_posA_082_posB_056_posC_071_record_051_frame_15.png,C,51,15,30,0.82,0.56,0.71
FRS_setC_posA_082_posB_056_posC_071_record_051_frame_16.png,C,51,16,32,0.82,0.56,0.71
FRS_setC_posA_082_posB_056_posC_071_record_051_frame_17.png,C,51,17,34,0.82,0.56,0.71
FRS_setC_posA_082_posB_056_posC_071_record_051_frame_18.png,C,51,18,36,0.82,0.56,0.71
FRS_setC_posA_082_posB_056_posC_071_record_051_frame_19.png,C,51,19,38,0.82,0.56,0.71
FRS_setC_posA_083_posB_056_posC_071_record_052_frame_00.png,C,52,0,0,0.83,0.56,0.71
FRS_setC_posA_083_posB_056_posC_071_record_052_frame_01.png,C,52,1,2,0.83,0.56,0.71
FRS_setC_posA_083_posB_056_posC_071_record_052_frame_02.png,C,52,2,4,0.83,0.56,0.71
FRS_setC_posA_083_posB_056_posC_071_record_052_frame_03.png,C,52,3,6,0.83,0.56,0.71
FRS_setC_posA_083_posB_056_posC_071_record_052_frame_04.png,C,52,4,8,0.83,0.56,0.71
FRS_setC_posA_083_posB_056_posC_071_record_052_frame_05.png,C,52,5,10,0.83,0.56,0.71
FRS_setC_posA_083_posB_056_posC_071_record_052_frame_06.png,C,52,6,12,0.83,0.56,0.71
FRS_setC_posA_083_posB_056_posC_071_record_052_frame_07.png,C,52,7,14,0.83,0.56,0.71
FRS_setC_posA_083_posB_056_posC_071_record_052_frame_08.png,C,52,8,16,0.83,0.56,0.71
FRS_setC_posA_083_posB_056_posC_071_record_052_frame_09.png,C,52,9,18,0.83,0.56,0.71
FRS_setC_posA_083_posB_056_posC_071_record_052_frame_10.png,C,52,10,20,0.83,0.56,0.71
FRS_setC_posA_083_posB_056_posC_071_record_052_frame_11.png,C,52,11,22,0.83,0.56,0.71
FRS_setC_posA_083_posB_056_posC_071_record_052_frame_12.png,C,52,12,24,0.83,0.56,0.71
FRS_setC_posA_083_posB_056_posC_071_record_052_frame_13.png,C,52,13,26,0.83,0.56,0.71
FRS_setC_posA_083_posB_056_posC_071_record_052_frame_14.png,C,52,14,28,0.83,0.56,0.71
FRS_setC_posA_083_posB_056_posC_071_record_052_frame_15.png,C,52,15,30,0.83,0.56,0.71
FRS_setC_posA_083_posB_056_posC_071_record_052_frame_16.png,C,52,16,32,0.83,0.56,0.71
FRS_setC_posA_083_posB_056_posC_071_record_052_frame_17.png,C,52,17,34,0.83,0.56,0.71
FRS_setC_posA_083_posB_056_posC_071_record_052_frame_18.png,C,52,18,36,0.83,0.56,0.71
FRS_setC_posA_083_posB_056_posC_071_record_052_frame_19.png,C,52,19,38,0.83,0.56,0.71
FRS_setC_posA_084_posB_056_posC_071_record_053_frame_00.png,C,53,0,0,0.84,0.56,0.71
FRS_setC_posA_084_posB_056_posC_071_record_053_frame_01.png,C,53,1,2,0.84,0.56,0.71
FRS_setC_posA_084_posB_056_posC_071_record_053_frame_02.png,C,53,2,4,0.84,0.56,0.71
FRS_setC_posA_084_posB_056_posC_071_record_053_frame_03.png,C,53,3,6,0.84,0.56,0.71
FRS_setC_posA_084_posB_056_posC_071_record_053_frame_04.png,C,53,4,8,0.84,0.56,0.71
FRS_setC_posA_084_posB_056_posC_071_record_053_frame_05.png,C,53,5,10,0.84,0.56,0.71
FRS_setC_posA_084_posB_056_posC_071_record_053_frame_06.png,C,53,6,12,0.84,0.56,0.71
FRS_setC_posA_084_posB_056_posC_071_record_053_frame_07.png,C,53,7,14,0.84,0.56,0.71
FRS_setC_posA_084_posB_056_posC_071_record_053_frame_08.png,C,53,8,16,0.84,0.56,0.71
FRS_setC_posA_084_posB_056_posC_071_record_053_frame_09.png,C,53,9,18,0.84,0.56,0.71
FRS_setC_posA_084_posB_056_posC_071_record_053_frame_10.png,C,53,10,20,0.84,0.56,0.71
FRS_setC_posA_084_posB_056_posC_071_record_053_frame_11.png,C,53,11,22,0.84,0.56,0.71
FRS_setC_posA_084_posB_056_posC_071_record_053_frame_12.png,C,53,12,24,0.84,0.56,0.71
FRS_setC_posA_084_posB_056_posC_071_record_053_frame_13.png,C,53,13,26,0.84,0.56,0.71
FRS_setC_posA_084_posB_056_posC_071_record_053_frame_14.png,C,53,14,28,0.84,0.56,0.71
FRS_setC_posA_084_posB_056_posC_071_record_053_frame_15.png,C,53,15,30,0.84,0.56,0.71
FRS_setC_posA_084_posB_056_posC_071_record_053_frame_16.png,C,53,16,32,0.84,0.56,0.71
FRS_setC_posA_084_posB_056_posC_071_record_053_frame_17.png,C,53,17,34,0.84,0.56,0.71
FRS_setC_posA_084_posB_056_posC_071_record_053_frame_18.png,C,53,18,36,0.84,0.56,0.71
FRS_setC_posA_084_posB_056_posC_071_record_053_frame_19.png,C,53,19,38,0.84,0.56,0.71
FRS_setC_posA_084_posB_057_posC_072_record_054_frame_00.png,C,54,0,0,0.84,0.57,0.72
FRS_setC_posA_084_posB_057_posC_072_record_054_frame_01.png,C,54,1,2,0.84,0.57,0.72
FRS_setC_posA_084_posB_057_posC_072_record_054_frame_02.png,C,54,2,4,0.84,0.57,0.72
FRS_setC_posA_084_posB_057_posC_072_record_054_frame_03.png,C,54,3,6,0.84,0.57,0.72
FRS_setC_posA_084_posB_057_posC_072_record_054_frame_04.png,C,54,4,8,0.84,0.57,0.72
FRS_setC_posA_084_posB_057_posC_072_record_054_frame_05.png,C,54,5,10,0.84,0.57,0.72
FRS_setC_posA_084_posB_057_posC_072_record_054_frame_06.png,C,54,6,12,0.84,0.57,0.72
FRS_setC_posA_084_posB_057_posC_072_record_054_frame_07.png,C,54,7,14,0.84,0.57,0.72
FRS_setC_posA_084_posB_057_posC_072_record_054_frame_08.png,C,54,8,16,0.84,0.57,0.72
FRS_setC_posA_084_posB_057_posC_072_record_054_frame_09.png,C,54,9,18,0.84,0.57,0.72
FRS_setC_posA_084_posB_057_posC_072_record_054_frame_10.png,C,54,10,20,0.84,0.57,0.72
FRS_setC_posA_084_posB_057_posC_072_record_054_frame_11.png,C,54,11,22,0.84,0.57,0.72
FRS_setC_posA_084_posB_057_posC_072_record_054_frame_12.png,C,54,12,24,0.84,0.57,0.72
FRS_setC_posA_084_posB_057_posC_072_record_054_frame_13.png,C,54,13,26,0.84,0.57,0.72
FRS_setC_posA_084_posB_057_posC_072_record_054_frame_14.png,C,54,14,28,0.84,0.57,0.72
FRS_setC_posA_084_posB_057_posC_072_record_054_frame_15.png,C,54,15,30,0.84,0.57,0.72
FRS_setC_posA_084_posB_057_posC_072_record_054_frame_16.png,C,54,16,32,0.84,0.57,0.72
FRS_setC_posA_084_posB_057_posC_072_record_054_frame_17.png,C,54,17,34,0.84,0.57,0.72
FRS_setC_posA_084_posB_057_posC_072_record_054_frame_18.png,C,54,18,36,0.84,0.57,0.72
FRS_setC_posA_084_posB_057_posC_072_record_054_frame_19.png,C,54,19,38,0.84,0.57,0.72
FRS_setC_posA_085_posB_057_posC_073_record_055_frame_00.png,C,55,0,0,0.85,0.57,0.73
FRS_setC_posA_085_posB_057_posC_073_record_055_frame_01.png,C,55,1,2,0.85,0.57,0.73
FRS_setC_posA_085_posB_057_posC_073_record_055_frame_02.png,C,55,2,4,0.85,0.57,0.73
FRS_setC_posA_085_posB_057_posC_073_record_055_frame_03.png,C,55,3,6,0.85,0.57,0.73
FRS_setC_posA_085_posB_057_posC_073_record_055_frame_04.png,C,55,4,8,0.85,0.57,0.73
FRS_setC_posA_085_posB_057_posC_073_record_055_frame_05.png,C,55,5,10,0.85,0.57,0.73
FRS_setC_posA_085_posB_057_posC_073_record_055_frame_06.png,C,55,6,12,0.85,0.57,0.73
FRS_setC_posA_085_posB_057_posC_073_record_055_frame_07.png,C,55,7,14,0.85,0.57,0.73
FRS_setC_posA_085_posB_057_posC_073_record_055_frame_08.png,C,55,8,16,0.85,0.57,0.73
FRS_setC_posA_085_posB_057_posC_073_record_055_frame_09.png,C,55,9,18,0.85,0.57,0.73
FRS_setC_posA_085_posB_057_posC_073_record_055_frame_10.png,C,55,10,20,0.85,0.57,0.73
FRS_setC_posA_085_posB_057_posC_073_record_055_frame_11.png,C,55,11,22,0.85,0.57,0.73
FRS_setC_posA_085_posB_057_posC_073_record_055_frame_12.png,C,55,12,24,0.85,0.57,0.73
FRS_setC_posA_085_posB_057_posC_073_record_055_frame_13.png,C,55,13,26,0.85,0.57,0.73
FRS_setC_posA_085_posB_057_posC_073_record_055_frame_14.png,C,55,14,28,0.85,0.57,0.73
FRS_setC_posA_085_posB_057_posC_073_record_055_frame_15.png,C,55,15,30,0.85,0.57,0.73
FRS_setC_posA_085_posB_057_posC_073_record_055_frame_16.png,C,55,16,32,0.85,0.57,0.73
FRS_setC_posA_085_posB_057_posC_073_record_055_frame_17.png,C,55,17,34,0.85,0.57,0.73
FRS_setC_posA_085_posB_057_posC_073_record_055_frame_18.png,C,55,18,36,0.85,0.57,0.73
FRS_setC_posA_085_posB_057_posC_073_record_055_frame_19.png,C,55,19,38,0.85,0.57,0.73
FRS_setC_posA_085_posB_058_posC_074_record_056_frame_00.png,C,56,0,0,0.85,0.58,0.74
FRS_setC_posA_085_posB_058_posC_074_record_056_frame_01.png,C,56,1,2,0.85,0.58,0.74
FRS_setC_posA_085_posB_058_posC_074_record_056_frame_02.png,C,56,2,4,0.85,0.58,0.74
FRS_setC_posA_085_posB_058_posC_074_record_056_frame_03.png,C,56,3,6,0.85,0.58,0.74
FRS_setC_posA_085_posB_058_posC_074_record_056_frame_04.png,C,56,4,8,0.85,0.58,0.74
FRS_setC_posA_085_posB_058_posC_074_record_056_frame_05.png,C,56,5,10,0.85,0.58,0.74
FRS_setC_posA_085_posB_058_posC_074_record_056_frame_06.png,C,56,6,12,0.85,0.58,0.74
FRS_setC_posA_085_posB_058_posC_074_record_056_frame_07.png,C,56,7,14,0.85,0.58,0.74
FRS_setC_posA_085_posB_058_posC_074_record_056_frame_08.png,C,56,8,16,0.85,0.58,0.74
FRS_setC_posA_085_posB_058_posC_074_record_056_frame_09.png,C,56,9,18,0.85,0.58,0.74
FRS_setC_posA_085_posB_058_posC_074_record_056_frame_10.png,C,56,10,20,0.85,0.58,0.74
FRS_setC_posA_085_posB_058_posC_074_record_056_frame_11.png,C,56,11,22,0.85,0.58,0.74
FRS_setC_posA_085_posB_058_posC_074_record_056_frame_12.png,C,56,12,24,0.85,0.58,0.74
FRS_setC_posA_085_posB_058_posC_074_record_056_frame_13.png,C,56,13,26,0.85,0.58,0.74
FRS_setC_posA_085_posB_058_posC_074_record_056_frame_14.png,C,56,14,28,0.85,0.58,0.74
FRS_setC_posA_085_posB_058_posC_074_record_056_frame_15.png,C,56,15,30,0.85,0.58,0.74
FRS_setC_posA_085_posB_058_posC_074_record_056_frame_16.png,C,56,16,32,0.85,0.58,0.74
FRS_setC_posA_085_posB_058_posC_074_record_056_frame_17.png,C,56,17,34,0.85,0.58,0.74
FRS_setC_posA_085_posB_058_posC_074_record_056_frame_18.png,C,56,18,36,0.85,0.58,0.74
FRS_setC_posA_085_posB_058_posC_074_record_056_frame_19.png,C,56,19,38,0.85,0.58,0.74
FRS_setC_posA_086_posB_058_posC_074_record_057_frame_00.png,C,57,0,0,0.86,0.58,0.74
FRS_setC_posA_086_posB_058_posC_074_record_057_frame_01.png,C,57,1,2,0.86,0.58,0.74
FRS_setC_posA_086_posB_058_posC_074_record_057_frame_02.png,C,57,2,4,0.86,0.58,0.74
FRS_setC_posA_086_posB_058_posC_074_record_057_frame_03.png,C,57,3,6,0.86,0.58,0.74
FRS_setC_posA_086_posB_058_posC_074_record_057_frame_04.png,C,57,4,8,0.86,0.58,0.74
FRS_setC_posA_086_posB_058_posC_074_record_057_frame_05.png,C,57,5,10,0.86,0.58,0.74
FRS_setC_posA_086_posB_058_posC_074_record_057_frame_06.png,C,57,6,12,0.86,0.58,0.74
FRS_setC_posA_086_posB_058_posC_074_record_057_frame_07.png,C,57,7,14,0.86,0.58,0.74
FRS_setC_posA_086_posB_058_posC_074_record_057_frame_08.png,C,57,8,16,0.86,0.58,0.74
FRS_setC_posA_086_posB_058_posC_074_record_057_frame_09.png,C,57,9,18,0.86,0.58,0.74
FRS_setC_posA_086_posB_058_posC_074_record_057_frame_10.png,C,57,10,20,0.86,0.58,0.74
FRS_setC_posA_086_posB_058_posC_074_record_057_frame_11.png,C,57,11,22,0.86,0.58,0.74
FRS_setC_posA_086_posB_058_posC_074_record_057_frame_12.png,C,57,12,24,0.86,0.58,0.74
FRS_setC_posA_086_posB_058_posC_074_record_057_frame_13.png,C,57,13,26,0.86,0.58,0.74
FRS_setC_posA_086_posB_058_posC_074_record_057_frame_14.png,C,57,14,28,0.86,0.58,0.74
FRS_setC_posA_086_posB_058_posC_074_record_057_frame_15.png,C,57,15,30,0.86,0.58,0.74
FRS_setC_posA_086_posB_058_posC_074_record_057_frame_16.png,C,57,16,32,0.86,0.58,0.74
FRS_setC_posA_086_posB_058_posC_074_record_057_frame_17.png,C,57,17,34,0.86,0.58,0.74
FRS_setC_posA_086_posB_058_posC_074_record_057_frame_18.png,C,57,18,36,0.86,0.58,0.74
FRS_setC_posA_086_posB_058_posC_074_record_057_frame_19.png,C,57,19,38,0.86,0.58,0.74
FRS_setC_posA_087_posB_058_posC_074_record_058_frame_00.png,C,58,0,0,0.87,0.58,0.74
FRS_setC_posA_087_posB_058_posC_074_record_058_frame_01.png,C,58,1,2,0.87,0.58,0.74
FRS_setC_posA_087_posB_058_posC_074_record_058_frame_02.png,C,58,2,4,0.87,0.58,0.74
FRS_setC_posA_087_posB_058_posC_074_record_058_frame_03.png,C,58,3,6,0.87,0.58,0.74
FRS_setC_posA_087_posB_058_posC_074_record_058_frame_04.png,C,58,4,8,0.87,0.58,0.74
FRS_setC_posA_087_posB_058_posC_074_record_058_frame_05.png,C,58,5,10,0.87,0.58,0.74
FRS_setC_posA_087_posB_058_posC_074_record_058_frame_06.png,C,58,6,12,0.87,0.58,0.74
FRS_setC_posA_087_posB_058_posC_074_record_058_frame_07.png,C,58,7,14,0.87,0.58,0.74
FRS_setC_posA_087_posB_058_posC_074_record_058_frame_08.png,C,58,8,16,0.87,0.58,0.74
FRS_setC_posA_087_posB_058_posC_074_record_058_frame_09.png,C,58,9,18,0.87,0.58,0.74
FRS_setC_posA_087_posB_058_posC_074_record_058_frame_10.png,C,58,10,20,0.87,0.58,0.74
FRS_setC_posA_087_posB_058_posC_074_record_058_frame_11.png,C,58,11,22,0.87,0.58,0.74
FRS_setC_posA_087_posB_058_posC_074_record_058_frame_12.png,C,58,12,24,0.87,0.58,0.74
FRS_setC_posA_087_posB_058_posC_074_record_058_frame_13.png,C,58,13,26,0.87,0.58,0.74
FRS_setC_posA_087_posB_058_posC_074_record_058_frame_14.png,C,58,14,28,0.87,0.58,0.74
FRS_setC_posA_087_posB_058_posC_074_record_058_frame_15.png,C,58,15,30,0.87,0.58,0.74
FRS_setC_posA_087_posB_058_posC_074_record_058_frame_16.png,C,58,16,32,0.87,0.58,0.74
FRS_setC_posA_087_posB_058_posC_074_record_058_frame_17.png,C,58,17,34,0.87,0.58,0.74
FRS_setC_posA_087_posB_058_posC_074_record_058_frame_18.png,C,58,18,36,0.87,0.58,0.74
FRS_setC_posA_087_posB_058_posC_074_record_058_frame_19.png,C,58,19,38,0.87,0.58,0.74
FRS_setC_posA_088_posB_059_posC_075_record_059_frame_00.png,C,59,0,0,0.88,0.59,0.75
FRS_setC_posA_088_posB_059_posC_075_record_059_frame_01.png,C,59,1,2,0.88,0.59,0.75
FRS_setC_posA_088_posB_059_posC_075_record_059_frame_02.png,C,59,2,4,0.88,0.59,0.75
FRS_setC_posA_088_posB_059_posC_075_record_059_frame_03.png,C,59,3,6,0.88,0.59,0.75
FRS_setC_posA_088_posB_059_posC_075_record_059_frame_04.png,C,59,4,8,0.88,0.59,0.75
FRS_setC_posA_088_posB_059_posC_075_record_059_frame_05.png,C,59,5,10,0.88,0.59,0.75
FRS_setC_posA_088_posB_059_posC_075_record_059_frame_06.png,C,59,6,12,0.88,0.59,0.75
FRS_setC_posA_088_posB_059_posC_075_record_059_frame_07.png,C,59,7,14,0.88,0.59,0.75
FRS_setC_posA_088_posB_059_posC_075_record_059_frame_08.png,C,59,8,16,0.88,0.59,0.75
FRS_setC_posA_088_posB_059_posC_075_record_059_frame_09.png,C,59,9,18,0.88,0.59,0.75
FRS_setC_posA_088_posB_059_posC_075_record_059_frame_10.png,C,59,10,20,0.88,0.59,0.75
FRS_setC_posA_088_posB_059_posC_075_record_059_frame_11.png,C,59,11,22,0.88,0.59,0.75
FRS_setC_posA_088_posB_059_posC_075_record_059_frame_12.png,C,59,12,24,0.88,0.59,0.75
FRS_setC_posA_088_posB_059_posC_075_record_059_frame_13.png,C,59,13,26,0.88,0.59,0.75
FRS_setC_posA_088_posB_059_posC_075_record_059_frame_14.png,C,59,14,28,0.88,0.59,0.75
FRS_setC_posA_088_posB_059_posC_075_record_059_frame_15.png,C,59,15,30,0.88,0.59,0.75
FRS_setC_posA_088_posB_059_posC_075_record_059_frame_16.png,C,59,16,32,0.88,0.59,0.75
FRS_setC_posA_088_posB_059_posC_075_record_059_frame_17.png,C,59,17,34,0.88,0.59,0.75
FRS_setC_posA_088_posB_059_posC_075_record_059_frame_18.png,C,59,18,36,0.88,0.59,0.75
FRS_setC_posA_088_posB_059_posC_075_record_059_frame_19.png,C,59,19,38,0.88,0.59,0.75
FRS_setC_posA_089_posB_061_posC_076_record_060_frame_00.png,C,60,0,0,0.89,0.61,0.76
FRS_setC_posA_089_posB_061_posC_076_record_060_frame_01.png,C,60,1,2,0.89,0.61,0.76
FRS_setC_posA_089_posB_061_posC_076_record_060_frame_02.png,C,60,2,4,0.89,0.61,0.76
FRS_setC_posA_089_posB_061_posC_076_record_060_frame_03.png,C,60,3,6,0.89,0.61,0.76
FRS_setC_posA_089_posB_061_posC_076_record_060_frame_04.png,C,60,4,8,0.89,0.61,0.76
FRS_setC_posA_089_posB_061_posC_076_record_060_frame_05.png,C,60,5,10,0.89,0.61,0.76
FRS_setC_posA_089_posB_061_posC_076_record_060_frame_06.png,C,60,6,12,0.89,0.61,0.76
FRS_setC_posA_089_posB_061_posC_076_record_060_frame_07.png,C,60,7,14,0.89,0.61,0.76
FRS_setC_posA_089_posB_061_posC_076_record_060_frame_08.png,C,60,8,16,0.89,0.61,0.76
FRS_setC_posA_089_posB_061_posC_076_record_060_frame_09.png,C,60,9,18,0.89,0.61,0.76
FRS_setC_posA_089_posB_061_posC_076_record_060_frame_10.png,C,60,10,20,0.89,0.61,0.76
FRS_setC_posA_089_posB_061_posC_076_record_060_frame_11.png,C,60,11,22,0.89,0.61,0.76
FRS_setC_posA_089_posB_061_posC_076_record_060_frame_12.png,C,60,12,24,0.89,0.61,0.76
FRS_setC_posA_089_posB_061_posC_076_record_060_frame_13.png,C,60,13,26,0.89,0.61,0.76
FRS_setC_posA_089_posB_061_posC_076_record_060_frame_14.png,C,60,14,28,0.89,0.61,0.76
FRS_setC_posA_089_posB_061_posC_076_record_060_frame_15.png,C,60,15,30,0.89,0.61,0.76
FRS_setC_posA_089_posB_061_posC_076_record_060_frame_16.png,C,60,16,32,0.89,0.61,0.76
FRS_setC_posA_089_posB_061_posC_076_record_060_frame_17.png,C,60,17,34,0.89,0.61,0.76
FRS_setC_posA_089_posB_061_posC_076_record_060_frame_18.png,C,60,18,36,0.89,0.61,0.76
FRS_setC_posA_089_posB_061_posC_076_record_060_frame_19.png,C,60,19,38,0.89,0.61,0.76
FRS_setC_posA_090_posB_061_posC_077_record_061_frame_00.png,C,61,0,0,0.9,0.61,0.77
FRS_setC_posA_090_posB_061_posC_077_record_061_frame_01.png,C,61,1,2,0.9,0.61,0.77
FRS_setC_posA_090_posB_061_posC_077_record_061_frame_02.png,C,61,2,4,0.9,0.61,0.77
FRS_setC_posA_090_posB_061_posC_077_record_061_frame_03.png,C,61,3,6,0.9,0.61,0.77
FRS_setC_posA_090_posB_061_posC_077_record_061_frame_04.png,C,61,4,8,0.9,0.61,0.77
FRS_setC_posA_090_posB_061_posC_077_record_061_frame_05.png,C,61,5,10,0.9,0.61,0.77
FRS_setC_posA_090_posB_061_posC_077_record_061_frame_06.png,C,61,6,12,0.9,0.61,0.77
FRS_setC_posA_090_posB_061_posC_077_record_061_frame_07.png,C,61,7,14,0.9,0.61,0.77
FRS_setC_posA_090_posB_061_posC_077_record_061_frame_08.png,C,61,8,16,0.9,0.61,0.77
FRS_setC_posA_090_posB_061_posC_077_record_061_frame_09.png,C,61,9,18,0.9,0.61,0.77
FRS_setC_posA_090_posB_061_posC_077_record_061_frame_10.png,C,61,10,20,0.9,0.61,0.77
FRS_setC_posA_090_posB_061_posC_077_record_061_frame_11.png,C,61,11,22,0.9,0.61,0.77
FRS_setC_posA_090_posB_061_posC_077_record_061_frame_12.png,C,61,12,24,0.9,0.61,0.77
FRS_setC_posA_090_posB_061_posC_077_record_061_frame_13.png,C,61,13,26,0.9,0.61,0.77
FRS_setC_posA_090_posB_061_posC_077_record_061_frame_14.png,C,61,14,28,0.9,0.61,0.77
FRS_setC_posA_090_posB_061_posC_077_record_061_frame_15.png,C,61,15,30,0.9,0.61,0.77
FRS_setC_posA_090_posB_061_posC_077_record_061_frame_16.png,C,61,16,32,0.9,0.61,0.77
FRS_setC_posA_090_posB_061_posC_077_record_061_frame_17.png,C,61,17,34,0.9,0.61,0.77
FRS_setC_posA_090_posB_061_posC_077_record_061_frame_18.png,C,61,18,36,0.9,0.61,0.77
FRS_setC_posA_090_posB_061_posC_077_record_061_frame_19.png,C,61,19,38,0.9,0.61,0.77
FRS_setC_posA_091_posB_062_posC_078_record_062_frame_00.png,C,62,0,0,0.91,0.62,0.78
FRS_setC_posA_091_posB_062_posC_078_record_062_frame_01.png,C,62,1,2,0.91,0.62,0.78
FRS_setC_posA_091_posB_062_posC_078_record_062_frame_02.png,C,62,2,4,0.91,0.62,0.78
FRS_setC_posA_091_posB_062_posC_078_record_062_frame_03.png,C,62,3,6,0.91,0.62,0.78
FRS_setC_posA_091_posB_062_posC_078_record_062_frame_04.png,C,62,4,8,0.91,0.62,0.78
FRS_setC_posA_091_posB_062_posC_078_record_062_frame_05.png,C,62,5,10,0.91,0.62,0.78
FRS_setC_posA_091_posB_062_posC_078_record_062_frame_06.png,C,62,6,12,0.91,0.62,0.78
FRS_setC_posA_091_posB_062_posC_078_record_062_frame_07.png,C,62,7,14,0.91,0.62,0.78
FRS_setC_posA_091_posB_062_posC_078_record_062_frame_08.png,C,62,8,16,0.91,0.62,0.78
FRS_setC_posA_091_posB_062_posC_078_record_062_frame_09.png,C,62,9,18,0.91,0.62,0.78
FRS_setC_posA_091_posB_062_posC_078_record_062_frame_10.png,C,62,10,20,0.91,0.62,0.78
FRS_setC_posA_091_posB_062_posC_078_record_062_frame_11.png,C,62,11,22,0.91,0.62,0.78
FRS_setC_posA_091_posB_062_posC_078_record_062_frame_12.png,C,62,12,24,0.91,0.62,0.78
FRS_setC_posA_091_posB_062_posC_078_record_062_frame_13.png,C,62,13,26,0.91,0.62,0.78
FRS_setC_posA_091_posB_062_posC_078_record_062_frame_14.png,C,62,14,28,0.91,0.62,0.78
FRS_setC_posA_091_posB_062_posC_078_record_062_frame_15.png,C,62,15,30,0.91,0.62,0.78
FRS_setC_posA_091_posB_062_posC_078_record_062_frame_16.png,C,62,16,32,0.91,0.62,0.78
FRS_setC_posA_091_posB_062_posC_078_record_062_frame_17.png,C,62,17,34,0.91,0.62,0.78
FRS_setC_posA_091_posB_062_posC_078_record_062_frame_18.png,C,62,18,36,0.91,0.62,0.78
FRS_setC_posA_091_posB_062_posC_078_record_062_frame_19.png,C,62,19,38,0.91,0.62,0.78
FRS_setC_posA_092_posB_062_posC_078_record_063_frame_00.png,C,63,0,0,0.92,0.62,0.78
FRS_setC_posA_092_posB_062_posC_078_record_063_frame_01.png,C,63,1,2,0.92,0.62,0.78
FRS_setC_posA_092_posB_062_posC_078_record_063_frame_02.png,C,63,2,4,0.92,0.62,0.78
FRS_setC_posA_092_posB_062_posC_078_record_063_frame_03.png,C,63,3,6,0.92,0.62,0.78
FRS_setC_posA_092_posB_062_posC_078_record_063_frame_04.png,C,63,4,8,0.92,0.62,0.78
FRS_setC_posA_092_posB_062_posC_078_record_063_frame_05.png,C,63,5,10,0.92,0.62,0.78
FRS_setC_posA_092_posB_062_posC_078_record_063_frame_06.png,C,63,6,12,0.92,0.62,0.78
FRS_setC_posA_092_posB_062_posC_078_record_063_frame_07.png,C,63,7,14,0.92,0.62,0.78
FRS_setC_posA_092_posB_062_posC_078_record_063_frame_08.png,C,63,8,16,0.92,0.62,0.78
FRS_setC_posA_092_posB_062_posC_078_record_063_frame_09.png,C,63,9,18,0.92,0.62,0.78
FRS_setC_posA_092_posB_062_posC_078_record_063_frame_10.png,C,63,10,20,0.92,0.62,0.78
FRS_setC_posA_092_posB_062_posC_078_record_063_frame_11.png,C,63,11,22,0.92,0.62,0.78
FRS_setC_posA_092_posB_062_posC_078_record_063_frame_12.png,C,63,12,24,0.92,0.62,0.78
FRS_setC_posA_092_posB_062_posC_078_record_063_frame_13.png,C,63,13,26,0.92,0.62,0.78
FRS_setC_posA_092_posB_062_posC_078_record_063_frame_14.png,C,63,14,28,0.92,0.62,0.78
FRS_setC_posA_092_posB_062_posC_078_record_063_frame_15.png,C,63,15,30,0.92,0.62,0.78
FRS_setC_posA_092_posB_062_posC_078_record_063_frame_16.png,C,63,16,32,0.92,0.62,0.78
FRS_setC_posA_092_posB_062_posC_078_record_063_frame_17.png,C,63,17,34,0.92,0.62,0.78
FRS_setC_posA_092_posB_062_posC_078_record_063_frame_18.png,C,63,18,36,0.92,0.62,0.78
FRS_setC_posA_092_posB_062_posC_078_record_063_frame_19.png,C,63,19,38,0.92,0.62,0.78
FRS_setC_posA_093_posB_062_posC_078_record_064_frame_00.png,C,64,0,0,0.93,0.62,0.78
FRS_setC_posA_093_posB_062_posC_078_record_064_frame_01.png,C,64,1,2,0.93,0.62,0.78
FRS_setC_posA_093_posB_062_posC_078_record_064_frame_02.png,C,64,2,4,0.93,0.62,0.78
FRS_setC_posA_093_posB_062_posC_078_record_064_frame_03.png,C,64,3,6,0.93,0.62,0.78
FRS_setC_posA_093_posB_062_posC_078_record_064_frame_04.png,C,64,4,8,0.93,0.62,0.78
FRS_setC_posA_093_posB_062_posC_078_record_064_frame_05.png,C,64,5,10,0.93,0.62,0.78
FRS_setC_posA_093_posB_062_posC_078_record_064_frame_06.png,C,64,6,12,0.93,0.62,0.78
FRS_setC_posA_093_posB_062_posC_078_record_064_frame_07.png,C,64,7,14,0.93,0.62,0.78
FRS_setC_posA_093_posB_062_posC_078_record_064_frame_08.png,C,64,8,16,0.93,0.62,0.78
FRS_setC_posA_093_posB_062_posC_078_record_064_frame_09.png,C,64,9,18,0.93,0.62,0.78
FRS_setC_posA_093_posB_062_posC_078_record_064_frame_10.png,C,64,10,20,0.93,0.62,0.78
FRS_setC_posA_093_posB_062_posC_078_record_064_frame_11.png,C,64,11,22,0.93,0.62,0.78
FRS_setC_posA_093_posB_062_posC_078_record_064_frame_12.png,C,64,12,24,0.93,0.62,0.78
FRS_setC_posA_093_posB_062_posC_078_record_064_frame_13.png,C,64,13,26,0.93,0.62,0.78
FRS_setC_posA_093_posB_062_posC_078_record_064_frame_14.png,C,64,14,28,0.93,0.62,0.78
FRS_setC_posA_093_posB_062_posC_078_record_064_frame_15.png,C,64,15,30,0.93,0.62,0.78
FRS_setC_posA_093_posB_062_posC_078_record_064_frame_16.png,C,64,16,32,0.93,0.62,0.78
FRS_setC_posA_093_posB_062_posC_078_record_064_frame_17.png,C,64,17,34,0.93,0.62,0.78
FRS_setC_posA_093_posB_062_posC_078_record_064_frame_18.png,C,64,18,36,0.93,0.62,0.78
FRS_setC_posA_093_posB_062_posC_078_record_064_frame_19.png,C,64,19,38,0.93,0.62,0.78
FRS_setC_posA_093_posB_063_posC_079_record_065_frame_00.png,C,65,0,0,0.93,0.63,0.79
FRS_setC_posA_093_posB_063_posC_079_record_065_frame_01.png,C,65,1,2,0.93,0.63,0.79
FRS_setC_posA_093_posB_063_posC_079_record_065_frame_02.png,C,65,2,4,0.93,0.63,0.79
FRS_setC_posA_093_posB_063_posC_079_record_065_frame_03.png,C,65,3,6,0.93,0.63,0.79
FRS_setC_posA_093_posB_063_posC_079_record_065_frame_04.png,C,65,4,8,0.93,0.63,0.79
FRS_setC_posA_093_posB_063_posC_079_record_065_frame_05.png,C,65,5,10,0.93,0.63,0.79
FRS_setC_posA_093_posB_063_posC_079_record_065_frame_06.png,C,65,6,12,0.93,0.63,0.79
FRS_setC_posA_093_posB_063_posC_079_record_065_frame_07.png,C,65,7,14,0.93,0.63,0.79
FRS_setC_posA_093_posB_063_posC_079_record_065_frame_08.png,C,65,8,16,0.93,0.63,0.79
FRS_setC_posA_093_posB_063_posC_079_record_065_frame_09.png,C,65,9,18,0.93,0.63,0.79
FRS_setC_posA_093_posB_063_posC_079_record_065_frame_10.png,C,65,10,20,0.93,0.63,0.79
FRS_setC_posA_093_posB_063_posC_079_record_065_frame_11.png,C,65,11,22,0.93,0.63,0.79
FRS_setC_posA_093_posB_063_posC_079_record_065_frame_12.png,C,65,12,24,0.93,0.63,0.79
FRS_setC_posA_093_posB_063_posC_079_record_065_frame_13.png,C,65,13,26,0.93,0.63,0.79
FRS_setC_posA_093_posB_063_posC_079_record_065_frame_14.png,C,65,14,28,0.93,0.63,0.79
FRS_setC_posA_093_posB_063_posC_079_record_065_frame_15.png,C,65,15,30,0.93,0.63,0.79
FRS_setC_posA_093_posB_063_posC_079_record_065_frame_16.png,C,65,16,32,0.93,0.63,0.79
FRS_setC_posA_093_posB_063_posC_079_record_065_frame_17.png,C,65,17,34,0.93,0.63,0.79
FRS_setC_posA_093_posB_063_posC_079_record_065_frame_18.png,C,65,18,36,0.93,0.63,0.79
FRS_setC_posA_093_posB_063_posC_079_record_065_frame_19.png,C,65,19,38,0.93,0.63,0.79
FRS_setC_posA_094_posB_064_posC_080_record_066_frame_00.png,C,66,0,0,0.94,0.64,0.8
FRS_setC_posA_094_posB_064_posC_080_record_066_frame_01.png,C,66,1,2,0.94,0.64,0.8
FRS_setC_posA_094_posB_064_posC_080_record_066_frame_02.png,C,66,2,4,0.94,0.64,0.8
FRS_setC_posA_094_posB_064_posC_080_record_066_frame_03.png,C,66,3,6,0.94,0.64,0.8
FRS_setC_posA_094_posB_064_posC_080_record_066_frame_04.png,C,66,4,8,0.94,0.64,0.8
FRS_setC_posA_094_posB_064_posC_080_record_066_frame_05.png,C,66,5,10,0.94,0.64,0.8
FRS_setC_posA_094_posB_064_posC_080_record_066_frame_06.png,C,66,6,12,0.94,0.64,0.8
FRS_setC_posA_094_posB_064_posC_080_record_066_frame_07.png,C,66,7,14,0.94,0.64,0.8
FRS_setC_posA_094_posB_064_posC_080_record_066_frame_08.png,C,66,8,16,0.94,0.64,0.8
FRS_setC_posA_094_posB_064_posC_080_record_066_frame_09.png,C,66,9,18,0.94,0.64,0.8
FRS_setC_posA_094_posB_064_posC_080_record_066_frame_10.png,C,66,10,20,0.94,0.64,0.8
FRS_setC_posA_094_posB_064_posC_080_record_066_frame_11.png,C,66,11,22,0.94,0.64,0.8
FRS_setC_posA_094_posB_064_posC_080_record_066_frame_12.png,C,66,12,24,0.94,0.64,0.8
FRS_setC_posA_094_posB_064_posC_080_record_066_frame_13.png,C,66,13,26,0.94,0.64,0.8
FRS_setC_posA_094_posB_064_posC_080_record_066_frame_14.png,C,66,14,28,0.94,0.64,0.8
FRS_setC_posA_094_posB_064_posC_080_record_066_frame_15.png,C,66,15,30,0.94,0.64,0.8
FRS_setC_posA_094_posB_064_posC_080_record_066_frame_16.png,C,66,16,32,0.94,0.64,0.8
FRS_setC_posA_094_posB_064_posC_080_record_066_frame_17.png,C,66,17,34,0.94,0.64,0.8
FRS_setC_posA_094_posB_064_posC_080_record_066_frame_18.png,C,66,18,36,0.94,0.64,0.8
FRS_setC_posA_094_posB_064_posC_080_record_066_frame_19.png,C,66,19,38,0.94,0.64,0.8
FRS_setC_posA_095_posB_064_posC_081_record_067_frame_00.png,C,67,0,0,0.95,0.64,0.81
FRS_setC_posA_095_posB_064_posC_081_record_067_frame_01.png,C,67,1,2,0.95,0.64,0.81
FRS_setC_posA_095_posB_064_posC_081_record_067_frame_02.png,C,67,2,4,0.95,0.64,0.81
FRS_setC_posA_095_posB_064_posC_081_record_067_frame_03.png,C,67,3,6,0.95,0.64,0.81
FRS_setC_posA_095_posB_064_posC_081_record_067_frame_04.png,C,67,4,8,0.95,0.64,0.81
FRS_setC_posA_095_posB_064_posC_081_record_067_frame_05.png,C,67,5,10,0.95,0.64,0.81
FRS_setC_posA_095_posB_064_posC_081_record_067_frame_06.png,C,67,6,12,0.95,0.64,0.81
FRS_setC_posA_095_posB_064_posC_081_record_067_frame_07.png,C,67,7,14,0.95,0.64,0.81
FRS_setC_posA_095_posB_064_posC_081_record_067_frame_08.png,C,67,8,16,0.95,0.64,0.81
FRS_setC_posA_095_posB_064_posC_081_record_067_frame_09.png,C,67,9,18,0.95,0.64,0.81
FRS_setC_posA_095_posB_064_posC_081_record_067_frame_10.png,C,67,10,20,0.95,0.64,0.81
FRS_setC_posA_095_posB_064_posC_081_record_067_frame_11.png,C,67,11,22,0.95,0.64,0.81
FRS_setC_posA_095_posB_064_posC_081_record_067_frame_12.png,C,67,12,24,0.95,0.64,0.81
FRS_setC_posA_095_posB_064_posC_081_record_067_frame_13.png,C,67,13,26,0.95,0.64,0.81
FRS_setC_posA_095_posB_064_posC_081_record_067_frame_14.png,C,67,14,28,0.95,0.64,0.81
FRS_setC_posA_095_posB_064_posC_081_record_067_frame_15.png,C,67,15,30,0.95,0.64,0.81
FRS_setC_posA_095_posB_064_posC_081_record_067_frame_16.png,C,67,16,32,0.95,0.64,0.81
FRS_setC_posA_095_posB_064_posC_081_record_067_frame_17.png,C,67,17,34,0.95,0.64,0.81
FRS_setC_posA_095_posB_064_posC_081_record_067_frame_18.png,C,67,18,36,0.95,0.64,0.81
FRS_setC_posA_095_posB_064_posC_081_record_067_frame_19.png,C,67,19,38,0.95,0.64,0.81
FRS_setC_posA_096_posB_065_posC_081_record_068_frame_00.png,C,68,0,0,0.96,0.65,0.81
FRS_setC_posA_096_posB_065_posC_081_record_068_frame_01.png,C,68,1,2,0.96,0.65,0.81
FRS_setC_posA_096_posB_065_posC_081_record_068_frame_02.png,C,68,2,4,0.96,0.65,0.81
FRS_setC_posA_096_posB_065_posC_081_record_068_frame_03.png,C,68,3,6,0.96,0.65,0.81
FRS_setC_posA_096_posB_065_posC_081_record_068_frame_04.png,C,68,4,8,0.96,0.65,0.81
FRS_setC_posA_096_posB_065_posC_081_record_068_frame_05.png,C,68,5,10,0.96,0.65,0.81
FRS_setC_posA_096_posB_065_posC_081_record_068_frame_06.png,C,68,6,12,0.96,0.65,0.81
FRS_setC_posA_096_posB_065_posC_081_record_068_frame_07.png,C,68,7,14,0.96,0.65,0.81
FRS_setC_posA_096_posB_065_posC_081_record_068_frame_08.png,C,68,8,16,0.96,0.65,0.81
FRS_setC_posA_096_posB_065_posC_081_record_068_frame_09.png,C,68,9,18,0.96,0.65,0.81
FRS_setC_posA_096_posB_065_posC_081_record_068_frame_10.png,C,68,10,20,0.96,0.65,0.81
FRS_setC_posA_096_posB_065_posC_081_record_068_frame_11.png,C,68,11,22,0.96,0.65,0.81
FRS_setC_posA_096_posB_065_posC_081_record_068_frame_12.png,C,68,12,24,0.96,0.65,0.81
FRS_setC_posA_096_posB_065_posC_081_record_068_frame_13.png,C,68,13,26,0.96,0.65,0.81
FRS_setC_posA_096_posB_065_posC_081_record_068_frame_14.png,C,68,14,28,0.96,0.65,0.81
FRS_setC_posA_096_posB_065_posC_081_record_068_frame_15.png,C,68,15,30,0.96,0.65,0.81
FRS_setC_posA_096_posB_065_posC_081_record_068_frame_16.png,C,68,16,32,0.96,0.65,0.81
FRS_setC_posA_096_posB_065_posC_081_record_068_frame_17.png,C,68,17,34,0.96,0.65,0.81
FRS_setC_posA_096_posB_065_posC_081_record_068_frame_18.png,C,68,18,36,0.96,0.65,0.81
FRS_setC_posA_096_posB_065_posC_081_record_068_frame_19.png,C,68,19,38,0.96,0.65,0.81
FRS_setC_posA_097_posB_065_posC_081_record_069_frame_00.png,C,69,0,0,0.97,0.65,0.81
FRS_setC_posA_097_posB_065_posC_081_record_069_frame_01.png,C,69,1,2,0.97,0.65,0.81
FRS_setC_posA_097_posB_065_posC_081_record_069_frame_02.png,C,69,2,4,0.97,0.65,0.81
FRS_setC_posA_097_posB_065_posC_081_record_069_frame_03.png,C,69,3,6,0.97,0.65,0.81
FRS_setC_posA_097_posB_065_posC_081_record_069_frame_04.png,C,69,4,8,0.97,0.65,0.81
FRS_setC_posA_097_posB_065_posC_081_record_069_frame_05.png,C,69,5,10,0.97,0.65,0.81
FRS_setC_posA_097_posB_065_posC_081_record_069_frame_06.png,C,69,6,12,0.97,0.65,0.81
FRS_setC_posA_097_posB_065_posC_081_record_069_frame_07.png,C,69,7,14,0.97,0.65,0.81
FRS_setC_posA_097_posB_065_posC_081_record_069_frame_08.png,C,69,8,16,0.97,0.65,0.81
FRS_setC_posA_097_posB_065_posC_081_record_069_frame_09.png,C,69,9,18,0.97,0.65,0.81
FRS_setC_posA_097_posB_065_posC_081_record_069_frame_10.png,C,69,10,20,0.97,0.65,0.81
FRS_setC_posA_097_posB_065_posC_081_record_069_frame_11.png,C,69,11,22,0.97,0.65,0.81
FRS_setC_posA_097_posB_065_posC_081_record_069_frame_12.png,C,69,12,24,0.97,0.65,0.81
FRS_setC_posA_097_posB_065_posC_081_record_069_frame_13.png,C,69,13,26,0.97,0.65,0.81
FRS_setC_posA_097_posB_065_posC_081_record_069_frame_14.png,C,69,14,28,0.97,0.65,0.81
FRS_setC_posA_097_posB_065_posC_081_record_069_frame_15.png,C,69,15,30,0.97,0.65,0.81
FRS_setC_posA_097_posB_065_posC_081_record_069_frame_16.png,C,69,16,32,0.97,0.65,0.81
FRS_setC_posA_097_posB_065_posC_081_record_069_frame_17.png,C,69,17,34,0.97,0.65,0.81
FRS_setC_posA_097_posB_065_posC_081_record_069_frame_18.png,C,69,18,36,0.97,0.65,0.81
FRS_setC_posA_097_posB_065_posC_081_record_069_frame_19.png,C,69,19,38,0.97,0.65,0.81
FRS_setC_posA_098_posB_067_posC_083_record_070_frame_00.png,C,70,0,0,0.98,0.67,0.83
FRS_setC_posA_098_posB_067_posC_083_record_070_frame_01.png,C,70,1,2,0.98,0.67,0.83
FRS_setC_posA_098_posB_067_posC_083_record_070_frame_02.png,C,70,2,4,0.98,0.67,0.83
FRS_setC_posA_098_posB_067_posC_083_record_070_frame_03.png,C,70,3,6,0.98,0.67,0.83
FRS_setC_posA_098_posB_067_posC_083_record_070_frame_04.png,C,70,4,8,0.98,0.67,0.83
FRS_setC_posA_098_posB_067_posC_083_record_070_frame_05.png,C,70,5,10,0.98,0.67,0.83
FRS_setC_posA_098_posB_067_posC_083_record_070_frame_06.png,C,70,6,12,0.98,0.67,0.83
FRS_setC_posA_098_posB_067_posC_083_record_070_frame_07.png,C,70,7,14,0.98,0.67,0.83
FRS_setC_posA_098_posB_067_posC_083_record_070_frame_08.png,C,70,8,16,0.98,0.67,0.83
FRS_setC_posA_098_posB_067_posC_083_record_070_frame_09.png,C,70,9,18,0.98,0.67,0.83
FRS_setC_posA_098_posB_067_posC_083_record_070_frame_10.png,C,70,10,20,0.98,0.67,0.83
FRS_setC_posA_098_posB_067_posC_083_record_070_frame_11.png,C,70,11,22,0.98,0.67,0.83
FRS_setC_posA_098_posB_067_posC_083_record_070_frame_12.png,C,70,12,24,0.98,0.67,0.83
FRS_setC_posA_098_posB_067_posC_083_record_070_frame_13.png,C,70,13,26,0.98,0.67,0.83
FRS_setC_posA_098_posB_067_posC_083_record_070_frame_14.png,C,70,14,28,0.98,0.67,0.83
FRS_setC_posA_098_posB_067_posC_083_record_070_frame_15.png,C,70,15,30,0.98,0.67,0.83
FRS_setC_posA_098_posB_067_posC_083_record_070_frame_16.png,C,70,16,32,0.98,0.67,0.83
FRS_setC_posA_098_posB_067_posC_083_record_070_frame_17.png,C,70,17,34,0.98,0.67,0.83
FRS_setC_posA_098_posB_067_posC_083_record_070_frame_18.png,C,70,18,36,0.98,0.67,0.83
FRS_setC_posA_098_posB_067_posC_083_record_070_frame_19.png,C,70,19,38,0.98,0.67,0.83
FRS_setC_posA_099_posB_068_posC_084_record_071_frame_00.png,C,71,0,0,0.99,0.68,0.84
FRS_setC_posA_099_posB_068_posC_084_record_071_frame_01.png,C,71,1,2,0.99,0.68,0.84
FRS_setC_posA_099_posB_068_posC_084_record_071_frame_02.png,C,71,2,4,0.99,0.68,0.84
FRS_setC_posA_099_posB_068_posC_084_record_071_frame_03.png,C,71,3,6,0.99,0.68,0.84
FRS_setC_posA_099_posB_068_posC_084_record_071_frame_04.png,C,71,4,8,0.99,0.68,0.84
FRS_setC_posA_099_posB_068_posC_084_record_071_frame_05.png,C,71,5,10,0.99,0.68,0.84
FRS_setC_posA_099_posB_068_posC_084_record_071_frame_06.png,C,71,6,12,0.99,0.68,0.84
FRS_setC_posA_099_posB_068_posC_084_record_071_frame_07.png,C,71,7,14,0.99,0.68,0.84
FRS_setC_posA_099_posB_068_posC_084_record_071_frame_08.png,C,71,8,16,0.99,0.68,0.84
FRS_setC_posA_099_posB_068_posC_084_record_071_frame_09.png,C,71,9,18,0.99,0.68,0.84
FRS_setC_posA_099_posB_068_posC_084_record_071_frame_10.png,C,71,10,20,0.99,0.68,0.84
FRS_setC_posA_099_posB_068_posC_084_record_071_frame_11.png,C,71,11,22,0.99,0.68,0.84
FRS_setC_posA_099_posB_068_posC_084_record_071_frame_12.png,C,71,12,24,0.99,0.68,0.84
FRS_setC_posA_099_posB_068_posC_084_record_071_frame_13.png,C,71,13,26,0.99,0.68,0.84
FRS_setC_posA_099_posB_068_posC_084_record_071_frame_14.png,C,71,14,28,0.99,0.68,0.84
FRS_setC_posA_099_posB_068_posC_084_record_071_frame_15.png,C,71,15,30,0.99,0.68,0.84
FRS_setC_posA_099_posB_068_posC_084_record_071_frame_16.png,C,71,16,32,0.99,0.68,0.84
FRS_setC_posA_099_posB_068_posC_084_record_071_frame_17.png,C,71,17,34,0.99,0.68,0.84
FRS_setC_posA_099_posB_068_posC_084_record_071_frame_18.png,C,71,18,36,0.99,0.68,0.84
FRS_setC_posA_099_posB_068_posC_084_record_071_frame_19.png,C,71,19,38,0.99,0.68,0.84
FRS_setC_posA_100_posB_068_posC_085_record_072_frame_00.png,C,72,0,0,1,0.68,0.85
FRS_setC_posA_100_posB_068_posC_085_record_072_frame_01.png,C,72,1,2,1,0.68,0.85
FRS_setC_posA_100_posB_068_posC_085_record_072_frame_02.png,C,72,2,4,1,0.68,0.85
FRS_setC_posA_100_posB_068_posC_085_record_072_frame_03.png,C,72,3,6,1,0.68,0.85
FRS_setC_posA_100_posB_068_posC_085_record_072_frame_04.png,C,72,4,8,1,0.68,0.85
FRS_setC_posA_100_posB_068_posC_085_record_072_frame_05.png,C,72,5,10,1,0.68,0.85
FRS_setC_posA_100_posB_068_posC_085_record_072_frame_06.png,C,72,6,12,1,0.68,0.85
FRS_setC_posA_100_posB_068_posC_085_record_072_frame_07.png,C,72,7,14,1,0.68,0.85
FRS_setC_posA_100_posB_068_posC_085_record_072_frame_08.png,C,72,8,16,1,0.68,0.85
FRS_setC_posA_100_posB_068_posC_085_record_072_frame_09.png,C,72,9,18,1,0.68,0.85
FRS_setC_posA_100_posB_068_posC_085_record_072_frame_10.png,C,72,10,20,1,0.68,0.85
FRS_setC_posA_100_posB_068_posC_085_record_072_frame_11.png,C,72,11,22,1,0.68,0.85
FRS_setC_posA_100_posB_068_posC_085_record_072_frame_12.png,C,72,12,24,1,0.68,0.85
FRS_setC_posA_100_posB_068_posC_085_record_072_frame_13.png,C,72,13,26,1,0.68,0.85
FRS_setC_posA_100_posB_068_posC_085_record_072_frame_14.png,C,72,14,28,1,0.68,0.85
FRS_setC_posA_100_posB_068_posC_085_record_072_frame_15.png,C,72,15,30,1,0.68,0.85
FRS_setC_posA_100_posB_068_posC_085_record_072_frame_16.png,C,72,16,32,1,0.68,0.85
FRS_setC_posA_100_posB_068_posC_085_record_072_frame_17.png,C,72,17,34,1,0.68,0.85
FRS_setC_posA_100_posB_068_posC_085_record_072_frame_18.png,C,72,18,36,1,0.68,0.85
FRS_setC_posA_100_posB_068_posC_085_record_072_frame_19.png,C,72,19,38,1,0.68,0.85
FRS_setC_posA_101_posB_068_posC_085_record_073_frame_00.png,C,73,0,0,1.01,0.68,0.85
FRS_setC_posA_101_posB_068_posC_085_record_073_frame_01.png,C,73,1,2,1.01,0.68,0.85
FRS_setC_posA_101_posB_068_posC_085_record_073_frame_02.png,C,73,2,4,1.01,0.68,0.85
FRS_setC_posA_101_posB_068_posC_085_record_073_frame_03.png,C,73,3,6,1.01,0.68,0.85
FRS_setC_posA_101_posB_068_posC_085_record_073_frame_04.png,C,73,4,8,1.01,0.68,0.85
FRS_setC_posA_101_posB_068_posC_085_record_073_frame_05.png,C,73,5,10,1.01,0.68,0.85
FRS_setC_posA_101_posB_068_posC_085_record_073_frame_06.png,C,73,6,12,1.01,0.68,0.85
FRS_setC_posA_101_posB_068_posC_085_record_073_frame_07.png,C,73,7,14,1.01,0.68,0.85
FRS_setC_posA_101_posB_068_posC_085_record_073_frame_08.png,C,73,8,16,1.01,0.68,0.85
FRS_setC_posA_101_posB_068_posC_085_record_073_frame_09.png,C,73,9,18,1.01,0.68,0.85
FRS_setC_posA_101_posB_068_posC_085_record_073_frame_10.png,C,73,10,20,1.01,0.68,0.85
FRS_setC_posA_101_posB_068_posC_085_record_073_frame_11.png,C,73,11,22,1.01,0.68,0.85
FRS_setC_posA_101_posB_068_posC_085_record_073_frame_12.png,C,73,12,24,1.01,0.68,0.85
FRS_setC_posA_101_posB_068_posC_085_record_073_frame_13.png,C,73,13,26,1.01,0.68,0.85
FRS_setC_posA_101_posB_068_posC_085_record_073_frame_14.png,C,73,14,28,1.01,0.68,0.85
FRS_setC_posA_101_posB_068_posC_085_record_073_frame_15.png,C,73,15,30,1.01,0.68,0.85
FRS_setC_posA_101_posB_068_posC_085_record_073_frame_16.png,C,73,16,32,1.01,0.68,0.85
FRS_setC_posA_101_posB_068_posC_085_record_073_frame_17.png,C,73,17,34,1.01,0.68,0.85
FRS_setC_posA_101_posB_068_posC_085_record_073_frame_18.png,C,73,18,36,1.01,0.68,0.85
FRS_setC_posA_101_posB_068_posC_085_record_073_frame_19.png,C,73,19,38,1.01,0.68,0.85
FRS_setC_posA_102_posB_069_posC_087_record_074_frame_00.png,C,74,0,0,1.02,0.69,0.87
FRS_setC_posA_102_posB_069_posC_087_record_074_frame_01.png,C,74,1,2,1.02,0.69,0.87
FRS_setC_posA_102_posB_069_posC_087_record_074_frame_02.png,C,74,2,4,1.02,0.69,0.87
FRS_setC_posA_102_posB_069_posC_087_record_074_frame_03.png,C,74,3,6,1.02,0.69,0.87
FRS_setC_posA_102_posB_069_posC_087_record_074_frame_04.png,C,74,4,8,1.02,0.69,0.87
FRS_setC_posA_102_posB_069_posC_087_record_074_frame_05.png,C,74,5,10,1.02,0.69,0.87
FRS_setC_posA_102_posB_069_posC_087_record_074_frame_06.png,C,74,6,12,1.02,0.69,0.87
FRS_setC_posA_102_posB_069_posC_087_record_074_frame_07.png,C,74,7,14,1.02,0.69,0.87
FRS_setC_posA_102_posB_069_posC_087_record_074_frame_08.png,C,74,8,16,1.02,0.69,0.87
FRS_setC_posA_102_posB_069_posC_087_record_074_frame_09.png,C,74,9,18,1.02,0.69,0.87
FRS_setC_posA_102_posB_069_posC_087_record_074_frame_10.png,C,74,10,20,1.02,0.69,0.87
FRS_setC_posA_102_posB_069_posC_087_record_074_frame_11.png,C,74,11,22,1.02,0.69,0.87
FRS_setC_posA_102_posB_069_posC_087_record_074_frame_12.png,C,74,12,24,1.02,0.69,0.87
FRS_setC_posA_102_posB_069_posC_087_record_074_frame_13.png,C,74,13,26,1.02,0.69,0.87
FRS_setC_posA_102_posB_069_posC_087_record_074_frame_14.png,C,74,14,28,1.02,0.69,0.87
FRS_setC_posA_102_posB_069_posC_087_record_074_frame_15.png,C,74,15,30,1.02,0.69,0.87
FRS_setC_posA_102_posB_069_posC_087_record_074_frame_16.png,C,74,16,32,1.02,0.69,0.87
FRS_setC_posA_102_posB_069_posC_087_record_074_frame_17.png,C,74,17,34,1.02,0.69,0.87
FRS_setC_posA_102_posB_069_posC_087_record_074_frame_18.png,C,74,18,36,1.02,0.69,0.87
FRS_setC_posA_102_posB_069_posC_087_record_074_frame_19.png,C,74,19,38,1.02,0.69,0.87
FRS_setC_posA_103_posB_069_posC_086_record_075_frame_00.png,C,75,0,0,1.03,0.69,0.86
FRS_setC_posA_103_posB_069_posC_086_record_075_frame_01.png,C,75,1,2,1.03,0.69,0.86
FRS_setC_posA_103_posB_069_posC_086_record_075_frame_02.png,C,75,2,4,1.03,0.69,0.86
FRS_setC_posA_103_posB_069_posC_086_record_075_frame_03.png,C,75,3,6,1.03,0.69,0.86
FRS_setC_posA_103_posB_069_posC_086_record_075_frame_04.png,C,75,4,8,1.03,0.69,0.86
FRS_setC_posA_103_posB_069_posC_086_record_075_frame_05.png,C,75,5,10,1.03,0.69,0.86
FRS_setC_posA_103_posB_069_posC_086_record_075_frame_06.png,C,75,6,12,1.03,0.69,0.86
FRS_setC_posA_103_posB_069_posC_086_record_075_frame_07.png,C,75,7,14,1.03,0.69,0.86
FRS_setC_posA_103_posB_069_posC_086_record_075_frame_08.png,C,75,8,16,1.03,0.69,0.86
FRS_setC_posA_103_posB_069_posC_086_record_075_frame_09.png,C,75,9,18,1.03,0.69,0.86
FRS_setC_posA_103_posB_069_posC_086_record_075_frame_10.png,C,75,10,20,1.03,0.69,0.86
FRS_setC_posA_103_posB_069_posC_086_record_075_frame_11.png,C,75,11,22,1.03,0.69,0.86
FRS_setC_posA_103_posB_069_posC_086_record_075_frame_12.png,C,75,12,24,1.03,0.69,0.86
FRS_setC_posA_103_posB_069_posC_086_record_075_frame_13.png,C,75,13,26,1.03,0.69,0.86
FRS_setC_posA_103_posB_069_posC_086_record_075_frame_14.png,C,75,14,28,1.03,0.69,0.86
FRS_setC_posA_103_posB_069_posC_086_record_075_frame_15.png,C,75,15,30,1.03,0.69,0.86
FRS_setC_posA_103_posB_069_posC_086_record_075_frame_16.png,C,75,16,32,1.03,0.69,0.86
FRS_setC_posA_103_posB_069_posC_086_record_075_frame_17.png,C,75,17,34,1.03,0.69,0.86
FRS_setC_posA_103_posB_069_posC_086_record_075_frame_18.png,C,75,18,36,1.03,0.69,0.86
FRS_setC_posA_103_posB_069_posC_086_record_075_frame_19.png,C,75,19,38,1.03,0.69,0.86
FRS_setC_posA_103_posB_070_posC_088_record_076_frame_00.png,C,76,0,0,1.03,0.7,0.88
FRS_setC_posA_103_posB_070_posC_088_record_076_frame_01.png,C,76,1,2,1.03,0.7,0.88
FRS_setC_posA_103_posB_070_posC_088_record_076_frame_02.png,C,76,2,4,1.03,0.7,0.88
FRS_setC_posA_103_posB_070_posC_088_record_076_frame_03.png,C,76,3,6,1.03,0.7,0.88
FRS_setC_posA_103_posB_070_posC_088_record_076_frame_04.png,C,76,4,8,1.03,0.7,0.88
FRS_setC_posA_103_posB_070_posC_088_record_076_frame_05.png,C,76,5,10,1.03,0.7,0.88
FRS_setC_posA_103_posB_070_posC_088_record_076_frame_06.png,C,76,6,12,1.03,0.7,0.88
FRS_setC_posA_103_posB_070_posC_088_record_076_frame_07.png,C,76,7,14,1.03,0.7,0.88
FRS_setC_posA_103_posB_070_posC_088_record_076_frame_08.png,C,76,8,16,1.03,0.7,0.88
FRS_setC_posA_103_posB_070_posC_088_record_076_frame_09.png,C,76,9,18,1.03,0.7,0.88
FRS_setC_posA_103_posB_070_posC_088_record_076_frame_10.png,C,76,10,20,1.03,0.7,0.88
FRS_setC_posA_103_posB_070_posC_088_record_076_frame_11.png,C,76,11,22,1.03,0.7,0.88
FRS_setC_posA_103_posB_070_posC_088_record_076_frame_12.png,C,76,12,24,1.03,0.7,0.88
FRS_setC_posA_103_posB_070_posC_088_record_076_frame_13.png,C,76,13,26,1.03,0.7,0.88
FRS_setC_posA_103_posB_070_posC_088_record_076_frame_14.png,C,76,14,28,1.03,0.7,0.88
FRS_setC_posA_103_posB_070_posC_088_record_076_frame_15.png,C,76,15,30,1.03,0.7,0.88
FRS_setC_posA_103_posB_070_posC_088_record_076_frame_16.png,C,76,16,32,1.03,0.7,0.88
FRS_setC_posA_103_posB_070_posC_088_record_076_frame_17.png,C,76,17,34,1.03,0.7,0.88
FRS_setC_posA_103_posB_070_posC_088_record_076_frame_18.png,C,76,18,36,1.03,0.7,0.88
FRS_setC_posA_103_posB_070_posC_088_record_076_frame_19.png,C,76,19,38,1.03,0.7,0.88
FRS_setC_posA_104_posB_070_posC_088_record_077_frame_00.png,C,77,0,0,1.04,0.7,0.88
FRS_setC_posA_104_posB_070_posC_088_record_077_frame_01.png,C,77,1,2,1.04,0.7,0.88
FRS_setC_posA_104_posB_070_posC_088_record_077_frame_02.png,C,77,2,4,1.04,0.7,0.88
FRS_setC_posA_104_posB_070_posC_088_record_077_frame_03.png,C,77,3,6,1.04,0.7,0.88
FRS_setC_posA_104_posB_070_posC_088_record_077_frame_04.png,C,77,4,8,1.04,0.7,0.88
FRS_setC_posA_104_posB_070_posC_088_record_077_frame_05.png,C,77,5,10,1.04,0.7,0.88
FRS_setC_posA_104_posB_070_posC_088_record_077_frame_06.png,C,77,6,12,1.04,0.7,0.88
FRS_setC_posA_104_posB_070_posC_088_record_077_frame_07.png,C,77,7,14,1.04,0.7,0.88
FRS_setC_posA_104_posB_070_posC_088_record_077_frame_08.png,C,77,8,16,1.04,0.7,0.88
FRS_setC_posA_104_posB_070_posC_088_record_077_frame_09.png,C,77,9,18,1.04,0.7,0.88
FRS_setC_posA_104_posB_070_posC_088_record_077_frame_10.png,C,77,10,20,1.04,0.7,0.88
FRS_setC_posA_104_posB_070_posC_088_record_077_frame_11.png,C,77,11,22,1.04,0.7,0.88
FRS_setC_posA_104_posB_070_posC_088_record_077_frame_12.png,C,77,12,24,1.04,0.7,0.88
FRS_setC_posA_104_posB_070_posC_088_record_077_frame_13.png,C,77,13,26,1.04,0.7,0.88
FRS_setC_posA_104_posB_070_posC_088_record_077_frame_14.png,C,77,14,28,1.04,0.7,0.88
FRS_setC_posA_104_posB_070_posC_088_record_077_frame_15.png,C,77,15,30,1.04,0.7,0.88
FRS_setC_posA_104_posB_070_posC_088_record_077_frame_16.png,C,77,16,32,1.04,0.7,0.88
FRS_setC_posA_104_posB_070_posC_088_record_077_frame_17.png,C,77,17,34,1.04,0.7,0.88
FRS_setC_posA_104_posB_070_posC_088_record_077_frame_18.png,C,77,18,36,1.04,0.7,0.88
FRS_setC_posA_104_posB_070_posC_088_record_077_frame_19.png,C,77,19,38,1.04,0.7,0.88
FRS_setC_posA_105_posB_071_posC_089_record_078_frame_00.png,C,78,0,0,1.05,0.71,0.89
FRS_setC_posA_105_posB_071_posC_089_record_078_frame_01.png,C,78,1,2,1.05,0.71,0.89
FRS_setC_posA_105_posB_071_posC_089_record_078_frame_02.png,C,78,2,4,1.05,0.71,0.89
FRS_setC_posA_105_posB_071_posC_089_record_078_frame_03.png,C,78,3,6,1.05,0.71,0.89
FRS_setC_posA_105_posB_071_posC_089_record_078_frame_04.png,C,78,4,8,1.05,0.71,0.89
FRS_setC_posA_105_posB_071_posC_089_record_078_frame_05.png,C,78,5,10,1.05,0.71,0.89
FRS_setC_posA_105_posB_071_posC_089_record_078_frame_06.png,C,78,6,12,1.05,0.71,0.89
FRS_setC_posA_105_posB_071_posC_089_record_078_frame_07.png,C,78,7,14,1.05,0.71,0.89
FRS_setC_posA_105_posB_071_posC_089_record_078_frame_08.png,C,78,8,16,1.05,0.71,0.89
FRS_setC_posA_105_posB_071_posC_089_record_078_frame_09.png,C,78,9,18,1.05,0.71,0.89
FRS_setC_posA_105_posB_071_posC_089_record_078_frame_10.png,C,78,10,20,1.05,0.71,0.89
FRS_setC_posA_105_posB_071_posC_089_record_078_frame_11.png,C,78,11,22,1.05,0.71,0.89
FRS_setC_posA_105_posB_071_posC_089_record_078_frame_12.png,C,78,12,24,1.05,0.71,0.89
FRS_setC_posA_105_posB_071_posC_089_record_078_frame_13.png,C,78,13,26,1.05,0.71,0.89
FRS_setC_posA_105_posB_071_posC_089_record_078_frame_14.png,C,78,14,28,1.05,0.71,0.89
FRS_setC_posA_105_posB_071_posC_089_record_078_frame_15.png,C,78,15,30,1.05,0.71,0.89
FRS_setC_posA_105_posB_071_posC_089_record_078_frame_16.png,C,78,16,32,1.05,0.71,0.89
FRS_setC_posA_105_posB_071_posC_089_record_078_frame_17.png,C,78,17,34,1.05,0.71,0.89
FRS_setC_posA_105_posB_071_posC_089_record_078_frame_18.png,C,78,18,36,1.05,0.71,0.89
FRS_setC_posA_105_posB_071_posC_089_record_078_frame_19.png,C,78,19,38,1.05,0.71,0.89
FRS_setC_posA_106_posB_071_posC_089_record_079_frame_00.png,C,79,0,0,1.06,0.71,0.89
FRS_setC_posA_106_posB_071_posC_089_record_079_frame_01.png,C,79,1,2,1.06,0.71,0.89
FRS_setC_posA_106_posB_071_posC_089_record_079_frame_02.png,C,79,2,4,1.06,0.71,0.89
FRS_setC_posA_106_posB_071_posC_089_record_079_frame_03.png,C,79,3,6,1.06,0.71,0.89
FRS_setC_posA_106_posB_071_posC_089_record_079_frame_04.png,C,79,4,8,1.06,0.71,0.89
FRS_setC_posA_106_posB_071_posC_089_record_079_frame_05.png,C,79,5,10,1.06,0.71,0.89
FRS_setC_posA_106_posB_071_posC_089_record_079_frame_06.png,C,79,6,12,1.06,0.71,0.89
FRS_setC_posA_106_posB_071_posC_089_record_079_frame_07.png,C,79,7,14,1.06,0.71,0.89
FRS_setC_posA_106_posB_071_posC_089_record_079_frame_08.png,C,79,8,16,1.06,0.71,0.89
FRS_setC_posA_106_posB_071_posC_089_record_079_frame_09.png,C,79,9,18,1.06,0.71,0.89
FRS_setC_posA_106_posB_071_posC_089_record_079_frame_10.png,C,79,10,20,1.06,0.71,0.89
FRS_setC_posA_106_posB_071_posC_089_record_079_frame_11.png,C,79,11,22,1.06,0.71,0.89
FRS_setC_posA_106_posB_071_posC_089_record_079_frame_12.png,C,79,12,24,1.06,0.71,0.89
FRS_setC_posA_106_posB_071_posC_089_record_079_frame_13.png,C,79,13,26,1.06,0.71,0.89
FRS_setC_posA_106_posB_071_posC_089_record_079_frame_14.png,C,79,14,28,1.06,0.71,0.89
FRS_setC_posA_106_posB_071_posC_089_record_079_frame_15.png,C,79,15,30,1.06,0.71,0.89
FRS_setC_posA_106_posB_071_posC_089_record_079_frame_16.png,C,79,16,32,1.06,0.71,0.89
FRS_setC_posA_106_posB_071_posC_089_record_079_frame_17.png,C,79,17,34,1.06,0.71,0.89
FRS_setC_posA_106_posB_071_posC_089_record_079_frame_18.png,C,79,18,36,1.06,0.71,0.89
FRS_setC_posA_106_posB_071_posC_089_record_079_frame_19.png,C,79,19,38,1.06,0.71,0.89
FRS_setC_posA_106_posB_072_posC_090_record_080_frame_00.png,C,80,0,0,1.06,0.72,0.9
FRS_setC_posA_106_posB_072_posC_090_record_080_frame_01.png,C,80,1,2,1.06,0.72,0.9
FRS_setC_posA_106_posB_072_posC_090_record_080_frame_02.png,C,80,2,4,1.06,0.72,0.9
FRS_setC_posA_106_posB_072_posC_090_record_080_frame_03.png,C,80,3,6,1.06,0.72,0.9
FRS_setC_posA_106_posB_072_posC_090_record_080_frame_04.png,C,80,4,8,1.06,0.72,0.9
FRS_setC_posA_106_posB_072_posC_090_record_080_frame_05.png,C,80,5,10,1.06,0.72,0.9
FRS_setC_posA_106_posB_072_posC_090_record_080_frame_06.png,C,80,6,12,1.06,0.72,0.9
FRS_setC_posA_106_posB_072_posC_090_record_080_frame_07.png,C,80,7,14,1.06,0.72,0.9
FRS_setC_posA_106_posB_072_posC_090_record_080_frame_08.png,C,80,8,16,1.06,0.72,0.9
FRS_setC_posA_106_posB_072_posC_090_record_080_frame_09.png,C,80,9,18,1.06,0.72,0.9
FRS_setC_posA_106_posB_072_posC_090_record_080_frame_10.png,C,80,10,20,1.06,0.72,0.9
FRS_setC_posA_106_posB_072_posC_090_record_080_frame_11.png,C,80,11,22,1.06,0.72,0.9
FRS_setC_posA_106_posB_072_posC_090_record_080_frame_12.png,C,80,12,24,1.06,0.72,0.9
FRS_setC_posA_106_posB_072_posC_090_record_080_frame_13.png,C,80,13,26,1.06,0.72,0.9
FRS_setC_posA_106_posB_072_posC_090_record_080_frame_14.png,C,80,14,28,1.06,0.72,0.9
FRS_setC_posA_106_posB_072_posC_090_record_080_frame_15.png,C,80,15,30,1.06,0.72,0.9
FRS_setC_posA_106_posB_072_posC_090_record_080_frame_16.png,C,80,16,32,1.06,0.72,0.9
FRS_setC_posA_106_posB_072_posC_090_record_080_frame_17.png,C,80,17,34,1.06,0.72,0.9
FRS_setC_posA_106_posB_072_posC_090_record_080_frame_18.png,C,80,18,36,1.06,0.72,0.9
FRS_setC_posA_106_posB_072_posC_090_record_080_frame_19.png,C,80,19,38,1.06,0.72,0.9
FRS_setC_posA_107_posB_073_posC_092_record_081_frame_00.png,C,81,0,0,1.07,0.73,0.92
FRS_setC_posA_107_posB_073_posC_092_record_081_frame_01.png,C,81,1,2,1.07,0.73,0.92
FRS_setC_posA_107_posB_073_posC_092_record_081_frame_02.png,C,81,2,4,1.07,0.73,0.92
FRS_setC_posA_107_posB_073_posC_092_record_081_frame_03.png,C,81,3,6,1.07,0.73,0.92
FRS_setC_posA_107_posB_073_posC_092_record_081_frame_04.png,C,81,4,8,1.07,0.73,0.92
FRS_setC_posA_107_posB_073_posC_092_record_081_frame_05.png,C,81,5,10,1.07,0.73,0.92
FRS_setC_posA_107_posB_073_posC_092_record_081_frame_06.png,C,81,6,12,1.07,0.73,0.92
FRS_setC_posA_107_posB_073_posC_092_record_081_frame_07.png,C,81,7,14,1.07,0.73,0.92
FRS_setC_posA_107_posB_073_posC_092_record_081_frame_08.png,C,81,8,16,1.07,0.73,0.92
FRS_setC_posA_107_posB_073_posC_092_record_081_frame_09.png,C,81,9,18,1.07,0.73,0.92
FRS_setC_posA_107_posB_073_posC_092_record_081_frame_10.png,C,81,10,20,1.07,0.73,0.92
FRS_setC_posA_107_posB_073_posC_092_record_081_frame_11.png,C,81,11,22,1.07,0.73,0.92
FRS_setC_posA_107_posB_073_posC_092_record_081_frame_12.png,C,81,12,24,1.07,0.73,0.92
FRS_setC_posA_107_posB_073_posC_092_record_081_frame_13.png,C,81,13,26,1.07,0.73,0.92
FRS_setC_posA_107_posB_073_posC_092_record_081_frame_14.png,C,81,14,28,1.07,0.73,0.92
FRS_setC_posA_107_posB_073_posC_092_record_081_frame_15.png,C,81,15,30,1.07,0.73,0.92
FRS_setC_posA_107_posB_073_posC_092_record_081_frame_16.png,C,81,16,32,1.07,0.73,0.92
FRS_setC_posA_107_posB_073_posC_092_record_081_frame_17.png,C,81,17,34,1.07,0.73,0.92
FRS_setC_posA_107_posB_073_posC_092_record_081_frame_18.png,C,81,18,36,1.07,0.73,0.92
FRS_setC_posA_107_posB_073_posC_092_record_081_frame_19.png,C,81,19,38,1.07,0.73,0.92
FRS_setC_posA_108_posB_073_posC_093_record_082_frame_00.png,C,82,0,0,1.08,0.73,0.93
FRS_setC_posA_108_posB_073_posC_093_record_082_frame_01.png,C,82,1,2,1.08,0.73,0.93
FRS_setC_posA_108_posB_073_posC_093_record_082_frame_02.png,C,82,2,4,1.08,0.73,0.93
FRS_setC_posA_108_posB_073_posC_093_record_082_frame_03.png,C,82,3,6,1.08,0.73,0.93
FRS_setC_posA_108_posB_073_posC_093_record_082_frame_04.png,C,82,4,8,1.08,0.73,0.93
FRS_setC_posA_108_posB_073_posC_093_record_082_frame_05.png,C,82,5,10,1.08,0.73,0.93
FRS_setC_posA_108_posB_073_posC_093_record_082_frame_06.png,C,82,6,12,1.08,0.73,0.93
FRS_setC_posA_108_posB_073_posC_093_record_082_frame_07.png,C,82,7,14,1.08,0.73,0.93
FRS_setC_posA_108_posB_073_posC_093_record_082_frame_08.png,C,82,8,16,1.08,0.73,0.93
FRS_setC_posA_108_posB_073_posC_093_record_082_frame_09.png,C,82,9,18,1.08,0.73,0.93
FRS_setC_posA_108_posB_073_posC_093_record_082_frame_10.png,C,82,10,20,1.08,0.73,0.93
FRS_setC_posA_108_posB_073_posC_093_record_082_frame_11.png,C,82,11,22,1.08,0.73,0.93
FRS_setC_posA_108_posB_073_posC_093_record_082_frame_12.png,C,82,12,24,1.08,0.73,0.93
FRS_setC_posA_108_posB_073_posC_093_record_082_frame_13.png,C,82,13,26,1.08,0.73,0.93
FRS_setC_posA_108_posB_073_posC_093_record_082_frame_14.png,C,82,14,28,1.08,0.73,0.93
FRS_setC_posA_108_posB_073_posC_093_record_082_frame_15.png,C,82,15,30,1.08,0.73,0.93
FRS_setC_posA_108_posB_073_posC_093_record_082_frame_16.png,C,82,16,32,1.08,0.73,0.93
FRS_setC_posA_108_posB_073_posC_093_record_082_frame_17.png,C,82,17,34,1.08,0.73,0.93
FRS_setC_posA_108_posB_073_posC_093_record_082_frame_18.png,C,82,18,36,1.08,0.73,0.93
FRS_setC_posA_108_posB_073_posC_093_record_082_frame_19.png,C,82,19,38,1.08,0.73,0.93
FRS_setC_posA_109_posB_075_posC_095_record_083_frame_00.png,C,83,0,0,1.09,0.75,0.95
FRS_setC_posA_109_posB_075_posC_095_record_083_frame_01.png,C,83,1,2,1.09,0.75,0.95
FRS_setC_posA_109_posB_075_posC_095_record_083_frame_02.png,C,83,2,4,1.09,0.75,0.95
FRS_setC_posA_109_posB_075_posC_095_record_083_frame_03.png,C,83,3,6,1.09,0.75,0.95
FRS_setC_posA_109_posB_075_posC_095_record_083_frame_04.png,C,83,4,8,1.09,0.75,0.95
FRS_setC_posA_109_posB_075_posC_095_record_083_frame_05.png,C,83,5,10,1.09,0.75,0.95
FRS_setC_posA_109_posB_075_posC_095_record_083_frame_06.png,C,83,6,12,1.09,0.75,0.95
FRS_setC_posA_109_posB_075_posC_095_record_083_frame_07.png,C,83,7,14,1.09,0.75,0.95
FRS_setC_posA_109_posB_075_posC_095_record_083_frame_08.png,C,83,8,16,1.09,0.75,0.95
FRS_setC_posA_109_posB_075_posC_095_record_083_frame_09.png,C,83,9,18,1.09,0.75,0.95
FRS_setC_posA_109_posB_075_posC_095_record_083_frame_10.png,C,83,10,20,1.09,0.75,0.95
FRS_setC_posA_109_posB_075_posC_095_record_083_frame_11.png,C,83,11,22,1.09,0.75,0.95
FRS_setC_posA_109_posB_075_posC_095_record_083_frame_12.png,C,83,12,24,1.09,0.75,0.95
FRS_setC_posA_109_posB_075_posC_095_record_083_frame_13.png,C,83,13,26,1.09,0.75,0.95
FRS_setC_posA_109_posB_075_posC_095_record_083_frame_14.png,C,83,14,28,1.09,0.75,0.95
FRS_setC_posA_109_posB_075_posC_095_record_083_frame_15.png,C,83,15,30,1.09,0.75,0.95
FRS_setC_posA_109_posB_075_posC_095_record_083_frame_16.png,C,83,16,32,1.09,0.75,0.95
FRS_setC_posA_109_posB_075_posC_095_record_083_frame_17.png,C,83,17,34,1.09,0.75,0.95
FRS_setC_posA_109_posB_075_posC_095_record_083_frame_18.png,C,83,18,36,1.09,0.75,0.95
FRS_setC_posA_109_posB_075_posC_095_record_083_frame_19.png,C,83,19,38,1.09,0.75,0.95
FRS_setC_posA_111_posB_075_posC_095_record_084_frame_00.png,C,84,0,0,1.11,0.75,0.95
FRS_setC_posA_111_posB_075_posC_095_record_084_frame_01.png,C,84,1,2,1.11,0.75,0.95
FRS_setC_posA_111_posB_075_posC_095_record_084_frame_02.png,C,84,2,4,1.11,0.75,0.95
FRS_setC_posA_111_posB_075_posC_095_record_084_frame_03.png,C,84,3,6,1.11,0.75,0.95
FRS_setC_posA_111_posB_075_posC_095_record_084_frame_04.png,C,84,4,8,1.11,0.75,0.95
FRS_setC_posA_111_posB_075_posC_095_record_084_frame_05.png,C,84,5,10,1.11,0.75,0.95
FRS_setC_posA_111_posB_075_posC_095_record_084_frame_06.png,C,84,6,12,1.11,0.75,0.95
FRS_setC_posA_111_posB_075_posC_095_record_084_frame_07.png,C,84,7,14,1.11,0.75,0.95
FRS_setC_posA_111_posB_075_posC_095_record_084_frame_08.png,C,84,8,16,1.11,0.75,0.95
FRS_setC_posA_111_posB_075_posC_095_record_084_frame_09.png,C,84,9,18,1.11,0.75,0.95
FRS_setC_posA_111_posB_075_posC_095_record_084_frame_10.png,C,84,10,20,1.11,0.75,0.95
FRS_setC_posA_111_posB_075_posC_095_record_084_frame_11.png,C,84,11,22,1.11,0.75,0.95
FRS_setC_posA_111_posB_075_posC_095_record_084_frame_12.png,C,84,12,24,1.11,0.75,0.95
FRS_setC_posA_111_posB_075_posC_095_record_084_frame_13.png,C,84,13,26,1.11,0.75,0.95
FRS_setC_posA_111_posB_075_posC_095_record_084_frame_14.png,C,84,14,28,1.11,0.75,0.95
FRS_setC_posA_111_posB_075_posC_095_record_084_frame_15.png,C,84,15,30,1.11,0.75,0.95
FRS_setC_posA_111_posB_075_posC_095_record_084_frame_16.png,C,84,16,32,1.11,0.75,0.95
FRS_setC_posA_111_posB_075_posC_095_record_084_frame_17.png,C,84,17,34,1.11,0.75,0.95
FRS_setC_posA_111_posB_075_posC_095_record_084_frame_18.png,C,84,18,36,1.11,0.75,0.95
FRS_setC_posA_111_posB_075_posC_095_record_084_frame_19.png,C,84,19,38,1.11,0.75,0.95
FRS_setC_posA_111_posB_075_posC_096_record_085_frame_00.png,C,85,0,0,1.11,0.75,0.96
FRS_setC_posA_111_posB_075_posC_096_record_085_frame_01.png,C,85,1,2,1.11,0.75,0.96
FRS_setC_posA_111_posB_075_posC_096_record_085_frame_02.png,C,85,2,4,1.11,0.75,0.96
FRS_setC_posA_111_posB_075_posC_096_record_085_frame_03.png,C,85,3,6,1.11,0.75,0.96
FRS_setC_posA_111_posB_075_posC_096_record_085_frame_04.png,C,85,4,8,1.11,0.75,0.96
FRS_setC_posA_111_posB_075_posC_096_record_085_frame_05.png,C,85,5,10,1.11,0.75,0.96
FRS_setC_posA_111_posB_075_posC_096_record_085_frame_06.png,C,85,6,12,1.11,0.75,0.96
FRS_setC_posA_111_posB_075_posC_096_record_085_frame_07.png,C,85,7,14,1.11,0.75,0.96
FRS_setC_posA_111_posB_075_posC_096_record_085_frame_08.png,C,85,8,16,1.11,0.75,0.96
FRS_setC_posA_111_posB_075_posC_096_record_085_frame_09.png,C,85,9,18,1.11,0.75,0.96
FRS_setC_posA_111_posB_075_posC_096_record_085_frame_10.png,C,85,10,20,1.11,0.75,0.96
FRS_setC_posA_111_posB_075_posC_096_record_085_frame_11.png,C,85,11,22,1.11,0.75,0.96
FRS_setC_posA_111_posB_075_posC_096_record_085_frame_12.png,C,85,12,24,1.11,0.75,0.96
FRS_setC_posA_111_posB_075_posC_096_record_085_frame_13.png,C,85,13,26,1.11,0.75,0.96
FRS_setC_posA_111_posB_075_posC_096_record_085_frame_14.png,C,85,14,28,1.11,0.75,0.96
FRS_setC_posA_111_posB_075_posC_096_record_085_frame_15.png,C,85,15,30,1.11,0.75,0.96
FRS_setC_posA_111_posB_075_posC_096_record_085_frame_16.png,C,85,16,32,1.11,0.75,0.96
FRS_setC_posA_111_posB_075_posC_096_record_085_frame_17.png,C,85,17,34,1.11,0.75,0.96
FRS_setC_posA_111_posB_075_posC_096_record_085_frame_18.png,C,85,18,36,1.11,0.75,0.96
FRS_setC_posA_111_posB_075_posC_096_record_085_frame_19.png,C,85,19,38,1.11,0.75,0.96
FRS_setC_posA_111_posB_076_posC_097_record_086_frame_00.png,C,86,0,0,1.11,0.76,0.97
FRS_setC_posA_111_posB_076_posC_097_record_086_frame_01.png,C,86,1,2,1.11,0.76,0.97
FRS_setC_posA_111_posB_076_posC_097_record_086_frame_02.png,C,86,2,4,1.11,0.76,0.97
FRS_setC_posA_111_posB_076_posC_097_record_086_frame_03.png,C,86,3,6,1.11,0.76,0.97
FRS_setC_posA_111_posB_076_posC_097_record_086_frame_04.png,C,86,4,8,1.11,0.76,0.97
FRS_setC_posA_111_posB_076_posC_097_record_086_frame_05.png,C,86,5,10,1.11,0.76,0.97
FRS_setC_posA_111_posB_076_posC_097_record_086_frame_06.png,C,86,6,12,1.11,0.76,0.97
FRS_setC_posA_111_posB_076_posC_097_record_086_frame_07.png,C,86,7,14,1.11,0.76,0.97
FRS_setC_posA_111_posB_076_posC_097_record_086_frame_08.png,C,86,8,16,1.11,0.76,0.97
FRS_setC_posA_111_posB_076_posC_097_record_086_frame_09.png,C,86,9,18,1.11,0.76,0.97
FRS_setC_posA_111_posB_076_posC_097_record_086_frame_10.png,C,86,10,20,1.11,0.76,0.97
FRS_setC_posA_111_posB_076_posC_097_record_086_frame_11.png,C,86,11,22,1.11,0.76,0.97
FRS_setC_posA_111_posB_076_posC_097_record_086_frame_12.png,C,86,12,24,1.11,0.76,0.97
FRS_setC_posA_111_posB_076_posC_097_record_086_frame_13.png,C,86,13,26,1.11,0.76,0.97
FRS_setC_posA_111_posB_076_posC_097_record_086_frame_14.png,C,86,14,28,1.11,0.76,0.97
FRS_setC_posA_111_posB_076_posC_097_record_086_frame_15.png,C,86,15,30,1.11,0.76,0.97
FRS_setC_posA_111_posB_076_posC_097_record_086_frame_16.png,C,86,16,32,1.11,0.76,0.97
FRS_setC_posA_111_posB_076_posC_097_record_086_frame_17.png,C,86,17,34,1.11,0.76,0.97
FRS_setC_posA_111_posB_076_posC_097_record_086_frame_18.png,C,86,18,36,1.11,0.76,0.97
FRS_setC_posA_111_posB_076_posC_097_record_086_frame_19.png,C,86,19,38,1.11,0.76,0.97
FRS_setC_posA_113_posB_076_posC_097_record_087_frame_00.png,C,87,0,0,1.13,0.76,0.97
FRS_setC_posA_113_posB_076_posC_097_record_087_frame_01.png,C,87,1,2,1.13,0.76,0.97
FRS_setC_posA_113_posB_076_posC_097_record_087_frame_02.png,C,87,2,4,1.13,0.76,0.97
FRS_setC_posA_113_posB_076_posC_097_record_087_frame_03.png,C,87,3,6,1.13,0.76,0.97
FRS_setC_posA_113_posB_076_posC_097_record_087_frame_04.png,C,87,4,8,1.13,0.76,0.97
FRS_setC_posA_113_posB_076_posC_097_record_087_frame_05.png,C,87,5,10,1.13,0.76,0.97
FRS_setC_posA_113_posB_076_posC_097_record_087_frame_06.png,C,87,6,12,1.13,0.76,0.97
FRS_setC_posA_113_posB_076_posC_097_record_087_frame_07.png,C,87,7,14,1.13,0.76,0.97
FRS_setC_posA_113_posB_076_posC_097_record_087_frame_08.png,C,87,8,16,1.13,0.76,0.97
FRS_setC_posA_113_posB_076_posC_097_record_087_frame_09.png,C,87,9,18,1.13,0.76,0.97
FRS_setC_posA_113_posB_076_posC_097_record_087_frame_10.png,C,87,10,20,1.13,0.76,0.97
FRS_setC_posA_113_posB_076_posC_097_record_087_frame_11.png,C,87,11,22,1.13,0.76,0.97
FRS_setC_posA_113_posB_076_posC_097_record_087_frame_12.png,C,87,12,24,1.13,0.76,0.97
FRS_setC_posA_113_posB_076_posC_097_record_087_frame_13.png,C,87,13,26,1.13,0.76,0.97
FRS_setC_posA_113_posB_076_posC_097_record_087_frame_14.png,C,87,14,28,1.13,0.76,0.97
FRS_setC_posA_113_posB_076_posC_097_record_087_frame_15.png,C,87,15,30,1.13,0.76,0.97
FRS_setC_posA_113_posB_076_posC_097_record_087_frame_16.png,C,87,16,32,1.13,0.76,0.97
FRS_setC_posA_113_posB_076_posC_097_record_087_frame_17.png,C,87,17,34,1.13,0.76,0.97
FRS_setC_posA_113_posB_076_posC_097_record_087_frame_18.png,C,87,18,36,1.13,0.76,0.97
FRS_setC_posA_113_posB_076_posC_097_record_087_frame_19.png,C,87,19,38,1.13,0.76,0.97
FRS_setC_posA_113_posB_077_posC_098_record_088_frame_00.png,C,88,0,0,1.13,0.77,0.98
FRS_setC_posA_113_posB_077_posC_098_record_088_frame_01.png,C,88,1,2,1.13,0.77,0.98
FRS_setC_posA_113_posB_077_posC_098_record_088_frame_02.png,C,88,2,4,1.13,0.77,0.98
FRS_setC_posA_113_posB_077_posC_098_record_088_frame_03.png,C,88,3,6,1.13,0.77,0.98
FRS_setC_posA_113_posB_077_posC_098_record_088_frame_04.png,C,88,4,8,1.13,0.77,0.98
FRS_setC_posA_113_posB_077_posC_098_record_088_frame_05.png,C,88,5,10,1.13,0.77,0.98
FRS_setC_posA_113_posB_077_posC_098_record_088_frame_06.png,C,88,6,12,1.13,0.77,0.98
FRS_setC_posA_113_posB_077_posC_098_record_088_frame_07.png,C,88,7,14,1.13,0.77,0.98
FRS_setC_posA_113_posB_077_posC_098_record_088_frame_08.png,C,88,8,16,1.13,0.77,0.98
FRS_setC_posA_113_posB_077_posC_098_record_088_frame_09.png,C,88,9,18,1.13,0.77,0.98
FRS_setC_posA_113_posB_077_posC_098_record_088_frame_10.png,C,88,10,20,1.13,0.77,0.98
FRS_setC_posA_113_posB_077_posC_098_record_088_frame_11.png,C,88,11,22,1.13,0.77,0.98
FRS_setC_posA_113_posB_077_posC_098_record_088_frame_12.png,C,88,12,24,1.13,0.77,0.98
FRS_setC_posA_113_posB_077_posC_098_record_088_frame_13.png,C,88,13,26,1.13,0.77,0.98
FRS_setC_posA_113_posB_077_posC_098_record_088_frame_14.png,C,88,14,28,1.13,0.77,0.98
FRS_setC_posA_113_posB_077_posC_098_record_088_frame_15.png,C,88,15,30,1.13,0.77,0.98
FRS_setC_posA_113_posB_077_posC_098_record_088_frame_16.png,C,88,16,32,1.13,0.77,0.98
FRS_setC_posA_113_posB_077_posC_098_record_088_frame_17.png,C,88,17,34,1.13,0.77,0.98
FRS_setC_posA_113_posB_077_posC_098_record_088_frame_18.png,C,88,18,36,1.13,0.77,0.98
FRS_setC_posA_113_posB_077_posC_098_record_088_frame_19.png,C,88,19,38,1.13,0.77,0.98
FRS_setC_posA_114_posB_077_posC_099_record_089_frame_00.png,C,89,0,0,1.14,0.77,0.99
FRS_setC_posA_114_posB_077_posC_099_record_089_frame_01.png,C,89,1,2,1.14,0.77,0.99
FRS_setC_posA_114_posB_077_posC_099_record_089_frame_02.png,C,89,2,4,1.14,0.77,0.99
FRS_setC_posA_114_posB_077_posC_099_record_089_frame_03.png,C,89,3,6,1.14,0.77,0.99
FRS_setC_posA_114_posB_077_posC_099_record_089_frame_04.png,C,89,4,8,1.14,0.77,0.99
FRS_setC_posA_114_posB_077_posC_099_record_089_frame_05.png,C,89,5,10,1.14,0.77,0.99
FRS_setC_posA_114_posB_077_posC_099_record_089_frame_06.png,C,89,6,12,1.14,0.77,0.99
FRS_setC_posA_114_posB_077_posC_099_record_089_frame_07.png,C,89,7,14,1.14,0.77,0.99
FRS_setC_posA_114_posB_077_posC_099_record_089_frame_08.png,C,89,8,16,1.14,0.77,0.99
FRS_setC_posA_114_posB_077_posC_099_record_089_frame_09.png,C,89,9,18,1.14,0.77,0.99
FRS_setC_posA_114_posB_077_posC_099_record_089_frame_10.png,C,89,10,20,1.14,0.77,0.99
FRS_setC_posA_114_posB_077_posC_099_record_089_frame_11.png,C,89,11,22,1.14,0.77,0.99
FRS_setC_posA_114_posB_077_posC_099_record_089_frame_12.png,C,89,12,24,1.14,0.77,0.99
FRS_setC_posA_114_posB_077_posC_099_record_089_frame_13.png,C,89,13,26,1.14,0.77,0.99
FRS_setC_posA_114_posB_077_posC_099_record_089_frame_14.png,C,89,14,28,1.14,0.77,0.99
FRS_setC_posA_114_posB_077_posC_099_record_089_frame_15.png,C,89,15,30,1.14,0.77,0.99
FRS_setC_posA_114_posB_077_posC_099_record_089_frame_16.png,C,89,16,32,1.14,0.77,0.99
FRS_setC_posA_114_posB_077_posC_099_record_089_frame_17.png,C,89,17,34,1.14,0.77,0.99
FRS_setC_posA_114_posB_077_posC_099_record_089_frame_18.png,C,89,18,36,1.14,0.77,0.99
FRS_setC_posA_114_posB_077_posC_099_record_089_frame_19.png,C,89,19,38,1.14,0.77,0.99
FRS_setC_posA_115_posB_078_posC_101_record_090_frame_00.png,C,90,0,0,1.15,0.78,1.01
FRS_setC_posA_115_posB_078_posC_101_record_090_frame_01.png,C,90,1,2,1.15,0.78,1.01
FRS_setC_posA_115_posB_078_posC_101_record_090_frame_02.png,C,90,2,4,1.15,0.78,1.01
FRS_setC_posA_115_posB_078_posC_101_record_090_frame_03.png,C,90,3,6,1.15,0.78,1.01
FRS_setC_posA_115_posB_078_posC_101_record_090_frame_04.png,C,90,4,8,1.15,0.78,1.01
FRS_setC_posA_115_posB_078_posC_101_record_090_frame_05.png,C,90,5,10,1.15,0.78,1.01
FRS_setC_posA_115_posB_078_posC_101_record_090_frame_06.png,C,90,6,12,1.15,0.78,1.01
FRS_setC_posA_115_posB_078_posC_101_record_090_frame_07.png,C,90,7,14,1.15,0.78,1.01
FRS_setC_posA_115_posB_078_posC_101_record_090_frame_08.png,C,90,8,16,1.15,0.78,1.01
FRS_setC_posA_115_posB_078_posC_101_record_090_frame_09.png,C,90,9,18,1.15,0.78,1.01
FRS_setC_posA_115_posB_078_posC_101_record_090_frame_10.png,C,90,10,20,1.15,0.78,1.01
FRS_setC_posA_115_posB_078_posC_101_record_090_frame_11.png,C,90,11,22,1.15,0.78,1.01
FRS_setC_posA_115_posB_078_posC_101_record_090_frame_12.png,C,90,12,24,1.15,0.78,1.01
FRS_setC_posA_115_posB_078_posC_101_record_090_frame_13.png,C,90,13,26,1.15,0.78,1.01
FRS_setC_posA_115_posB_078_posC_101_record_090_frame_14.png,C,90,14,28,1.15,0.78,1.01
FRS_setC_posA_115_posB_078_posC_101_record_090_frame_15.png,C,90,15,30,1.15,0.78,1.01
FRS_setC_posA_115_posB_078_posC_101_record_090_frame_16.png,C,90,16,32,1.15,0.78,1.01
FRS_setC_posA_115_posB_078_posC_101_record_090_frame_17.png,C,90,17,34,1.15,0.78,1.01
FRS_setC_posA_115_posB_078_posC_101_record_090_frame_18.png,C,90,18,36,1.15,0.78,1.01
FRS_setC_posA_115_posB_078_posC_101_record_090_frame_19.png,C,90,19,38,1.15,0.78,1.01
FRS_setC_posA_116_posB_078_posC_101_record_091_frame_00.png,C,91,0,0,1.16,0.78,1.01
FRS_setC_posA_116_posB_078_posC_101_record_091_frame_01.png,C,91,1,2,1.16,0.78,1.01
FRS_setC_posA_116_posB_078_posC_101_record_091_frame_02.png,C,91,2,4,1.16,0.78,1.01
FRS_setC_posA_116_posB_078_posC_101_record_091_frame_03.png,C,91,3,6,1.16,0.78,1.01
FRS_setC_posA_116_posB_078_posC_101_record_091_frame_04.png,C,91,4,8,1.16,0.78,1.01
FRS_setC_posA_116_posB_078_posC_101_record_091_frame_05.png,C,91,5,10,1.16,0.78,1.01
FRS_setC_posA_116_posB_078_posC_101_record_091_frame_06.png,C,91,6,12,1.16,0.78,1.01
FRS_setC_posA_116_posB_078_posC_101_record_091_frame_07.png,C,91,7,14,1.16,0.78,1.01
FRS_setC_posA_116_posB_078_posC_101_record_091_frame_08.png,C,91,8,16,1.16,0.78,1.01
FRS_setC_posA_116_posB_078_posC_101_record_091_frame_09.png,C,91,9,18,1.16,0.78,1.01
FRS_setC_posA_116_posB_078_posC_101_record_091_frame_10.png,C,91,10,20,1.16,0.78,1.01
FRS_setC_posA_116_posB_078_posC_101_record_091_frame_11.png,C,91,11,22,1.16,0.78,1.01
FRS_setC_posA_116_posB_078_posC_101_record_091_frame_12.png,C,91,12,24,1.16,0.78,1.01
FRS_setC_posA_116_posB_078_posC_101_record_091_frame_13.png,C,91,13,26,1.16,0.78,1.01
FRS_setC_posA_116_posB_078_posC_101_record_091_frame_14.png,C,91,14,28,1.16,0.78,1.01
FRS_setC_posA_116_posB_078_posC_101_record_091_frame_15.png,C,91,15,30,1.16,0.78,1.01
FRS_setC_posA_116_posB_078_posC_101_record_091_frame_16.png,C,91,16,32,1.16,0.78,1.01
FRS_setC_posA_116_posB_078_posC_101_record_091_frame_17.png,C,91,17,34,1.16,0.78,1.01
FRS_setC_posA_116_posB_078_posC_101_record_091_frame_18.png,C,91,18,36,1.16,0.78,1.01
FRS_setC_posA_116_posB_078_posC_101_record_091_frame_19.png,C,91,19,38,1.16,0.78,1.01
FRS_setC_posA_116_posB_079_posC_102_record_092_frame_00.png,C,92,0,0,1.16,0.79,1.02
FRS_setC_posA_116_posB_079_posC_102_record_092_frame_01.png,C,92,1,2,1.16,0.79,1.02
FRS_setC_posA_116_posB_079_posC_102_record_092_frame_02.png,C,92,2,4,1.16,0.79,1.02
FRS_setC_posA_116_posB_079_posC_102_record_092_frame_03.png,C,92,3,6,1.16,0.79,1.02
FRS_setC_posA_116_posB_079_posC_102_record_092_frame_04.png,C,92,4,8,1.16,0.79,1.02
FRS_setC_posA_116_posB_079_posC_102_record_092_frame_05.png,C,92,5,10,1.16,0.79,1.02
FRS_setC_posA_116_posB_079_posC_102_record_092_frame_06.png,C,92,6,12,1.16,0.79,1.02
FRS_setC_posA_116_posB_079_posC_102_record_092_frame_07.png,C,92,7,14,1.16,0.79,1.02
FRS_setC_posA_116_posB_079_posC_102_record_092_frame_08.png,C,92,8,16,1.16,0.79,1.02
FRS_setC_posA_116_posB_079_posC_102_record_092_frame_09.png,C,92,9,18,1.16,0.79,1.02
FRS_setC_posA_116_posB_079_posC_102_record_092_frame_10.png,C,92,10,20,1.16,0.79,1.02
FRS_setC_posA_116_posB_079_posC_102_record_092_frame_11.png,C,92,11,22,1.16,0.79,1.02
FRS_setC_posA_116_posB_079_posC_102_record_092_frame_12.png,C,92,12,24,1.16,0.79,1.02
FRS_setC_posA_116_posB_079_posC_102_record_092_frame_13.png,C,92,13,26,1.16,0.79,1.02
FRS_setC_posA_116_posB_079_posC_102_record_092_frame_14.png,C,92,14,28,1.16,0.79,1.02
FRS_setC_posA_116_posB_079_posC_102_record_092_frame_15.png,C,92,15,30,1.16,0.79,1.02
FRS_setC_posA_116_posB_079_posC_102_record_092_frame_16.png,C,92,16,32,1.16,0.79,1.02
FRS_setC_posA_116_posB_079_posC_102_record_092_frame_17.png,C,92,17,34,1.16,0.79,1.02
FRS_setC_posA_116_posB_079_posC_102_record_092_frame_18.png,C,92,18,36,1.16,0.79,1.02
FRS_setC_posA_116_posB_079_posC_102_record_092_frame_19.png,C,92,19,38,1.16,0.79,1.02
FRS_setC_posA_117_posB_080_posC_103_record_093_frame_00.png,C,93,0,0,1.17,0.8,1.03
FRS_setC_posA_117_posB_080_posC_103_record_093_frame_01.png,C,93,1,2,1.17,0.8,1.03
FRS_setC_posA_117_posB_080_posC_103_record_093_frame_02.png,C,93,2,4,1.17,0.8,1.03
FRS_setC_posA_117_posB_080_posC_103_record_093_frame_03.png,C,93,3,6,1.17,0.8,1.03
FRS_setC_posA_117_posB_080_posC_103_record_093_frame_04.png,C,93,4,8,1.17,0.8,1.03
FRS_setC_posA_117_posB_080_posC_103_record_093_frame_05.png,C,93,5,10,1.17,0.8,1.03
FRS_setC_posA_117_posB_080_posC_103_record_093_frame_06.png,C,93,6,12,1.17,0.8,1.03
FRS_setC_posA_117_posB_080_posC_103_record_093_frame_07.png,C,93,7,14,1.17,0.8,1.03
FRS_setC_posA_117_posB_080_posC_103_record_093_frame_08.png,C,93,8,16,1.17,0.8,1.03
FRS_setC_posA_117_posB_080_posC_103_record_093_frame_09.png,C,93,9,18,1.17,0.8,1.03
FRS_setC_posA_117_posB_080_posC_103_record_093_frame_10.png,C,93,10,20,1.17,0.8,1.03
FRS_setC_posA_117_posB_080_posC_103_record_093_frame_11.png,C,93,11,22,1.17,0.8,1.03
FRS_setC_posA_117_posB_080_posC_103_record_093_frame_12.png,C,93,12,24,1.17,0.8,1.03
FRS_setC_posA_117_posB_080_posC_103_record_093_frame_13.png,C,93,13,26,1.17,0.8,1.03
FRS_setC_posA_117_posB_080_posC_103_record_093_frame_14.png,C,93,14,28,1.17,0.8,1.03
FRS_setC_posA_117_posB_080_posC_103_record_093_frame_15.png,C,93,15,30,1.17,0.8,1.03
FRS_setC_posA_117_posB_080_posC_103_record_093_frame_16.png,C,93,16,32,1.17,0.8,1.03
FRS_setC_posA_117_posB_080_posC_103_record_093_frame_17.png,C,93,17,34,1.17,0.8,1.03
FRS_setC_posA_117_posB_080_posC_103_record_093_frame_18.png,C,93,18,36,1.17,0.8,1.03
FRS_setC_posA_117_posB_080_posC_103_record_093_frame_19.png,C,93,19,38,1.17,0.8,1.03
FRS_setC_posA_118_posB_080_posC_104_record_094_frame_00.png,C,94,0,0,1.18,0.8,1.04
FRS_setC_posA_118_posB_080_posC_104_record_094_frame_01.png,C,94,1,2,1.18,0.8,1.04
FRS_setC_posA_118_posB_080_posC_104_record_094_frame_02.png,C,94,2,4,1.18,0.8,1.04
FRS_setC_posA_118_posB_080_posC_104_record_094_frame_03.png,C,94,3,6,1.18,0.8,1.04
FRS_setC_posA_118_posB_080_posC_104_record_094_frame_04.png,C,94,4,8,1.18,0.8,1.04
FRS_setC_posA_118_posB_080_posC_104_record_094_frame_05.png,C,94,5,10,1.18,0.8,1.04
FRS_setC_posA_118_posB_080_posC_104_record_094_frame_06.png,C,94,6,12,1.18,0.8,1.04
FRS_setC_posA_118_posB_080_posC_104_record_094_frame_07.png,C,94,7,14,1.18,0.8,1.04
FRS_setC_posA_118_posB_080_posC_104_record_094_frame_08.png,C,94,8,16,1.18,0.8,1.04
FRS_setC_posA_118_posB_080_posC_104_record_094_frame_09.png,C,94,9,18,1.18,0.8,1.04
FRS_setC_posA_118_posB_080_posC_104_record_094_frame_10.png,C,94,10,20,1.18,0.8,1.04
FRS_setC_posA_118_posB_080_posC_104_record_094_frame_11.png,C,94,11,22,1.18,0.8,1.04
FRS_setC_posA_118_posB_080_posC_104_record_094_frame_12.png,C,94,12,24,1.18,0.8,1.04
FRS_setC_posA_118_posB_080_posC_104_record_094_frame_13.png,C,94,13,26,1.18,0.8,1.04
FRS_setC_posA_118_posB_080_posC_104_record_094_frame_14.png,C,94,14,28,1.18,0.8,1.04
FRS_setC_posA_118_posB_080_posC_104_record_094_frame_15.png,C,94,15,30,1.18,0.8,1.04
FRS_setC_posA_118_posB_080_posC_104_record_094_frame_16.png,C,94,16,32,1.18,0.8,1.04
FRS_setC_posA_118_posB_080_posC_104_record_094_frame_17.png,C,94,17,34,1.18,0.8,1.04
FRS_setC_posA_118_posB_080_posC_104_record_094_frame_18.png,C,94,18,36,1.18,0.8,1.04
FRS_setC_posA_118_posB_080_posC_104_record_094_frame_19.png,C,94,19,38,1.18,0.8,1.04
FRS_setC_posA_118_posB_080_posC_106_record_095_frame_00.png,C,95,0,0,1.18,0.8,1.06
FRS_setC_posA_118_posB_080_posC_106_record_095_frame_01.png,C,95,1,2,1.18,0.8,1.06
FRS_setC_posA_118_posB_080_posC_106_record_095_frame_02.png,C,95,2,4,1.18,0.8,1.06
FRS_setC_posA_118_posB_080_posC_106_record_095_frame_03.png,C,95,3,6,1.18,0.8,1.06
FRS_setC_posA_118_posB_080_posC_106_record_095_frame_04.png,C,95,4,8,1.18,0.8,1.06
FRS_setC_posA_118_posB_080_posC_106_record_095_frame_05.png,C,95,5,10,1.18,0.8,1.06
FRS_setC_posA_118_posB_080_posC_106_record_095_frame_06.png,C,95,6,12,1.18,0.8,1.06
FRS_setC_posA_118_posB_080_posC_106_record_095_frame_07.png,C,95,7,14,1.18,0.8,1.06
FRS_setC_posA_118_posB_080_posC_106_record_095_frame_08.png,C,95,8,16,1.18,0.8,1.06
FRS_setC_posA_118_posB_080_posC_106_record_095_frame_09.png,C,95,9,18,1.18,0.8,1.06
FRS_setC_posA_118_posB_080_posC_106_record_095_frame_10.png,C,95,10,20,1.18,0.8,1.06
FRS_setC_posA_118_posB_080_posC_106_record_095_frame_11.png,C,95,11,22,1.18,0.8,1.06
FRS_setC_posA_118_posB_080_posC_106_record_095_frame_12.png,C,95,12,24,1.18,0.8,1.06
FRS_setC_posA_118_posB_080_posC_106_record_095_frame_13.png,C,95,13,26,1.18,0.8,1.06
FRS_setC_posA_118_posB_080_posC_106_record_095_frame_14.png,C,95,14,28,1.18,0.8,1.06
FRS_setC_posA_118_posB_080_posC_106_record_095_frame_15.png,C,95,15,30,1.18,0.8,1.06
FRS_setC_posA_118_posB_080_posC_106_record_095_frame_16.png,C,95,16,32,1.18,0.8,1.06
FRS_setC_posA_118_posB_080_posC_106_record_095_frame_17.png,C,95,17,34,1.18,0.8,1.06
FRS_setC_posA_118_posB_080_posC_106_record_095_frame_18.png,C,95,18,36,1.18,0.8,1.06
FRS_setC_posA_118_posB_080_posC_106_record_095_frame_19.png,C,95,19,38,1.18,0.8,1.06
FRS_setC_posA_120_posB_081_posC_107_record_096_frame_00.png,C,96,0,0,1.2,0.81,1.07
FRS_setC_posA_120_posB_081_posC_107_record_096_frame_01.png,C,96,1,2,1.2,0.81,1.07
FRS_setC_posA_120_posB_081_posC_107_record_096_frame_02.png,C,96,2,4,1.2,0.81,1.07
FRS_setC_posA_120_posB_081_posC_107_record_096_frame_03.png,C,96,3,6,1.2,0.81,1.07
FRS_setC_posA_120_posB_081_posC_107_record_096_frame_04.png,C,96,4,8,1.2,0.81,1.07
FRS_setC_posA_120_posB_081_posC_107_record_096_frame_05.png,C,96,5,10,1.2,0.81,1.07
FRS_setC_posA_120_posB_081_posC_107_record_096_frame_06.png,C,96,6,12,1.2,0.81,1.07
FRS_setC_posA_120_posB_081_posC_107_record_096_frame_07.png,C,96,7,14,1.2,0.81,1.07
FRS_setC_posA_120_posB_081_posC_107_record_096_frame_08.png,C,96,8,16,1.2,0.81,1.07
FRS_setC_posA_120_posB_081_posC_107_record_096_frame_09.png,C,96,9,18,1.2,0.81,1.07
FRS_setC_posA_120_posB_081_posC_107_record_096_frame_10.png,C,96,10,20,1.2,0.81,1.07
FRS_setC_posA_120_posB_081_posC_107_record_096_frame_11.png,C,96,11,22,1.2,0.81,1.07
FRS_setC_posA_120_posB_081_posC_107_record_096_frame_12.png,C,96,12,24,1.2,0.81,1.07
FRS_setC_posA_120_posB_081_posC_107_record_096_frame_13.png,C,96,13,26,1.2,0.81,1.07
FRS_setC_posA_120_posB_081_posC_107_record_096_frame_14.png,C,96,14,28,1.2,0.81,1.07
FRS_setC_posA_120_posB_081_posC_107_record_096_frame_15.png,C,96,15,30,1.2,0.81,1.07
FRS_setC_posA_120_posB_081_posC_107_record_096_frame_16.png,C,96,16,32,1.2,0.81,1.07
FRS_setC_posA_120_posB_081_posC_107_record_096_frame_17.png,C,96,17,34,1.2,0.81,1.07
FRS_setC_posA_120_posB_081_posC_107_record_096_frame_18.png,C,96,18,36,1.2,0.81,1.07
FRS_setC_posA_120_posB_081_posC_107_record_096_frame_19.png,C,96,19,38,1.2,0.81,1.07
FRS_setC_posA_120_posB_082_posC_108_record_097_frame_00.png,C,97,0,0,1.2,0.82,1.08
FRS_setC_posA_120_posB_082_posC_108_record_097_frame_01.png,C,97,1,2,1.2,0.82,1.08
FRS_setC_posA_120_posB_082_posC_108_record_097_frame_02.png,C,97,2,4,1.2,0.82,1.08
FRS_setC_posA_120_posB_082_posC_108_record_097_frame_03.png,C,97,3,6,1.2,0.82,1.08
FRS_setC_posA_120_posB_082_posC_108_record_097_frame_04.png,C,97,4,8,1.2,0.82,1.08
FRS_setC_posA_120_posB_082_posC_108_record_097_frame_05.png,C,97,5,10,1.2,0.82,1.08
FRS_setC_posA_120_posB_082_posC_108_record_097_frame_06.png,C,97,6,12,1.2,0.82,1.08
FRS_setC_posA_120_posB_082_posC_108_record_097_frame_07.png,C,97,7,14,1.2,0.82,1.08
FRS_setC_posA_120_posB_082_posC_108_record_097_frame_08.png,C,97,8,16,1.2,0.82,1.08
FRS_setC_posA_120_posB_082_posC_108_record_097_frame_09.png,C,97,9,18,1.2,0.82,1.08
FRS_setC_posA_120_posB_082_posC_108_record_097_frame_10.png,C,97,10,20,1.2,0.82,1.08
FRS_setC_posA_120_posB_082_posC_108_record_097_frame_11.png,C,97,11,22,1.2,0.82,1.08
FRS_setC_posA_120_posB_082_posC_108_record_097_frame_12.png,C,97,12,24,1.2,0.82,1.08
FRS_setC_posA_120_posB_082_posC_108_record_097_frame_13.png,C,97,13,26,1.2,0.82,1.08
FRS_setC_posA_120_posB_082_posC_108_record_097_frame_14.png,C,97,14,28,1.2,0.82,1.08
FRS_setC_posA_120_posB_082_posC_108_record_097_frame_15.png,C,97,15,30,1.2,0.82,1.08
FRS_setC_posA_120_posB_082_posC_108_record_097_frame_16.png,C,97,16,32,1.2,0.82,1.08
FRS_setC_posA_120_posB_082_posC_108_record_097_frame_17.png,C,97,17,34,1.2,0.82,1.08
FRS_setC_posA_120_posB_082_posC_108_record_097_frame_18.png,C,97,18,36,1.2,0.82,1.08
FRS_setC_posA_120_posB_082_posC_108_record_097_frame_19.png,C,97,19,38,1.2,0.82,1.08
FRS_setC_posA_122_posB_083_posC_109_record_098_frame_00.png,C,98,0,0,1.22,0.83,1.09
FRS_setC_posA_122_posB_083_posC_109_record_098_frame_01.png,C,98,1,2,1.22,0.83,1.09
FRS_setC_posA_122_posB_083_posC_109_record_098_frame_02.png,C,98,2,4,1.22,0.83,1.09
FRS_setC_posA_122_posB_083_posC_109_record_098_frame_03.png,C,98,3,6,1.22,0.83,1.09
FRS_setC_posA_122_posB_083_posC_109_record_098_frame_04.png,C,98,4,8,1.22,0.83,1.09
FRS_setC_posA_122_posB_083_posC_109_record_098_frame_05.png,C,98,5,10,1.22,0.83,1.09
FRS_setC_posA_122_posB_083_posC_109_record_098_frame_06.png,C,98,6,12,1.22,0.83,1.09
FRS_setC_posA_122_posB_083_posC_109_record_098_frame_07.png,C,98,7,14,1.22,0.83,1.09
FRS_setC_posA_122_posB_083_posC_109_record_098_frame_08.png,C,98,8,16,1.22,0.83,1.09
FRS_setC_posA_122_posB_083_posC_109_record_098_frame_09.png,C,98,9,18,1.22,0.83,1.09
FRS_setC_posA_122_posB_083_posC_109_record_098_frame_10.png,C,98,10,20,1.22,0.83,1.09
FRS_setC_posA_122_posB_083_posC_109_record_098_frame_11.png,C,98,11,22,1.22,0.83,1.09
FRS_setC_posA_122_posB_083_posC_109_record_098_frame_12.png,C,98,12,24,1.22,0.83,1.09
FRS_setC_posA_122_posB_083_posC_109_record_098_frame_13.png,C,98,13,26,1.22,0.83,1.09
FRS_setC_posA_122_posB_083_posC_109_record_098_frame_14.png,C,98,14,28,1.22,0.83,1.09
FRS_setC_posA_122_posB_083_posC_109_record_098_frame_15.png,C,98,15,30,1.22,0.83,1.09
FRS_setC_posA_122_posB_083_posC_109_record_098_frame_16.png,C,98,16,32,1.22,0.83,1.09
FRS_setC_posA_122_posB_083_posC_109_record_098_frame_17.png,C,98,17,34,1.22,0.83,1.09
FRS_setC_posA_122_posB_083_posC_109_record_098_frame_18.png,C,98,18,36,1.22,0.83,1.09
FRS_setC_posA_122_posB_083_posC_109_record_098_frame_19.png,C,98,19,38,1.22,0.83,1.09
FRS_setC_posA_122_posB_083_posC_110_record_099_frame_00.png,C,99,0,0,1.22,0.83,1.1
FRS_setC_posA_122_posB_083_posC_110_record_099_frame_01.png,C,99,1,2,1.22,0.83,1.1
FRS_setC_posA_122_posB_083_posC_110_record_099_frame_02.png,C,99,2,4,1.22,0.83,1.1
FRS_setC_posA_122_posB_083_posC_110_record_099_frame_03.png,C,99,3,6,1.22,0.83,1.1
FRS_setC_posA_122_posB_083_posC_110_record_099_frame_04.png,C,99,4,8,1.22,0.83,1.1
FRS_setC_posA_122_posB_083_posC_110_record_099_frame_05.png,C,99,5,10,1.22,0.83,1.1
FRS_setC_posA_122_posB_083_posC_110_record_099_frame_06.png,C,99,6,12,1.22,0.83,1.1
FRS_setC_posA_122_posB_083_posC_110_record_099_frame_07.png,C,99,7,14,1.22,0.83,1.1
FRS_setC_posA_122_posB_083_posC_110_record_099_frame_08.png,C,99,8,16,1.22,0.83,1.1
FRS_setC_posA_122_posB_083_posC_110_record_099_frame_09.png,C,99,9,18,1.22,0.83,1.1
FRS_setC_posA_122_posB_083_posC_110_record_099_frame_10.png,C,99,10,20,1.22,0.83,1.1
FRS_setC_posA_122_posB_083_posC_110_record_099_frame_11.png,C,99,11,22,1.22,0.83,1.1
FRS_setC_posA_122_posB_083_posC_110_record_099_frame_12.png,C,99,12,24,1.22,0.83,1.1
FRS_setC_posA_122_posB_083_posC_110_record_099_frame_13.png,C,99,13,26,1.22,0.83,1.1
FRS_setC_posA_122_posB_083_posC_110_record_099_frame_14.png,C,99,14,28,1.22,0.83,1.1
FRS_setC_posA_122_posB_083_posC_110_record_099_frame_15.png,C,99,15,30,1.22,0.83,1.1
FRS_setC_posA_122_posB_083_posC_110_record_099_frame_16.png,C,99,16,32,1.22,0.83,1.1
FRS_setC_posA_122_posB_083_posC_110_record_099_frame_17.png,C,99,17,34,1.22,0.83,1.1
FRS_setC_posA_122_posB_083_posC_110_record_099_frame_18.png,C,99,18,36,1.22,0.83,1.1
FRS_setC_posA_122_posB_083_posC_110_record_099_frame_19.png,C,99,19,38,1.22,0.83,1.1
FRS_setC_posA_122_posB_083_posC_112_record_100_frame_00.png,C,100,0,0,1.22,0.83,1.12
FRS_setC_posA_122_posB_083_posC_112_record_100_frame_01.png,C,100,1,2,1.22,0.83,1.12
FRS_setC_posA_122_posB_083_posC_112_record_100_frame_02.png,C,100,2,4,1.22,0.83,1.12
FRS_setC_posA_122_posB_083_posC_112_record_100_frame_03.png,C,100,3,6,1.22,0.83,1.12
FRS_setC_posA_122_posB_083_posC_112_record_100_frame_04.png,C,100,4,8,1.22,0.83,1.12
FRS_setC_posA_122_posB_083_posC_112_record_100_frame_05.png,C,100,5,10,1.22,0.83,1.12
FRS_setC_posA_122_posB_083_posC_112_record_100_frame_06.png,C,100,6,12,1.22,0.83,1.12
FRS_setC_posA_122_posB_083_posC_112_record_100_frame_07.png,C,100,7,14,1.22,0.83,1.12
FRS_setC_posA_122_posB_083_posC_112_record_100_frame_08.png,C,100,8,16,1.22,0.83,1.12
FRS_setC_posA_122_posB_083_posC_112_record_100_frame_09.png,C,100,9,18,1.22,0.83,1.12
FRS_setC_posA_122_posB_083_posC_112_record_100_frame_10.png,C,100,10,20,1.22,0.83,1.12
FRS_setC_posA_122_posB_083_posC_112_record_100_frame_11.png,C,100,11,22,1.22,0.83,1.12
FRS_setC_posA_122_posB_083_posC_112_record_100_frame_12.png,C,100,12,24,1.22,0.83,1.12
FRS_setC_posA_122_posB_083_posC_112_record_100_frame_13.png,C,100,13,26,1.22,0.83,1.12
FRS_setC_posA_122_posB_083_posC_112_record_100_frame_14.png,C,100,14,28,1.22,0.83,1.12
FRS_setC_posA_122_posB_083_posC_112_record_100_frame_15.png,C,100,15,30,1.22,0.83,1.12
FRS_setC_posA_122_posB_083_posC_112_record_100_frame_16.png,C,100,16,32,1.22,0.83,1.12
FRS_setC_posA_122_posB_083_posC_112_record_100_frame_17.png,C,100,17,34,1.22,0.83,1.12
FRS_setC_posA_122_posB_083_posC_112_record_100_frame_18.png,C,100,18,36,1.22,0.83,1.12
FRS_setC_posA_122_posB_083_posC_112_record_100_frame_19.png,C,100,19,38,1.22,0.83,1.12
FRS_setD_posA_035_posB_025_posC_037_record_001_frame_00.png,D,1,0,0,0.35,0.25,0.37
FRS_setD_posA_035_posB_025_posC_037_record_001_frame_01.png,D,1,1,2,0.35,0.25,0.37
FRS_setD_posA_035_posB_025_posC_037_record_001_frame_02.png,D,1,2,4,0.35,0.25,0.37
FRS_setD_posA_035_posB_025_posC_037_record_001_frame_03.png,D,1,3,6,0.35,0.25,0.37
FRS_setD_posA_035_posB_025_posC_037_record_001_frame_04.png,D,1,4,8,0.35,0.25,0.37
FRS_setD_posA_035_posB_025_posC_037_record_001_frame_05.png,D,1,5,10,0.35,0.25,0.37
FRS_setD_posA_035_posB_025_posC_037_record_001_frame_06.png,D,1,6,12,0.35,0.25,0.37
FRS_setD_posA_035_posB_025_posC_037_record_001_frame_07.png,D,1,7,14,0.35,0.25,0.37
FRS_setD_posA_035_posB_025_posC_037_record_001_frame_08.png,D,1,8,16,0.35,0.25,0.37
FRS_setD_posA_035_posB_025_posC_037_record_001_frame_09.png,D,1,9,18,0.35,0.25,0.37
FRS_setD_posA_035_posB_025_posC_037_record_001_frame_10.png,D,1,10,20,0.35,0.25,0.37
FRS_setD_posA_035_posB_025_posC_037_record_001_frame_11.png,D,1,11,22,0.35,0.25,0.37
FRS_setD_posA_035_posB_025_posC_037_record_001_frame_12.png,D,1,12,24,0.35,0.25,0.37
FRS_setD_posA_035_posB_025_posC_037_record_001_frame_13.png,D,1,13,26,0.35,0.25,0.37
FRS_setD_posA_035_posB_025_posC_037_record_001_frame_14.png,D,1,14,28,0.35,0.25,0.37
FRS_setD_posA_035_posB_025_posC_037_record_001_frame_15.png,D,1,15,30,0.35,0.25,0.37
FRS_setD_posA_035_posB_025_posC_037_record_001_frame_16.png,D,1,16,32,0.35,0.25,0.37
FRS_setD_posA_035_posB_025_posC_037_record_001_frame_17.png,D,1,17,34,0.35,0.25,0.37
FRS_setD_posA_035_posB_025_posC_037_record_001_frame_18.png,D,1,18,36,0.35,0.25,0.37
FRS_setD_posA_035_posB_025_posC_037_record_001_frame_19.png,D,1,19,38,0.35,0.25,0.37
FRS_setD_posA_036_posB_025_posC_037_record_002_frame_00.png,D,2,0,0,0.36,0.25,0.37
FRS_setD_posA_036_posB_025_posC_037_record_002_frame_01.png,D,2,1,2,0.36,0.25,0.37
FRS_setD_posA_036_posB_025_posC_037_record_002_frame_02.png,D,2,2,4,0.36,0.25,0.37
FRS_setD_posA_036_posB_025_posC_037_record_002_frame_03.png,D,2,3,6,0.36,0.25,0.37
FRS_setD_posA_036_posB_025_posC_037_record_002_frame_04.png,D,2,4,8,0.36,0.25,0.37
FRS_setD_posA_036_posB_025_posC_037_record_002_frame_05.png,D,2,5,10,0.36,0.25,0.37
FRS_setD_posA_036_posB_025_posC_037_record_002_frame_06.png,D,2,6,12,0.36,0.25,0.37
FRS_setD_posA_036_posB_025_posC_037_record_002_frame_07.png,D,2,7,14,0.36,0.25,0.37
FRS_setD_posA_036_posB_025_posC_037_record_002_frame_08.png,D,2,8,16,0.36,0.25,0.37
FRS_setD_posA_036_posB_025_posC_037_record_002_frame_09.png,D,2,9,18,0.36,0.25,0.37
FRS_setD_posA_036_posB_025_posC_037_record_002_frame_10.png,D,2,10,20,0.36,0.25,0.37
FRS_setD_posA_036_posB_025_posC_037_record_002_frame_11.png,D,2,11,22,0.36,0.25,0.37
FRS_setD_posA_036_posB_025_posC_037_record_002_frame_12.png,D,2,12,24,0.36,0.25,0.37
FRS_setD_posA_036_posB_025_posC_037_record_002_frame_13.png,D,2,13,26,0.36,0.25,0.37
FRS_setD_posA_036_posB_025_posC_037_record_002_frame_14.png,D,2,14,28,0.36,0.25,0.37
FRS_setD_posA_036_posB_025_posC_037_record_002_frame_15.png,D,2,15,30,0.36,0.25,0.37
FRS_setD_posA_036_posB_025_posC_037_record_002_frame_16.png,D,2,16,32,0.36,0.25,0.37
FRS_setD_posA_036_posB_025_posC_037_record_002_frame_17.png,D,2,17,34,0.36,0.25,0.37
FRS_setD_posA_036_posB_025_posC_037_record_002_frame_18.png,D,2,18,36,0.36,0.25,0.37
FRS_setD_posA_036_posB_025_posC_037_record_002_frame_19.png,D,2,19,38,0.36,0.25,0.37
FRS_setD_posA_036_posB_026_posC_038_record_003_frame_00.png,D,3,0,0,0.36,0.26,0.38
FRS_setD_posA_036_posB_026_posC_038_record_003_frame_01.png,D,3,1,2,0.36,0.26,0.38
FRS_setD_posA_036_posB_026_posC_038_record_003_frame_02.png,D,3,2,4,0.36,0.26,0.38
FRS_setD_posA_036_posB_026_posC_038_record_003_frame_03.png,D,3,3,6,0.36,0.26,0.38
FRS_setD_posA_036_posB_026_posC_038_record_003_frame_04.png,D,3,4,8,0.36,0.26,0.38
FRS_setD_posA_036_posB_026_posC_038_record_003_frame_05.png,D,3,5,10,0.36,0.26,0.38
FRS_setD_posA_036_posB_026_posC_038_record_003_frame_06.png,D,3,6,12,0.36,0.26,0.38
FRS_setD_posA_036_posB_026_posC_038_record_003_frame_07.png,D,3,7,14,0.36,0.26,0.38
FRS_setD_posA_036_posB_026_posC_038_record_003_frame_08.png,D,3,8,16,0.36,0.26,0.38
FRS_setD_posA_036_posB_026_posC_038_record_003_frame_09.png,D,3,9,18,0.36,0.26,0.38
FRS_setD_posA_036_posB_026_posC_038_record_003_frame_10.png,D,3,10,20,0.36,0.26,0.38
FRS_setD_posA_036_posB_026_posC_038_record_003_frame_11.png,D,3,11,22,0.36,0.26,0.38
FRS_setD_posA_036_posB_026_posC_038_record_003_frame_12.png,D,3,12,24,0.36,0.26,0.38
FRS_setD_posA_036_posB_026_posC_038_record_003_frame_13.png,D,3,13,26,0.36,0.26,0.38
FRS_setD_posA_036_posB_026_posC_038_record_003_frame_14.png,D,3,14,28,0.36,0.26,0.38
FRS_setD_posA_036_posB_026_posC_038_record_003_frame_15.png,D,3,15,30,0.36,0.26,0.38
FRS_setD_posA_036_posB_026_posC_038_record_003_frame_16.png,D,3,16,32,0.36,0.26,0.38
FRS_setD_posA_036_posB_026_posC_038_record_003_frame_17.png,D,3,17,34,0.36,0.26,0.38
FRS_setD_posA_036_posB_026_posC_038_record_003_frame_18.png,D,3,18,36,0.36,0.26,0.38
FRS_setD_posA_036_posB_026_posC_038_record_003_frame_19.png,D,3,19,38,0.36,0.26,0.38
FRS_setD_posA_037_posB_026_posC_038_record_004_frame_00.png,D,4,0,0,0.37,0.26,0.38
FRS_setD_posA_037_posB_026_posC_038_record_004_frame_01.png,D,4,1,2,0.37,0.26,0.38
FRS_setD_posA_037_posB_026_posC_038_record_004_frame_02.png,D,4,2,4,0.37,0.26,0.38
FRS_setD_posA_037_posB_026_posC_038_record_004_frame_03.png,D,4,3,6,0.37,0.26,0.38
FRS_setD_posA_037_posB_026_posC_038_record_004_frame_04.png,D,4,4,8,0.37,0.26,0.38
FRS_setD_posA_037_posB_026_posC_038_record_004_frame_05.png,D,4,5,10,0.37,0.26,0.38
FRS_setD_posA_037_posB_026_posC_038_record_004_frame_06.png,D,4,6,12,0.37,0.26,0.38
FRS_setD_posA_037_posB_026_posC_038_record_004_frame_07.png,D,4,7,14,0.37,0.26,0.38
FRS_setD_posA_037_posB_026_posC_038_record_004_frame_08.png,D,4,8,16,0.37,0.26,0.38
FRS_setD_posA_037_posB_026_posC_038_record_004_frame_09.png,D,4,9,18,0.37,0.26,0.38
FRS_setD_posA_037_posB_026_posC_038_record_004_frame_10.png,D,4,10,20,0.37,0.26,0.38
FRS_setD_posA_037_posB_026_posC_038_record_004_frame_11.png,D,4,11,22,0.37,0.26,0.38
FRS_setD_posA_037_posB_026_posC_038_record_004_frame_12.png,D,4,12,24,0.37,0.26,0.38
FRS_setD_posA_037_posB_026_posC_038_record_004_frame_13.png,D,4,13,26,0.37,0.26,0.38
FRS_setD_posA_037_posB_026_posC_038_record_004_frame_14.png,D,4,14,28,0.37,0.26,0.38
FRS_setD_posA_037_posB_026_posC_038_record_004_frame_15.png,D,4,15,30,0.37,0.26,0.38
FRS_setD_posA_037_posB_026_posC_038_record_004_frame_16.png,D,4,16,32,0.37,0.26,0.38
FRS_setD_posA_037_posB_026_posC_038_record_004_frame_17.png,D,4,17,34,0.37,0.26,0.38
FRS_setD_posA_037_posB_026_posC_038_record_004_frame_18.png,D,4,18,36,0.37,0.26,0.38
FRS_setD_posA_037_posB_026_posC_038_record_004_frame_19.png,D,4,19,38,0.37,0.26,0.38
FRS_setD_posA_038_posB_027_posC_039_record_005_frame_00.png,D,5,0,0,0.38,0.27,0.39
FRS_setD_posA_038_posB_027_posC_039_record_005_frame_01.png,D,5,1,2,0.38,0.27,0.39
FRS_setD_posA_038_posB_027_posC_039_record_005_frame_02.png,D,5,2,4,0.38,0.27,0.39
FRS_setD_posA_038_posB_027_posC_039_record_005_frame_03.png,D,5,3,6,0.38,0.27,0.39
FRS_setD_posA_038_posB_027_posC_039_record_005_frame_04.png,D,5,4,8,0.38,0.27,0.39
FRS_setD_posA_038_posB_027_posC_039_record_005_frame_05.png,D,5,5,10,0.38,0.27,0.39
FRS_setD_posA_038_posB_027_posC_039_record_005_frame_06.png,D,5,6,12,0.38,0.27,0.39
FRS_setD_posA_038_posB_027_posC_039_record_005_frame_07.png,D,5,7,14,0.38,0.27,0.39
FRS_setD_posA_038_posB_027_posC_039_record_005_frame_08.png,D,5,8,16,0.38,0.27,0.39
FRS_setD_posA_038_posB_027_posC_039_record_005_frame_09.png,D,5,9,18,0.38,0.27,0.39
FRS_setD_posA_038_posB_027_posC_039_record_005_frame_10.png,D,5,10,20,0.38,0.27,0.39
FRS_setD_posA_038_posB_027_posC_039_record_005_frame_11.png,D,5,11,22,0.38,0.27,0.39
FRS_setD_posA_038_posB_027_posC_039_record_005_frame_12.png,D,5,12,24,0.38,0.27,0.39
FRS_setD_posA_038_posB_027_posC_039_record_005_frame_13.png,D,5,13,26,0.38,0.27,0.39
FRS_setD_posA_038_posB_027_posC_039_record_005_frame_14.png,D,5,14,28,0.38,0.27,0.39
FRS_setD_posA_038_posB_027_posC_039_record_005_frame_15.png,D,5,15,30,0.38,0.27,0.39
FRS_setD_posA_038_posB_027_posC_039_record_005_frame_16.png,D,5,16,32,0.38,0.27,0.39
FRS_setD_posA_038_posB_027_posC_039_record_005_frame_17.png,D,5,17,34,0.38,0.27,0.39
FRS_setD_posA_038_posB_027_posC_039_record_005_frame_18.png,D,5,18,36,0.38,0.27,0.39
FRS_setD_posA_038_posB_027_posC_039_record_005_frame_19.png,D,5,19,38,0.38,0.27,0.39
FRS_setD_posA_040_posB_029_posC_040_record_006_frame_00.png,D,6,0,0,0.4,0.29,0.4
FRS_setD_posA_040_posB_029_posC_040_record_006_frame_01.png,D,6,1,2,0.4,0.29,0.4
FRS_setD_posA_040_posB_029_posC_040_record_006_frame_02.png,D,6,2,4,0.4,0.29,0.4
FRS_setD_posA_040_posB_029_posC_040_record_006_frame_03.png,D,6,3,6,0.4,0.29,0.4
FRS_setD_posA_040_posB_029_posC_040_record_006_frame_04.png,D,6,4,8,0.4,0.29,0.4
FRS_setD_posA_040_posB_029_posC_040_record_006_frame_05.png,D,6,5,10,0.4,0.29,0.4
FRS_setD_posA_040_posB_029_posC_040_record_006_frame_06.png,D,6,6,12,0.4,0.29,0.4
FRS_setD_posA_040_posB_029_posC_040_record_006_frame_07.png,D,6,7,14,0.4,0.29,0.4
FRS_setD_posA_040_posB_029_posC_040_record_006_frame_08.png,D,6,8,16,0.4,0.29,0.4
FRS_setD_posA_040_posB_029_posC_040_record_006_frame_09.png,D,6,9,18,0.4,0.29,0.4
FRS_setD_posA_040_posB_029_posC_040_record_006_frame_10.png,D,6,10,20,0.4,0.29,0.4
FRS_setD_posA_040_posB_029_posC_040_record_006_frame_11.png,D,6,11,22,0.4,0.29,0.4
FRS_setD_posA_040_posB_029_posC_040_record_006_frame_12.png,D,6,12,24,0.4,0.29,0.4
FRS_setD_posA_040_posB_029_posC_040_record_006_frame_13.png,D,6,13,26,0.4,0.29,0.4
FRS_setD_posA_040_posB_029_posC_040_record_006_frame_14.png,D,6,14,28,0.4,0.29,0.4
FRS_setD_posA_040_posB_029_posC_040_record_006_frame_15.png,D,6,15,30,0.4,0.29,0.4
FRS_setD_posA_040_posB_029_posC_040_record_006_frame_16.png,D,6,16,32,0.4,0.29,0.4
FRS_setD_posA_040_posB_029_posC_040_record_006_frame_17.png,D,6,17,34,0.4,0.29,0.4
FRS_setD_posA_040_posB_029_posC_040_record_006_frame_18.png,D,6,18,36,0.4,0.29,0.4
FRS_setD_posA_040_posB_029_posC_040_record_006_frame_19.png,D,6,19,38,0.4,0.29,0.4
FRS_setD_posA_041_posB_029_posC_040_record_007_frame_00.png,D,7,0,0,0.41,0.29,0.4
FRS_setD_posA_041_posB_029_posC_040_record_007_frame_01.png,D,7,1,2,0.41,0.29,0.4
FRS_setD_posA_041_posB_029_posC_040_record_007_frame_02.png,D,7,2,4,0.41,0.29,0.4
FRS_setD_posA_041_posB_029_posC_040_record_007_frame_03.png,D,7,3,6,0.41,0.29,0.4
FRS_setD_posA_041_posB_029_posC_040_record_007_frame_04.png,D,7,4,8,0.41,0.29,0.4
FRS_setD_posA_041_posB_029_posC_040_record_007_frame_05.png,D,7,5,10,0.41,0.29,0.4
FRS_setD_posA_041_posB_029_posC_040_record_007_frame_06.png,D,7,6,12,0.41,0.29,0.4
FRS_setD_posA_041_posB_029_posC_040_record_007_frame_07.png,D,7,7,14,0.41,0.29,0.4
FRS_setD_posA_041_posB_029_posC_040_record_007_frame_08.png,D,7,8,16,0.41,0.29,0.4
FRS_setD_posA_041_posB_029_posC_040_record_007_frame_09.png,D,7,9,18,0.41,0.29,0.4
FRS_setD_posA_041_posB_029_posC_040_record_007_frame_10.png,D,7,10,20,0.41,0.29,0.4
FRS_setD_posA_041_posB_029_posC_040_record_007_frame_11.png,D,7,11,22,0.41,0.29,0.4
FRS_setD_posA_041_posB_029_posC_040_record_007_frame_12.png,D,7,12,24,0.41,0.29,0.4
FRS_setD_posA_041_posB_029_posC_040_record_007_frame_13.png,D,7,13,26,0.41,0.29,0.4
FRS_setD_posA_041_posB_029_posC_040_record_007_frame_14.png,D,7,14,28,0.41,0.29,0.4
FRS_setD_posA_041_posB_029_posC_040_record_007_frame_15.png,D,7,15,30,0.41,0.29,0.4
FRS_setD_posA_041_posB_029_posC_040_record_007_frame_16.png,D,7,16,32,0.41,0.29,0.4
FRS_setD_posA_041_posB_029_posC_040_record_007_frame_17.png,D,7,17,34,0.41,0.29,0.4
FRS_setD_posA_041_posB_029_posC_040_record_007_frame_18.png,D,7,18,36,0.41,0.29,0.4
FRS_setD_posA_041_posB_029_posC_040_record_007_frame_19.png,D,7,19,38,0.41,0.29,0.4
FRS_setD_posA_042_posB_031_posC_041_record_008_frame_00.png,D,8,0,0,0.42,0.31,0.41
FRS_setD_posA_042_posB_031_posC_041_record_008_frame_01.png,D,8,1,2,0.42,0.31,0.41
FRS_setD_posA_042_posB_031_posC_041_record_008_frame_02.png,D,8,2,4,0.42,0.31,0.41
FRS_setD_posA_042_posB_031_posC_041_record_008_frame_03.png,D,8,3,6,0.42,0.31,0.41
FRS_setD_posA_042_posB_031_posC_041_record_008_frame_04.png,D,8,4,8,0.42,0.31,0.41
FRS_setD_posA_042_posB_031_posC_041_record_008_frame_05.png,D,8,5,10,0.42,0.31,0.41
FRS_setD_posA_042_posB_031_posC_041_record_008_frame_06.png,D,8,6,12,0.42,0.31,0.41
FRS_setD_posA_042_posB_031_posC_041_record_008_frame_07.png,D,8,7,14,0.42,0.31,0.41
FRS_setD_posA_042_posB_031_posC_041_record_008_frame_08.png,D,8,8,16,0.42,0.31,0.41
FRS_setD_posA_042_posB_031_posC_041_record_008_frame_09.png,D,8,9,18,0.42,0.31,0.41
FRS_setD_posA_042_posB_031_posC_041_record_008_frame_10.png,D,8,10,20,0.42,0.31,0.41
FRS_setD_posA_042_posB_031_posC_041_record_008_frame_11.png,D,8,11,22,0.42,0.31,0.41
FRS_setD_posA_042_posB_031_posC_041_record_008_frame_12.png,D,8,12,24,0.42,0.31,0.41
FRS_setD_posA_042_posB_031_posC_041_record_008_frame_13.png,D,8,13,26,0.42,0.31,0.41
FRS_setD_posA_042_posB_031_posC_041_record_008_frame_14.png,D,8,14,28,0.42,0.31,0.41
FRS_setD_posA_042_posB_031_posC_041_record_008_frame_15.png,D,8,15,30,0.42,0.31,0.41
FRS_setD_posA_042_posB_031_posC_041_record_008_frame_16.png,D,8,16,32,0.42,0.31,0.41
FRS_setD_posA_042_posB_031_posC_041_record_008_frame_17.png,D,8,17,34,0.42,0.31,0.41
FRS_setD_posA_042_posB_031_posC_041_record_008_frame_18.png,D,8,18,36,0.42,0.31,0.41
FRS_setD_posA_042_posB_031_posC_041_record_008_frame_19.png,D,8,19,38,0.42,0.31,0.41
FRS_setD_posA_044_posB_032_posC_042_record_009_frame_00.png,D,9,0,0,0.44,0.32,0.42
FRS_setD_posA_044_posB_032_posC_042_record_009_frame_01.png,D,9,1,2,0.44,0.32,0.42
FRS_setD_posA_044_posB_032_posC_042_record_009_frame_02.png,D,9,2,4,0.44,0.32,0.42
FRS_setD_posA_044_posB_032_posC_042_record_009_frame_03.png,D,9,3,6,0.44,0.32,0.42
FRS_setD_posA_044_posB_032_posC_042_record_009_frame_04.png,D,9,4,8,0.44,0.32,0.42
FRS_setD_posA_044_posB_032_posC_042_record_009_frame_05.png,D,9,5,10,0.44,0.32,0.42
FRS_setD_posA_044_posB_032_posC_042_record_009_frame_06.png,D,9,6,12,0.44,0.32,0.42
FRS_setD_posA_044_posB_032_posC_042_record_009_frame_07.png,D,9,7,14,0.44,0.32,0.42
FRS_setD_posA_044_posB_032_posC_042_record_009_frame_08.png,D,9,8,16,0.44,0.32,0.42
FRS_setD_posA_044_posB_032_posC_042_record_009_frame_09.png,D,9,9,18,0.44,0.32,0.42
FRS_setD_posA_044_posB_032_posC_042_record_009_frame_10.png,D,9,10,20,0.44,0.32,0.42
FRS_setD_posA_044_posB_032_posC_042_record_009_frame_11.png,D,9,11,22,0.44,0.32,0.42
FRS_setD_posA_044_posB_032_posC_042_record_009_frame_12.png,D,9,12,24,0.44,0.32,0.42
FRS_setD_posA_044_posB_032_posC_042_record_009_frame_13.png,D,9,13,26,0.44,0.32,0.42
FRS_setD_posA_044_posB_032_posC_042_record_009_frame_14.png,D,9,14,28,0.44,0.32,0.42
FRS_setD_posA_044_posB_032_posC_042_record_009_frame_15.png,D,9,15,30,0.44,0.32,0.42
FRS_setD_posA_044_posB_032_posC_042_record_009_frame_16.png,D,9,16,32,0.44,0.32,0.42
FRS_setD_posA_044_posB_032_posC_042_record_009_frame_17.png,D,9,17,34,0.44,0.32,0.42
FRS_setD_posA_044_posB_032_posC_042_record_009_frame_18.png,D,9,18,36,0.44,0.32,0.42
FRS_setD_posA_044_posB_032_posC_042_record_009_frame_19.png,D,9,19,38,0.44,0.32,0.42
FRS_setD_posA_045_posB_032_posC_042_record_010_frame_00.png,D,10,0,0,0.45,0.32,0.42
FRS_setD_posA_045_posB_032_posC_042_record_010_frame_01.png,D,10,1,2,0.45,0.32,0.42
FRS_setD_posA_045_posB_032_posC_042_record_010_frame_02.png,D,10,2,4,0.45,0.32,0.42
FRS_setD_posA_045_posB_032_posC_042_record_010_frame_03.png,D,10,3,6,0.45,0.32,0.42
FRS_setD_posA_045_posB_032_posC_042_record_010_frame_04.png,D,10,4,8,0.45,0.32,0.42
FRS_setD_posA_045_posB_032_posC_042_record_010_frame_05.png,D,10,5,10,0.45,0.32,0.42
FRS_setD_posA_045_posB_032_posC_042_record_010_frame_06.png,D,10,6,12,0.45,0.32,0.42
FRS_setD_posA_045_posB_032_posC_042_record_010_frame_07.png,D,10,7,14,0.45,0.32,0.42
FRS_setD_posA_045_posB_032_posC_042_record_010_frame_08.png,D,10,8,16,0.45,0.32,0.42
FRS_setD_posA_045_posB_032_posC_042_record_010_frame_09.png,D,10,9,18,0.45,0.32,0.42
FRS_setD_posA_045_posB_032_posC_042_record_010_frame_10.png,D,10,10,20,0.45,0.32,0.42
FRS_setD_posA_045_posB_032_posC_042_record_010_frame_11.png,D,10,11,22,0.45,0.32,0.42
FRS_setD_posA_045_posB_032_posC_042_record_010_frame_12.png,D,10,12,24,0.45,0.32,0.42
FRS_setD_posA_045_posB_032_posC_042_record_010_frame_13.png,D,10,13,26,0.45,0.32,0.42
FRS_setD_posA_045_posB_032_posC_042_record_010_frame_14.png,D,10,14,28,0.45,0.32,0.42
FRS_setD_posA_045_posB_032_posC_042_record_010_frame_15.png,D,10,15,30,0.45,0.32,0.42
FRS_setD_posA_045_posB_032_posC_042_record_010_frame_16.png,D,10,16,32,0.45,0.32,0.42
FRS_setD_posA_045_posB_032_posC_042_record_010_frame_17.png,D,10,17,34,0.45,0.32,0.42
FRS_setD_posA_045_posB_032_posC_042_record_010_frame_18.png,D,10,18,36,0.45,0.32,0.42
FRS_setD_posA_045_posB_032_posC_042_record_010_frame_19.png,D,10,19,38,0.45,0.32,0.42
FRS_setD_posA_046_posB_033_posC_042_record_011_frame_00.png,D,11,0,0,0.46,0.33,0.42
FRS_setD_posA_046_posB_033_posC_042_record_011_frame_01.png,D,11,1,2,0.46,0.33,0.42
FRS_setD_posA_046_posB_033_posC_042_record_011_frame_02.png,D,11,2,4,0.46,0.33,0.42
FRS_setD_posA_046_posB_033_posC_042_record_011_frame_03.png,D,11,3,6,0.46,0.33,0.42
FRS_setD_posA_046_posB_033_posC_042_record_011_frame_04.png,D,11,4,8,0.46,0.33,0.42
FRS_setD_posA_046_posB_033_posC_042_record_011_frame_05.png,D,11,5,10,0.46,0.33,0.42
FRS_setD_posA_046_posB_033_posC_042_record_011_frame_06.png,D,11,6,12,0.46,0.33,0.42
FRS_setD_posA_046_posB_033_posC_042_record_011_frame_07.png,D,11,7,14,0.46,0.33,0.42
FRS_setD_posA_046_posB_033_posC_042_record_011_frame_08.png,D,11,8,16,0.46,0.33,0.42
FRS_setD_posA_046_posB_033_posC_042_record_011_frame_09.png,D,11,9,18,0.46,0.33,0.42
FRS_setD_posA_046_posB_033_posC_042_record_011_frame_10.png,D,11,10,20,0.46,0.33,0.42
FRS_setD_posA_046_posB_033_posC_042_record_011_frame_11.png,D,11,11,22,0.46,0.33,0.42
FRS_setD_posA_046_posB_033_posC_042_record_011_frame_12.png,D,11,12,24,0.46,0.33,0.42
FRS_setD_posA_046_posB_033_posC_042_record_011_frame_13.png,D,11,13,26,0.46,0.33,0.42
FRS_setD_posA_046_posB_033_posC_042_record_011_frame_14.png,D,11,14,28,0.46,0.33,0.42
FRS_setD_posA_046_posB_033_posC_042_record_011_frame_15.png,D,11,15,30,0.46,0.33,0.42
FRS_setD_posA_046_posB_033_posC_042_record_011_frame_16.png,D,11,16,32,0.46,0.33,0.42
FRS_setD_posA_046_posB_033_posC_042_record_011_frame_17.png,D,11,17,34,0.46,0.33,0.42
FRS_setD_posA_046_posB_033_posC_042_record_011_frame_18.png,D,11,18,36,0.46,0.33,0.42
FRS_setD_posA_046_posB_033_posC_042_record_011_frame_19.png,D,11,19,38,0.46,0.33,0.42
FRS_setD_posA_046_posB_033_posC_043_record_012_frame_00.png,D,12,0,0,0.46,0.33,0.43
FRS_setD_posA_046_posB_033_posC_043_record_012_frame_01.png,D,12,1,2,0.46,0.33,0.43
FRS_setD_posA_046_posB_033_posC_043_record_012_frame_02.png,D,12,2,4,0.46,0.33,0.43
FRS_setD_posA_046_posB_033_posC_043_record_012_frame_03.png,D,12,3,6,0.46,0.33,0.43
FRS_setD_posA_046_posB_033_posC_043_record_012_frame_04.png,D,12,4,8,0.46,0.33,0.43
FRS_setD_posA_046_posB_033_posC_043_record_012_frame_05.png,D,12,5,10,0.46,0.33,0.43
FRS_setD_posA_046_posB_033_posC_043_record_012_frame_06.png,D,12,6,12,0.46,0.33,0.43
FRS_setD_posA_046_posB_033_posC_043_record_012_frame_07.png,D,12,7,14,0.46,0.33,0.43
FRS_setD_posA_046_posB_033_posC_043_record_012_frame_08.png,D,12,8,16,0.46,0.33,0.43
FRS_setD_posA_046_posB_033_posC_043_record_012_frame_09.png,D,12,9,18,0.46,0.33,0.43
FRS_setD_posA_046_posB_033_posC_043_record_012_frame_10.png,D,12,10,20,0.46,0.33,0.43
FRS_setD_posA_046_posB_033_posC_043_record_012_frame_11.png,D,12,11,22,0.46,0.33,0.43
FRS_setD_posA_046_posB_033_posC_043_record_012_frame_12.png,D,12,12,24,0.46,0.33,0.43
FRS_setD_posA_046_posB_033_posC_043_record_012_frame_13.png,D,12,13,26,0.46,0.33,0.43
FRS_setD_posA_046_posB_033_posC_043_record_012_frame_14.png,D,12,14,28,0.46,0.33,0.43
FRS_setD_posA_046_posB_033_posC_043_record_012_frame_15.png,D,12,15,30,0.46,0.33,0.43
FRS_setD_posA_046_posB_033_posC_043_record_012_frame_16.png,D,12,16,32,0.46,0.33,0.43
FRS_setD_posA_046_posB_033_posC_043_record_012_frame_17.png,D,12,17,34,0.46,0.33,0.43
FRS_setD_posA_046_posB_033_posC_043_record_012_frame_18.png,D,12,18,36,0.46,0.33,0.43
FRS_setD_posA_046_posB_033_posC_043_record_012_frame_19.png,D,12,19,38,0.46,0.33,0.43
FRS_setD_posA_047_posB_035_posC_043_record_013_frame_00.png,D,13,0,0,0.47,0.35,0.43
FRS_setD_posA_047_posB_035_posC_043_record_013_frame_01.png,D,13,1,2,0.47,0.35,0.43
FRS_setD_posA_047_posB_035_posC_043_record_013_frame_02.png,D,13,2,4,0.47,0.35,0.43
FRS_setD_posA_047_posB_035_posC_043_record_013_frame_03.png,D,13,3,6,0.47,0.35,0.43
FRS_setD_posA_047_posB_035_posC_043_record_013_frame_04.png,D,13,4,8,0.47,0.35,0.43
FRS_setD_posA_047_posB_035_posC_043_record_013_frame_05.png,D,13,5,10,0.47,0.35,0.43
FRS_setD_posA_047_posB_035_posC_043_record_013_frame_06.png,D,13,6,12,0.47,0.35,0.43
FRS_setD_posA_047_posB_035_posC_043_record_013_frame_07.png,D,13,7,14,0.47,0.35,0.43
FRS_setD_posA_047_posB_035_posC_043_record_013_frame_08.png,D,13,8,16,0.47,0.35,0.43
FRS_setD_posA_047_posB_035_posC_043_record_013_frame_09.png,D,13,9,18,0.47,0.35,0.43
FRS_setD_posA_047_posB_035_posC_043_record_013_frame_10.png,D,13,10,20,0.47,0.35,0.43
FRS_setD_posA_047_posB_035_posC_043_record_013_frame_11.png,D,13,11,22,0.47,0.35,0.43
FRS_setD_posA_047_posB_035_posC_043_record_013_frame_12.png,D,13,12,24,0.47,0.35,0.43
FRS_setD_posA_047_posB_035_posC_043_record_013_frame_13.png,D,13,13,26,0.47,0.35,0.43
FRS_setD_posA_047_posB_035_posC_043_record_013_frame_14.png,D,13,14,28,0.47,0.35,0.43
FRS_setD_posA_047_posB_035_posC_043_record_013_frame_15.png,D,13,15,30,0.47,0.35,0.43
FRS_setD_posA_047_posB_035_posC_043_record_013_frame_16.png,D,13,16,32,0.47,0.35,0.43
FRS_setD_posA_047_posB_035_posC_043_record_013_frame_17.png,D,13,17,34,0.47,0.35,0.43
FRS_setD_posA_047_posB_035_posC_043_record_013_frame_18.png,D,13,18,36,0.47,0.35,0.43
FRS_setD_posA_047_posB_035_posC_043_record_013_frame_19.png,D,13,19,38,0.47,0.35,0.43
FRS_setD_posA_048_posB_035_posC_043_record_014_frame_00.png,D,14,0,0,0.48,0.35,0.43
FRS_setD_posA_048_posB_035_posC_043_record_014_frame_01.png,D,14,1,2,0.48,0.35,0.43
FRS_setD_posA_048_posB_035_posC_043_record_014_frame_02.png,D,14,2,4,0.48,0.35,0.43
FRS_setD_posA_048_posB_035_posC_043_record_014_frame_03.png,D,14,3,6,0.48,0.35,0.43
FRS_setD_posA_048_posB_035_posC_043_record_014_frame_04.png,D,14,4,8,0.48,0.35,0.43
FRS_setD_posA_048_posB_035_posC_043_record_014_frame_05.png,D,14,5,10,0.48,0.35,0.43
FRS_setD_posA_048_posB_035_posC_043_record_014_frame_06.png,D,14,6,12,0.48,0.35,0.43
FRS_setD_posA_048_posB_035_posC_043_record_014_frame_07.png,D,14,7,14,0.48,0.35,0.43
FRS_setD_posA_048_posB_035_posC_043_record_014_frame_08.png,D,14,8,16,0.48,0.35,0.43
FRS_setD_posA_048_posB_035_posC_043_record_014_frame_09.png,D,14,9,18,0.48,0.35,0.43
FRS_setD_posA_048_posB_035_posC_043_record_014_frame_10.png,D,14,10,20,0.48,0.35,0.43
FRS_setD_posA_048_posB_035_posC_043_record_014_frame_11.png,D,14,11,22,0.48,0.35,0.43
FRS_setD_posA_048_posB_035_posC_043_record_014_frame_12.png,D,14,12,24,0.48,0.35,0.43
FRS_setD_posA_048_posB_035_posC_043_record_014_frame_13.png,D,14,13,26,0.48,0.35,0.43
FRS_setD_posA_048_posB_035_posC_043_record_014_frame_14.png,D,14,14,28,0.48,0.35,0.43
FRS_setD_posA_048_posB_035_posC_043_record_014_frame_15.png,D,14,15,30,0.48,0.35,0.43
FRS_setD_posA_048_posB_035_posC_043_record_014_frame_16.png,D,14,16,32,0.48,0.35,0.43
FRS_setD_posA_048_posB_035_posC_043_record_014_frame_17.png,D,14,17,34,0.48,0.35,0.43
FRS_setD_posA_048_posB_035_posC_043_record_014_frame_18.png,D,14,18,36,0.48,0.35,0.43
FRS_setD_posA_048_posB_035_posC_043_record_014_frame_19.png,D,14,19,38,0.48,0.35,0.43
FRS_setD_posA_049_posB_035_posC_045_record_015_frame_00.png,D,15,0,0,0.49,0.35,0.45
FRS_setD_posA_049_posB_035_posC_045_record_015_frame_01.png,D,15,1,2,0.49,0.35,0.45
FRS_setD_posA_049_posB_035_posC_045_record_015_frame_02.png,D,15,2,4,0.49,0.35,0.45
FRS_setD_posA_049_posB_035_posC_045_record_015_frame_03.png,D,15,3,6,0.49,0.35,0.45
FRS_setD_posA_049_posB_035_posC_045_record_015_frame_04.png,D,15,4,8,0.49,0.35,0.45
FRS_setD_posA_049_posB_035_posC_045_record_015_frame_05.png,D,15,5,10,0.49,0.35,0.45
FRS_setD_posA_049_posB_035_posC_045_record_015_frame_06.png,D,15,6,12,0.49,0.35,0.45
FRS_setD_posA_049_posB_035_posC_045_record_015_frame_07.png,D,15,7,14,0.49,0.35,0.45
FRS_setD_posA_049_posB_035_posC_045_record_015_frame_08.png,D,15,8,16,0.49,0.35,0.45
FRS_setD_posA_049_posB_035_posC_045_record_015_frame_09.png,D,15,9,18,0.49,0.35,0.45
FRS_setD_posA_049_posB_035_posC_045_record_015_frame_10.png,D,15,10,20,0.49,0.35,0.45
FRS_setD_posA_049_posB_035_posC_045_record_015_frame_11.png,D,15,11,22,0.49,0.35,0.45
FRS_setD_posA_049_posB_035_posC_045_record_015_frame_12.png,D,15,12,24,0.49,0.35,0.45
FRS_setD_posA_049_posB_035_posC_045_record_015_frame_13.png,D,15,13,26,0.49,0.35,0.45
FRS_setD_posA_049_posB_035_posC_045_record_015_frame_14.png,D,15,14,28,0.49,0.35,0.45
FRS_setD_posA_049_posB_035_posC_045_record_015_frame_15.png,D,15,15,30,0.49,0.35,0.45
FRS_setD_posA_049_posB_035_posC_045_record_015_frame_16.png,D,15,16,32,0.49,0.35,0.45
FRS_setD_posA_049_posB_035_posC_045_record_015_frame_17.png,D,15,17,34,0.49,0.35,0.45
FRS_setD_posA_049_posB_035_posC_045_record_015_frame_18.png,D,15,18,36,0.49,0.35,0.45
FRS_setD_posA_049_posB_035_posC_045_record_015_frame_19.png,D,15,19,38,0.49,0.35,0.45
FRS_setD_posA_050_posB_036_posC_045_record_016_frame_00.png,D,16,0,0,0.5,0.36,0.45
FRS_setD_posA_050_posB_036_posC_045_record_016_frame_01.png,D,16,1,2,0.5,0.36,0.45
FRS_setD_posA_050_posB_036_posC_045_record_016_frame_02.png,D,16,2,4,0.5,0.36,0.45
FRS_setD_posA_050_posB_036_posC_045_record_016_frame_03.png,D,16,3,6,0.5,0.36,0.45
FRS_setD_posA_050_posB_036_posC_045_record_016_frame_04.png,D,16,4,8,0.5,0.36,0.45
FRS_setD_posA_050_posB_036_posC_045_record_016_frame_05.png,D,16,5,10,0.5,0.36,0.45
FRS_setD_posA_050_posB_036_posC_045_record_016_frame_06.png,D,16,6,12,0.5,0.36,0.45
FRS_setD_posA_050_posB_036_posC_045_record_016_frame_07.png,D,16,7,14,0.5,0.36,0.45
FRS_setD_posA_050_posB_036_posC_045_record_016_frame_08.png,D,16,8,16,0.5,0.36,0.45
FRS_setD_posA_050_posB_036_posC_045_record_016_frame_09.png,D,16,9,18,0.5,0.36,0.45
FRS_setD_posA_050_posB_036_posC_045_record_016_frame_10.png,D,16,10,20,0.5,0.36,0.45
FRS_setD_posA_050_posB_036_posC_045_record_016_frame_11.png,D,16,11,22,0.5,0.36,0.45
FRS_setD_posA_050_posB_036_posC_045_record_016_frame_12.png,D,16,12,24,0.5,0.36,0.45
FRS_setD_posA_050_posB_036_posC_045_record_016_frame_13.png,D,16,13,26,0.5,0.36,0.45
FRS_setD_posA_050_posB_036_posC_045_record_016_frame_14.png,D,16,14,28,0.5,0.36,0.45
FRS_setD_posA_050_posB_036_posC_045_record_016_frame_15.png,D,16,15,30,0.5,0.36,0.45
FRS_setD_posA_050_posB_036_posC_045_record_016_frame_16.png,D,16,16,32,0.5,0.36,0.45
FRS_setD_posA_050_posB_036_posC_045_record_016_frame_17.png,D,16,17,34,0.5,0.36,0.45
FRS_setD_posA_050_posB_036_posC_045_record_016_frame_18.png,D,16,18,36,0.5,0.36,0.45
FRS_setD_posA_050_posB_036_posC_045_record_016_frame_19.png,D,16,19,38,0.5,0.36,0.45
FRS_setD_posA_050_posB_037_posC_045_record_017_frame_00.png,D,17,0,0,0.5,0.37,0.45
FRS_setD_posA_050_posB_037_posC_045_record_017_frame_01.png,D,17,1,2,0.5,0.37,0.45
FRS_setD_posA_050_posB_037_posC_045_record_017_frame_02.png,D,17,2,4,0.5,0.37,0.45
FRS_setD_posA_050_posB_037_posC_045_record_017_frame_03.png,D,17,3,6,0.5,0.37,0.45
FRS_setD_posA_050_posB_037_posC_045_record_017_frame_04.png,D,17,4,8,0.5,0.37,0.45
FRS_setD_posA_050_posB_037_posC_045_record_017_frame_05.png,D,17,5,10,0.5,0.37,0.45
FRS_setD_posA_050_posB_037_posC_045_record_017_frame_06.png,D,17,6,12,0.5,0.37,0.45
FRS_setD_posA_050_posB_037_posC_045_record_017_frame_07.png,D,17,7,14,0.5,0.37,0.45
FRS_setD_posA_050_posB_037_posC_045_record_017_frame_08.png,D,17,8,16,0.5,0.37,0.45
FRS_setD_posA_050_posB_037_posC_045_record_017_frame_09.png,D,17,9,18,0.5,0.37,0.45
FRS_setD_posA_050_posB_037_posC_045_record_017_frame_10.png,D,17,10,20,0.5,0.37,0.45
FRS_setD_posA_050_posB_037_posC_045_record_017_frame_11.png,D,17,11,22,0.5,0.37,0.45
FRS_setD_posA_050_posB_037_posC_045_record_017_frame_12.png,D,17,12,24,0.5,0.37,0.45
FRS_setD_posA_050_posB_037_posC_045_record_017_frame_13.png,D,17,13,26,0.5,0.37,0.45
FRS_setD_posA_050_posB_037_posC_045_record_017_frame_14.png,D,17,14,28,0.5,0.37,0.45
FRS_setD_posA_050_posB_037_posC_045_record_017_frame_15.png,D,17,15,30,0.5,0.37,0.45
FRS_setD_posA_050_posB_037_posC_045_record_017_frame_16.png,D,17,16,32,0.5,0.37,0.45
FRS_setD_posA_050_posB_037_posC_045_record_017_frame_17.png,D,17,17,34,0.5,0.37,0.45
FRS_setD_posA_050_posB_037_posC_045_record_017_frame_18.png,D,17,18,36,0.5,0.37,0.45
FRS_setD_posA_050_posB_037_posC_045_record_017_frame_19.png,D,17,19,38,0.5,0.37,0.45
FRS_setD_posA_050_posB_038_posC_046_record_018_frame_00.png,D,18,0,0,0.5,0.38,0.46
FRS_setD_posA_050_posB_038_posC_046_record_018_frame_01.png,D,18,1,2,0.5,0.38,0.46
FRS_setD_posA_050_posB_038_posC_046_record_018_frame_02.png,D,18,2,4,0.5,0.38,0.46
FRS_setD_posA_050_posB_038_posC_046_record_018_frame_03.png,D,18,3,6,0.5,0.38,0.46
FRS_setD_posA_050_posB_038_posC_046_record_018_frame_04.png,D,18,4,8,0.5,0.38,0.46
FRS_setD_posA_050_posB_038_posC_046_record_018_frame_05.png,D,18,5,10,0.5,0.38,0.46
FRS_setD_posA_050_posB_038_posC_046_record_018_frame_06.png,D,18,6,12,0.5,0.38,0.46
FRS_setD_posA_050_posB_038_posC_046_record_018_frame_07.png,D,18,7,14,0.5,0.38,0.46
FRS_setD_posA_050_posB_038_posC_046_record_018_frame_08.png,D,18,8,16,0.5,0.38,0.46
FRS_setD_posA_050_posB_038_posC_046_record_018_frame_09.png,D,18,9,18,0.5,0.38,0.46
FRS_setD_posA_050_posB_038_posC_046_record_018_frame_10.png,D,18,10,20,0.5,0.38,0.46
FRS_setD_posA_050_posB_038_posC_046_record_018_frame_11.png,D,18,11,22,0.5,0.38,0.46
FRS_setD_posA_050_posB_038_posC_046_record_018_frame_12.png,D,18,12,24,0.5,0.38,0.46
FRS_setD_posA_050_posB_038_posC_046_record_018_frame_13.png,D,18,13,26,0.5,0.38,0.46
FRS_setD_posA_050_posB_038_posC_046_record_018_frame_14.png,D,18,14,28,0.5,0.38,0.46
FRS_setD_posA_050_posB_038_posC_046_record_018_frame_15.png,D,18,15,30,0.5,0.38,0.46
FRS_setD_posA_050_posB_038_posC_046_record_018_frame_16.png,D,18,16,32,0.5,0.38,0.46
FRS_setD_posA_050_posB_038_posC_046_record_018_frame_17.png,D,18,17,34,0.5,0.38,0.46
FRS_setD_posA_050_posB_038_posC_046_record_018_frame_18.png,D,18,18,36,0.5,0.38,0.46
FRS_setD_posA_050_posB_038_posC_046_record_018_frame_19.png,D,18,19,38,0.5,0.38,0.46
FRS_setD_posA_051_posB_038_posC_046_record_019_frame_00.png,D,19,0,0,0.51,0.38,0.46
FRS_setD_posA_051_posB_038_posC_046_record_019_frame_01.png,D,19,1,2,0.51,0.38,0.46
FRS_setD_posA_051_posB_038_posC_046_record_019_frame_02.png,D,19,2,4,0.51,0.38,0.46
FRS_setD_posA_051_posB_038_posC_046_record_019_frame_03.png,D,19,3,6,0.51,0.38,0.46
FRS_setD_posA_051_posB_038_posC_046_record_019_frame_04.png,D,19,4,8,0.51,0.38,0.46
FRS_setD_posA_051_posB_038_posC_046_record_019_frame_05.png,D,19,5,10,0.51,0.38,0.46
FRS_setD_posA_051_posB_038_posC_046_record_019_frame_06.png,D,19,6,12,0.51,0.38,0.46
FRS_setD_posA_051_posB_038_posC_046_record_019_frame_07.png,D,19,7,14,0.51,0.38,0.46
FRS_setD_posA_051_posB_038_posC_046_record_019_frame_08.png,D,19,8,16,0.51,0.38,0.46
FRS_setD_posA_051_posB_038_posC_046_record_019_frame_09.png,D,19,9,18,0.51,0.38,0.46
FRS_setD_posA_051_posB_038_posC_046_record_019_frame_10.png,D,19,10,20,0.51,0.38,0.46
FRS_setD_posA_051_posB_038_posC_046_record_019_frame_11.png,D,19,11,22,0.51,0.38,0.46
FRS_setD_posA_051_posB_038_posC_046_record_019_frame_12.png,D,19,12,24,0.51,0.38,0.46
FRS_setD_posA_051_posB_038_posC_046_record_019_frame_13.png,D,19,13,26,0.51,0.38,0.46
FRS_setD_posA_051_posB_038_posC_046_record_019_frame_14.png,D,19,14,28,0.51,0.38,0.46
FRS_setD_posA_051_posB_038_posC_046_record_019_frame_15.png,D,19,15,30,0.51,0.38,0.46
FRS_setD_posA_051_posB_038_posC_046_record_019_frame_16.png,D,19,16,32,0.51,0.38,0.46
FRS_setD_posA_051_posB_038_posC_046_record_019_frame_17.png,D,19,17,34,0.51,0.38,0.46
FRS_setD_posA_051_posB_038_posC_046_record_019_frame_18.png,D,19,18,36,0.51,0.38,0.46
FRS_setD_posA_051_posB_038_posC_046_record_019_frame_19.png,D,19,19,38,0.51,0.38,0.46
FRS_setD_posA_052_posB_038_posC_046_record_020_frame_00.png,D,20,0,0,0.52,0.38,0.46
FRS_setD_posA_052_posB_038_posC_046_record_020_frame_01.png,D,20,1,2,0.52,0.38,0.46
FRS_setD_posA_052_posB_038_posC_046_record_020_frame_02.png,D,20,2,4,0.52,0.38,0.46
FRS_setD_posA_052_posB_038_posC_046_record_020_frame_03.png,D,20,3,6,0.52,0.38,0.46
FRS_setD_posA_052_posB_038_posC_046_record_020_frame_04.png,D,20,4,8,0.52,0.38,0.46
FRS_setD_posA_052_posB_038_posC_046_record_020_frame_05.png,D,20,5,10,0.52,0.38,0.46
FRS_setD_posA_052_posB_038_posC_046_record_020_frame_06.png,D,20,6,12,0.52,0.38,0.46
FRS_setD_posA_052_posB_038_posC_046_record_020_frame_07.png,D,20,7,14,0.52,0.38,0.46
FRS_setD_posA_052_posB_038_posC_046_record_020_frame_08.png,D,20,8,16,0.52,0.38,0.46
FRS_setD_posA_052_posB_038_posC_046_record_020_frame_09.png,D,20,9,18,0.52,0.38,0.46
FRS_setD_posA_052_posB_038_posC_046_record_020_frame_10.png,D,20,10,20,0.52,0.38,0.46
FRS_setD_posA_052_posB_038_posC_046_record_020_frame_11.png,D,20,11,22,0.52,0.38,0.46
FRS_setD_posA_052_posB_038_posC_046_record_020_frame_12.png,D,20,12,24,0.52,0.38,0.46
FRS_setD_posA_052_posB_038_posC_046_record_020_frame_13.png,D,20,13,26,0.52,0.38,0.46
FRS_setD_posA_052_posB_038_posC_046_record_020_frame_14.png,D,20,14,28,0.52,0.38,0.46
FRS_setD_posA_052_posB_038_posC_046_record_020_frame_15.png,D,20,15,30,0.52,0.38,0.46
FRS_setD_posA_052_posB_038_posC_046_record_020_frame_16.png,D,20,16,32,0.52,0.38,0.46
FRS_setD_posA_052_posB_038_posC_046_record_020_frame_17.png,D,20,17,34,0.52,0.38,0.46
FRS_setD_posA_052_posB_038_posC_046_record_020_frame_18.png,D,20,18,36,0.52,0.38,0.46
FRS_setD_posA_052_posB_038_posC_046_record_020_frame_19.png,D,20,19,38,0.52,0.38,0.46
FRS_setD_posA_052_posB_039_posC_047_record_021_frame_00.png,D,21,0,0,0.52,0.39,0.47
FRS_setD_posA_052_posB_039_posC_047_record_021_frame_01.png,D,21,1,2,0.52,0.39,0.47
FRS_setD_posA_052_posB_039_posC_047_record_021_frame_02.png,D,21,2,4,0.52,0.39,0.47
FRS_setD_posA_052_posB_039_posC_047_record_021_frame_03.png,D,21,3,6,0.52,0.39,0.47
FRS_setD_posA_052_posB_039_posC_047_record_021_frame_04.png,D,21,4,8,0.52,0.39,0.47
FRS_setD_posA_052_posB_039_posC_047_record_021_frame_05.png,D,21,5,10,0.52,0.39,0.47
FRS_setD_posA_052_posB_039_posC_047_record_021_frame_06.png,D,21,6,12,0.52,0.39,0.47
FRS_setD_posA_052_posB_039_posC_047_record_021_frame_07.png,D,21,7,14,0.52,0.39,0.47
FRS_setD_posA_052_posB_039_posC_047_record_021_frame_08.png,D,21,8,16,0.52,0.39,0.47
FRS_setD_posA_052_posB_039_posC_047_record_021_frame_09.png,D,21,9,18,0.52,0.39,0.47
FRS_setD_posA_052_posB_039_posC_047_record_021_frame_10.png,D,21,10,20,0.52,0.39,0.47
FRS_setD_posA_052_posB_039_posC_047_record_021_frame_11.png,D,21,11,22,0.52,0.39,0.47
FRS_setD_posA_052_posB_039_posC_047_record_021_frame_12.png,D,21,12,24,0.52,0.39,0.47
FRS_setD_posA_052_posB_039_posC_047_record_021_frame_13.png,D,21,13,26,0.52,0.39,0.47
FRS_setD_posA_052_posB_039_posC_047_record_021_frame_14.png,D,21,14,28,0.52,0.39,0.47
FRS_setD_posA_052_posB_039_posC_047_record_021_frame_15.png,D,21,15,30,0.52,0.39,0.47
FRS_setD_posA_052_posB_039_posC_047_record_021_frame_16.png,D,21,16,32,0.52,0.39,0.47
FRS_setD_posA_052_posB_039_posC_047_record_021_frame_17.png,D,21,17,34,0.52,0.39,0.47
FRS_setD_posA_052_posB_039_posC_047_record_021_frame_18.png,D,21,18,36,0.52,0.39,0.47
FRS_setD_posA_052_posB_039_posC_047_record_021_frame_19.png,D,21,19,38,0.52,0.39,0.47
FRS_setD_posA_053_posB_039_posC_047_record_022_frame_00.png,D,22,0,0,0.53,0.39,0.47
FRS_setD_posA_053_posB_039_posC_047_record_022_frame_01.png,D,22,1,2,0.53,0.39,0.47
FRS_setD_posA_053_posB_039_posC_047_record_022_frame_02.png,D,22,2,4,0.53,0.39,0.47
FRS_setD_posA_053_posB_039_posC_047_record_022_frame_03.png,D,22,3,6,0.53,0.39,0.47
FRS_setD_posA_053_posB_039_posC_047_record_022_frame_04.png,D,22,4,8,0.53,0.39,0.47
FRS_setD_posA_053_posB_039_posC_047_record_022_frame_05.png,D,22,5,10,0.53,0.39,0.47
FRS_setD_posA_053_posB_039_posC_047_record_022_frame_06.png,D,22,6,12,0.53,0.39,0.47
FRS_setD_posA_053_posB_039_posC_047_record_022_frame_07.png,D,22,7,14,0.53,0.39,0.47
FRS_setD_posA_053_posB_039_posC_047_record_022_frame_08.png,D,22,8,16,0.53,0.39,0.47
FRS_setD_posA_053_posB_039_posC_047_record_022_frame_09.png,D,22,9,18,0.53,0.39,0.47
FRS_setD_posA_053_posB_039_posC_047_record_022_frame_10.png,D,22,10,20,0.53,0.39,0.47
FRS_setD_posA_053_posB_039_posC_047_record_022_frame_11.png,D,22,11,22,0.53,0.39,0.47
FRS_setD_posA_053_posB_039_posC_047_record_022_frame_12.png,D,22,12,24,0.53,0.39,0.47
FRS_setD_posA_053_posB_039_posC_047_record_022_frame_13.png,D,22,13,26,0.53,0.39,0.47
FRS_setD_posA_053_posB_039_posC_047_record_022_frame_14.png,D,22,14,28,0.53,0.39,0.47
FRS_setD_posA_053_posB_039_posC_047_record_022_frame_15.png,D,22,15,30,0.53,0.39,0.47
FRS_setD_posA_053_posB_039_posC_047_record_022_frame_16.png,D,22,16,32,0.53,0.39,0.47
FRS_setD_posA_053_posB_039_posC_047_record_022_frame_17.png,D,22,17,34,0.53,0.39,0.47
FRS_setD_posA_053_posB_039_posC_047_record_022_frame_18.png,D,22,18,36,0.53,0.39,0.47
FRS_setD_posA_053_posB_039_posC_047_record_022_frame_19.png,D,22,19,38,0.53,0.39,0.47
FRS_setD_posA_054_posB_040_posC_048_record_023_frame_00.png,D,23,0,0,0.54,0.4,0.48
FRS_setD_posA_054_posB_040_posC_048_record_023_frame_01.png,D,23,1,2,0.54,0.4,0.48
FRS_setD_posA_054_posB_040_posC_048_record_023_frame_02.png,D,23,2,4,0.54,0.4,0.48
FRS_setD_posA_054_posB_040_posC_048_record_023_frame_03.png,D,23,3,6,0.54,0.4,0.48
FRS_setD_posA_054_posB_040_posC_048_record_023_frame_04.png,D,23,4,8,0.54,0.4,0.48
FRS_setD_posA_054_posB_040_posC_048_record_023_frame_05.png,D,23,5,10,0.54,0.4,0.48
FRS_setD_posA_054_posB_040_posC_048_record_023_frame_06.png,D,23,6,12,0.54,0.4,0.48
FRS_setD_posA_054_posB_040_posC_048_record_023_frame_07.png,D,23,7,14,0.54,0.4,0.48
FRS_setD_posA_054_posB_040_posC_048_record_023_frame_08.png,D,23,8,16,0.54,0.4,0.48
FRS_setD_posA_054_posB_040_posC_048_record_023_frame_09.png,D,23,9,18,0.54,0.4,0.48
FRS_setD_posA_054_posB_040_posC_048_record_023_frame_10.png,D,23,10,20,0.54,0.4,0.48
FRS_setD_posA_054_posB_040_posC_048_record_023_frame_11.png,D,23,11,22,0.54,0.4,0.48
FRS_setD_posA_054_posB_040_posC_048_record_023_frame_12.png,D,23,12,24,0.54,0.4,0.48
FRS_setD_posA_054_posB_040_posC_048_record_023_frame_13.png,D,23,13,26,0.54,0.4,0.48
FRS_setD_posA_054_posB_040_posC_048_record_023_frame_14.png,D,23,14,28,0.54,0.4,0.48
FRS_setD_posA_054_posB_040_posC_048_record_023_frame_15.png,D,23,15,30,0.54,0.4,0.48
FRS_setD_posA_054_posB_040_posC_048_record_023_frame_16.png,D,23,16,32,0.54,0.4,0.48
FRS_setD_posA_054_posB_040_posC_048_record_023_frame_17.png,D,23,17,34,0.54,0.4,0.48
FRS_setD_posA_054_posB_040_posC_048_record_023_frame_18.png,D,23,18,36,0.54,0.4,0.48
FRS_setD_posA_054_posB_040_posC_048_record_023_frame_19.png,D,23,19,38,0.54,0.4,0.48
FRS_setD_posA_055_posB_041_posC_048_record_024_frame_00.png,D,24,0,0,0.55,0.41,0.48
FRS_setD_posA_055_posB_041_posC_048_record_024_frame_01.png,D,24,1,2,0.55,0.41,0.48
FRS_setD_posA_055_posB_041_posC_048_record_024_frame_02.png,D,24,2,4,0.55,0.41,0.48
FRS_setD_posA_055_posB_041_posC_048_record_024_frame_03.png,D,24,3,6,0.55,0.41,0.48
FRS_setD_posA_055_posB_041_posC_048_record_024_frame_04.png,D,24,4,8,0.55,0.41,0.48
FRS_setD_posA_055_posB_041_posC_048_record_024_frame_05.png,D,24,5,10,0.55,0.41,0.48
FRS_setD_posA_055_posB_041_posC_048_record_024_frame_06.png,D,24,6,12,0.55,0.41,0.48
FRS_setD_posA_055_posB_041_posC_048_record_024_frame_07.png,D,24,7,14,0.55,0.41,0.48
FRS_setD_posA_055_posB_041_posC_048_record_024_frame_08.png,D,24,8,16,0.55,0.41,0.48
FRS_setD_posA_055_posB_041_posC_048_record_024_frame_09.png,D,24,9,18,0.55,0.41,0.48
FRS_setD_posA_055_posB_041_posC_048_record_024_frame_10.png,D,24,10,20,0.55,0.41,0.48
FRS_setD_posA_055_posB_041_posC_048_record_024_frame_11.png,D,24,11,22,0.55,0.41,0.48
FRS_setD_posA_055_posB_041_posC_048_record_024_frame_12.png,D,24,12,24,0.55,0.41,0.48
FRS_setD_posA_055_posB_041_posC_048_record_024_frame_13.png,D,24,13,26,0.55,0.41,0.48
FRS_setD_posA_055_posB_041_posC_048_record_024_frame_14.png,D,24,14,28,0.55,0.41,0.48
FRS_setD_posA_055_posB_041_posC_048_record_024_frame_15.png,D,24,15,30,0.55,0.41,0.48
FRS_setD_posA_055_posB_041_posC_048_record_024_frame_16.png,D,24,16,32,0.55,0.41,0.48
FRS_setD_posA_055_posB_041_posC_048_record_024_frame_17.png,D,24,17,34,0.55,0.41,0.48
FRS_setD_posA_055_posB_041_posC_048_record_024_frame_18.png,D,24,18,36,0.55,0.41,0.48
FRS_setD_posA_055_posB_041_posC_048_record_024_frame_19.png,D,24,19,38,0.55,0.41,0.48
FRS_setD_posA_056_posB_041_posC_049_record_025_frame_00.png,D,25,0,0,0.56,0.41,0.49
FRS_setD_posA_056_posB_041_posC_049_record_025_frame_01.png,D,25,1,2,0.56,0.41,0.49
FRS_setD_posA_056_posB_041_posC_049_record_025_frame_02.png,D,25,2,4,0.56,0.41,0.49
FRS_setD_posA_056_posB_041_posC_049_record_025_frame_03.png,D,25,3,6,0.56,0.41,0.49
FRS_setD_posA_056_posB_041_posC_049_record_025_frame_04.png,D,25,4,8,0.56,0.41,0.49
FRS_setD_posA_056_posB_041_posC_049_record_025_frame_05.png,D,25,5,10,0.56,0.41,0.49
FRS_setD_posA_056_posB_041_posC_049_record_025_frame_06.png,D,25,6,12,0.56,0.41,0.49
FRS_setD_posA_056_posB_041_posC_049_record_025_frame_07.png,D,25,7,14,0.56,0.41,0.49
FRS_setD_posA_056_posB_041_posC_049_record_025_frame_08.png,D,25,8,16,0.56,0.41,0.49
FRS_setD_posA_056_posB_041_posC_049_record_025_frame_09.png,D,25,9,18,0.56,0.41,0.49
FRS_setD_posA_056_posB_041_posC_049_record_025_frame_10.png,D,25,10,20,0.56,0.41,0.49
FRS_setD_posA_056_posB_041_posC_049_record_025_frame_11.png,D,25,11,22,0.56,0.41,0.49
FRS_setD_posA_056_posB_041_posC_049_record_025_frame_12.png,D,25,12,24,0.56,0.41,0.49
FRS_setD_posA_056_posB_041_posC_049_record_025_frame_13.png,D,25,13,26,0.56,0.41,0.49
FRS_setD_posA_056_posB_041_posC_049_record_025_frame_14.png,D,25,14,28,0.56,0.41,0.49
FRS_setD_posA_056_posB_041_posC_049_record_025_frame_15.png,D,25,15,30,0.56,0.41,0.49
FRS_setD_posA_056_posB_041_posC_049_record_025_frame_16.png,D,25,16,32,0.56,0.41,0.49
FRS_setD_posA_056_posB_041_posC_049_record_025_frame_17.png,D,25,17,34,0.56,0.41,0.49
FRS_setD_posA_056_posB_041_posC_049_record_025_frame_18.png,D,25,18,36,0.56,0.41,0.49
FRS_setD_posA_056_posB_041_posC_049_record_025_frame_19.png,D,25,19,38,0.56,0.41,0.49
FRS_setD_posA_056_posB_042_posC_049_record_026_frame_00.png,D,26,0,0,0.56,0.42,0.49
FRS_setD_posA_056_posB_042_posC_049_record_026_frame_01.png,D,26,1,2,0.56,0.42,0.49
FRS_setD_posA_056_posB_042_posC_049_record_026_frame_02.png,D,26,2,4,0.56,0.42,0.49
FRS_setD_posA_056_posB_042_posC_049_record_026_frame_03.png,D,26,3,6,0.56,0.42,0.49
FRS_setD_posA_056_posB_042_posC_049_record_026_frame_04.png,D,26,4,8,0.56,0.42,0.49
FRS_setD_posA_056_posB_042_posC_049_record_026_frame_05.png,D,26,5,10,0.56,0.42,0.49
FRS_setD_posA_056_posB_042_posC_049_record_026_frame_06.png,D,26,6,12,0.56,0.42,0.49
FRS_setD_posA_056_posB_042_posC_049_record_026_frame_07.png,D,26,7,14,0.56,0.42,0.49
FRS_setD_posA_056_posB_042_posC_049_record_026_frame_08.png,D,26,8,16,0.56,0.42,0.49
FRS_setD_posA_056_posB_042_posC_049_record_026_frame_09.png,D,26,9,18,0.56,0.42,0.49
FRS_setD_posA_056_posB_042_posC_049_record_026_frame_10.png,D,26,10,20,0.56,0.42,0.49
FRS_setD_posA_056_posB_042_posC_049_record_026_frame_11.png,D,26,11,22,0.56,0.42,0.49
FRS_setD_posA_056_posB_042_posC_049_record_026_frame_12.png,D,26,12,24,0.56,0.42,0.49
FRS_setD_posA_056_posB_042_posC_049_record_026_frame_13.png,D,26,13,26,0.56,0.42,0.49
FRS_setD_posA_056_posB_042_posC_049_record_026_frame_14.png,D,26,14,28,0.56,0.42,0.49
FRS_setD_posA_056_posB_042_posC_049_record_026_frame_15.png,D,26,15,30,0.56,0.42,0.49
FRS_setD_posA_056_posB_042_posC_049_record_026_frame_16.png,D,26,16,32,0.56,0.42,0.49
FRS_setD_posA_056_posB_042_posC_049_record_026_frame_17.png,D,26,17,34,0.56,0.42,0.49
FRS_setD_posA_056_posB_042_posC_049_record_026_frame_18.png,D,26,18,36,0.56,0.42,0.49
FRS_setD_posA_056_posB_042_posC_049_record_026_frame_19.png,D,26,19,38,0.56,0.42,0.49
FRS_setD_posA_057_posB_043_posC_050_record_027_frame_00.png,D,27,0,0,0.57,0.43,0.5
FRS_setD_posA_057_posB_043_posC_050_record_027_frame_01.png,D,27,1,2,0.57,0.43,0.5
FRS_setD_posA_057_posB_043_posC_050_record_027_frame_02.png,D,27,2,4,0.57,0.43,0.5
FRS_setD_posA_057_posB_043_posC_050_record_027_frame_03.png,D,27,3,6,0.57,0.43,0.5
FRS_setD_posA_057_posB_043_posC_050_record_027_frame_04.png,D,27,4,8,0.57,0.43,0.5
FRS_setD_posA_057_posB_043_posC_050_record_027_frame_05.png,D,27,5,10,0.57,0.43,0.5
FRS_setD_posA_057_posB_043_posC_050_record_027_frame_06.png,D,27,6,12,0.57,0.43,0.5
FRS_setD_posA_057_posB_043_posC_050_record_027_frame_07.png,D,27,7,14,0.57,0.43,0.5
FRS_setD_posA_057_posB_043_posC_050_record_027_frame_08.png,D,27,8,16,0.57,0.43,0.5
FRS_setD_posA_057_posB_043_posC_050_record_027_frame_09.png,D,27,9,18,0.57,0.43,0.5
FRS_setD_posA_057_posB_043_posC_050_record_027_frame_10.png,D,27,10,20,0.57,0.43,0.5
FRS_setD_posA_057_posB_043_posC_050_record_027_frame_11.png,D,27,11,22,0.57,0.43,0.5
FRS_setD_posA_057_posB_043_posC_050_record_027_frame_12.png,D,27,12,24,0.57,0.43,0.5
FRS_setD_posA_057_posB_043_posC_050_record_027_frame_13.png,D,27,13,26,0.57,0.43,0.5
FRS_setD_posA_057_posB_043_posC_050_record_027_frame_14.png,D,27,14,28,0.57,0.43,0.5
FRS_setD_posA_057_posB_043_posC_050_record_027_frame_15.png,D,27,15,30,0.57,0.43,0.5
FRS_setD_posA_057_posB_043_posC_050_record_027_frame_16.png,D,27,16,32,0.57,0.43,0.5
FRS_setD_posA_057_posB_043_posC_050_record_027_frame_17.png,D,27,17,34,0.57,0.43,0.5
FRS_setD_posA_057_posB_043_posC_050_record_027_frame_18.png,D,27,18,36,0.57,0.43,0.5
FRS_setD_posA_057_posB_043_posC_050_record_027_frame_19.png,D,27,19,38,0.57,0.43,0.5
FRS_setD_posA_058_posB_043_posC_050_record_028_frame_00.png,D,28,0,0,0.58,0.43,0.5
FRS_setD_posA_058_posB_043_posC_050_record_028_frame_01.png,D,28,1,2,0.58,0.43,0.5
FRS_setD_posA_058_posB_043_posC_050_record_028_frame_02.png,D,28,2,4,0.58,0.43,0.5
FRS_setD_posA_058_posB_043_posC_050_record_028_frame_03.png,D,28,3,6,0.58,0.43,0.5
FRS_setD_posA_058_posB_043_posC_050_record_028_frame_04.png,D,28,4,8,0.58,0.43,0.5
FRS_setD_posA_058_posB_043_posC_050_record_028_frame_05.png,D,28,5,10,0.58,0.43,0.5
FRS_setD_posA_058_posB_043_posC_050_record_028_frame_06.png,D,28,6,12,0.58,0.43,0.5
FRS_setD_posA_058_posB_043_posC_050_record_028_frame_07.png,D,28,7,14,0.58,0.43,0.5
FRS_setD_posA_058_posB_043_posC_050_record_028_frame_08.png,D,28,8,16,0.58,0.43,0.5
FRS_setD_posA_058_posB_043_posC_050_record_028_frame_09.png,D,28,9,18,0.58,0.43,0.5
FRS_setD_posA_058_posB_043_posC_050_record_028_frame_10.png,D,28,10,20,0.58,0.43,0.5
FRS_setD_posA_058_posB_043_posC_050_record_028_frame_11.png,D,28,11,22,0.58,0.43,0.5
FRS_setD_posA_058_posB_043_posC_050_record_028_frame_12.png,D,28,12,24,0.58,0.43,0.5
FRS_setD_posA_058_posB_043_posC_050_record_028_frame_13.png,D,28,13,26,0.58,0.43,0.5
FRS_setD_posA_058_posB_043_posC_050_record_028_frame_14.png,D,28,14,28,0.58,0.43,0.5
FRS_setD_posA_058_posB_043_posC_050_record_028_frame_15.png,D,28,15,30,0.58,0.43,0.5
FRS_setD_posA_058_posB_043_posC_050_record_028_frame_16.png,D,28,16,32,0.58,0.43,0.5
FRS_setD_posA_058_posB_043_posC_050_record_028_frame_17.png,D,28,17,34,0.58,0.43,0.5
FRS_setD_posA_058_posB_043_posC_050_record_028_frame_18.png,D,28,18,36,0.58,0.43,0.5
FRS_setD_posA_058_posB_043_posC_050_record_028_frame_19.png,D,28,19,38,0.58,0.43,0.5
FRS_setD_posA_058_posB_044_posC_051_record_029_frame_00.png,D,29,0,0,0.58,0.44,0.51
FRS_setD_posA_058_posB_044_posC_051_record_029_frame_01.png,D,29,1,2,0.58,0.44,0.51
FRS_setD_posA_058_posB_044_posC_051_record_029_frame_02.png,D,29,2,4,0.58,0.44,0.51
FRS_setD_posA_058_posB_044_posC_051_record_029_frame_03.png,D,29,3,6,0.58,0.44,0.51
FRS_setD_posA_058_posB_044_posC_051_record_029_frame_04.png,D,29,4,8,0.58,0.44,0.51
FRS_setD_posA_058_posB_044_posC_051_record_029_frame_05.png,D,29,5,10,0.58,0.44,0.51
FRS_setD_posA_058_posB_044_posC_051_record_029_frame_06.png,D,29,6,12,0.58,0.44,0.51
FRS_setD_posA_058_posB_044_posC_051_record_029_frame_07.png,D,29,7,14,0.58,0.44,0.51
FRS_setD_posA_058_posB_044_posC_051_record_029_frame_08.png,D,29,8,16,0.58,0.44,0.51
FRS_setD_posA_058_posB_044_posC_051_record_029_frame_09.png,D,29,9,18,0.58,0.44,0.51
FRS_setD_posA_058_posB_044_posC_051_record_029_frame_10.png,D,29,10,20,0.58,0.44,0.51
FRS_setD_posA_058_posB_044_posC_051_record_029_frame_11.png,D,29,11,22,0.58,0.44,0.51
FRS_setD_posA_058_posB_044_posC_051_record_029_frame_12.png,D,29,12,24,0.58,0.44,0.51
FRS_setD_posA_058_posB_044_posC_051_record_029_frame_13.png,D,29,13,26,0.58,0.44,0.51
FRS_setD_posA_058_posB_044_posC_051_record_029_frame_14.png,D,29,14,28,0.58,0.44,0.51
FRS_setD_posA_058_posB_044_posC_051_record_029_frame_15.png,D,29,15,30,0.58,0.44,0.51
FRS_setD_posA_058_posB_044_posC_051_record_029_frame_16.png,D,29,16,32,0.58,0.44,0.51
FRS_setD_posA_058_posB_044_posC_051_record_029_frame_17.png,D,29,17,34,0.58,0.44,0.51
FRS_setD_posA_058_posB_044_posC_051_record_029_frame_18.png,D,29,18,36,0.58,0.44,0.51
FRS_setD_posA_058_posB_044_posC_051_record_029_frame_19.png,D,29,19,38,0.58,0.44,0.51
FRS_setD_posA_059_posB_044_posC_051_record_030_frame_00.png,D,30,0,0,0.59,0.44,0.51
FRS_setD_posA_059_posB_044_posC_051_record_030_frame_01.png,D,30,1,2,0.59,0.44,0.51
FRS_setD_posA_059_posB_044_posC_051_record_030_frame_02.png,D,30,2,4,0.59,0.44,0.51
FRS_setD_posA_059_posB_044_posC_051_record_030_frame_03.png,D,30,3,6,0.59,0.44,0.51
FRS_setD_posA_059_posB_044_posC_051_record_030_frame_04.png,D,30,4,8,0.59,0.44,0.51
FRS_setD_posA_059_posB_044_posC_051_record_030_frame_05.png,D,30,5,10,0.59,0.44,0.51
FRS_setD_posA_059_posB_044_posC_051_record_030_frame_06.png,D,30,6,12,0.59,0.44,0.51
FRS_setD_posA_059_posB_044_posC_051_record_030_frame_07.png,D,30,7,14,0.59,0.44,0.51
FRS_setD_posA_059_posB_044_posC_051_record_030_frame_08.png,D,30,8,16,0.59,0.44,0.51
FRS_setD_posA_059_posB_044_posC_051_record_030_frame_09.png,D,30,9,18,0.59,0.44,0.51
FRS_setD_posA_059_posB_044_posC_051_record_030_frame_10.png,D,30,10,20,0.59,0.44,0.51
FRS_setD_posA_059_posB_044_posC_051_record_030_frame_11.png,D,30,11,22,0.59,0.44,0.51
FRS_setD_posA_059_posB_044_posC_051_record_030_frame_12.png,D,30,12,24,0.59,0.44,0.51
FRS_setD_posA_059_posB_044_posC_051_record_030_frame_13.png,D,30,13,26,0.59,0.44,0.51
FRS_setD_posA_059_posB_044_posC_051_record_030_frame_14.png,D,30,14,28,0.59,0.44,0.51
FRS_setD_posA_059_posB_044_posC_051_record_030_frame_15.png,D,30,15,30,0.59,0.44,0.51
FRS_setD_posA_059_posB_044_posC_051_record_030_frame_16.png,D,30,16,32,0.59,0.44,0.51
FRS_setD_posA_059_posB_044_posC_051_record_030_frame_17.png,D,30,17,34,0.59,0.44,0.51
FRS_setD_posA_059_posB_044_posC_051_record_030_frame_18.png,D,30,18,36,0.59,0.44,0.51
FRS_setD_posA_059_posB_044_posC_051_record_030_frame_19.png,D,30,19,38,0.59,0.44,0.51
FRS_setD_posA_060_posB_045_posC_052_record_031_frame_00.png,D,31,0,0,0.6,0.45,0.52
FRS_setD_posA_060_posB_045_posC_052_record_031_frame_01.png,D,31,1,2,0.6,0.45,0.52
FRS_setD_posA_060_posB_045_posC_052_record_031_frame_02.png,D,31,2,4,0.6,0.45,0.52
FRS_setD_posA_060_posB_045_posC_052_record_031_frame_03.png,D,31,3,6,0.6,0.45,0.52
FRS_setD_posA_060_posB_045_posC_052_record_031_frame_04.png,D,31,4,8,0.6,0.45,0.52
FRS_setD_posA_060_posB_045_posC_052_record_031_frame_05.png,D,31,5,10,0.6,0.45,0.52
FRS_setD_posA_060_posB_045_posC_052_record_031_frame_06.png,D,31,6,12,0.6,0.45,0.52
FRS_setD_posA_060_posB_045_posC_052_record_031_frame_07.png,D,31,7,14,0.6,0.45,0.52
FRS_setD_posA_060_posB_045_posC_052_record_031_frame_08.png,D,31,8,16,0.6,0.45,0.52
FRS_setD_posA_060_posB_045_posC_052_record_031_frame_09.png,D,31,9,18,0.6,0.45,0.52
FRS_setD_posA_060_posB_045_posC_052_record_031_frame_10.png,D,31,10,20,0.6,0.45,0.52
FRS_setD_posA_060_posB_045_posC_052_record_031_frame_11.png,D,31,11,22,0.6,0.45,0.52
FRS_setD_posA_060_posB_045_posC_052_record_031_frame_12.png,D,31,12,24,0.6,0.45,0.52
FRS_setD_posA_060_posB_045_posC_052_record_031_frame_13.png,D,31,13,26,0.6,0.45,0.52
FRS_setD_posA_060_posB_045_posC_052_record_031_frame_14.png,D,31,14,28,0.6,0.45,0.52
FRS_setD_posA_060_posB_045_posC_052_record_031_frame_15.png,D,31,15,30,0.6,0.45,0.52
FRS_setD_posA_060_posB_045_posC_052_record_031_frame_16.png,D,31,16,32,0.6,0.45,0.52
FRS_setD_posA_060_posB_045_posC_052_record_031_frame_17.png,D,31,17,34,0.6,0.45,0.52
FRS_setD_posA_060_posB_045_posC_052_record_031_frame_18.png,D,31,18,36,0.6,0.45,0.52
FRS_setD_posA_060_posB_045_posC_052_record_031_frame_19.png,D,31,19,38,0.6,0.45,0.52
FRS_setD_posA_061_posB_045_posC_052_record_032_frame_00.png,D,32,0,0,0.61,0.45,0.52
FRS_setD_posA_061_posB_045_posC_052_record_032_frame_01.png,D,32,1,2,0.61,0.45,0.52
FRS_setD_posA_061_posB_045_posC_052_record_032_frame_02.png,D,32,2,4,0.61,0.45,0.52
FRS_setD_posA_061_posB_045_posC_052_record_032_frame_03.png,D,32,3,6,0.61,0.45,0.52
FRS_setD_posA_061_posB_045_posC_052_record_032_frame_04.png,D,32,4,8,0.61,0.45,0.52
FRS_setD_posA_061_posB_045_posC_052_record_032_frame_05.png,D,32,5,10,0.61,0.45,0.52
FRS_setD_posA_061_posB_045_posC_052_record_032_frame_06.png,D,32,6,12,0.61,0.45,0.52
FRS_setD_posA_061_posB_045_posC_052_record_032_frame_07.png,D,32,7,14,0.61,0.45,0.52
FRS_setD_posA_061_posB_045_posC_052_record_032_frame_08.png,D,32,8,16,0.61,0.45,0.52
FRS_setD_posA_061_posB_045_posC_052_record_032_frame_09.png,D,32,9,18,0.61,0.45,0.52
FRS_setD_posA_061_posB_045_posC_052_record_032_frame_10.png,D,32,10,20,0.61,0.45,0.52
FRS_setD_posA_061_posB_045_posC_052_record_032_frame_11.png,D,32,11,22,0.61,0.45,0.52
FRS_setD_posA_061_posB_045_posC_052_record_032_frame_12.png,D,32,12,24,0.61,0.45,0.52
FRS_setD_posA_061_posB_045_posC_052_record_032_frame_13.png,D,32,13,26,0.61,0.45,0.52
FRS_setD_posA_061_posB_045_posC_052_record_032_frame_14.png,D,32,14,28,0.61,0.45,0.52
FRS_setD_posA_061_posB_045_posC_052_record_032_frame_15.png,D,32,15,30,0.61,0.45,0.52
FRS_setD_posA_061_posB_045_posC_052_record_032_frame_16.png,D,32,16,32,0.61,0.45,0.52
FRS_setD_posA_061_posB_045_posC_052_record_032_frame_17.png,D,32,17,34,0.61,0.45,0.52
FRS_setD_posA_061_posB_045_posC_052_record_032_frame_18.png,D,32,18,36,0.61,0.45,0.52
FRS_setD_posA_061_posB_045_posC_052_record_032_frame_19.png,D,32,19,38,0.61,0.45,0.52
FRS_setD_posA_061_posB_046_posC_052_record_033_frame_00.png,D,33,0,0,0.61,0.46,0.52
FRS_setD_posA_061_posB_046_posC_052_record_033_frame_01.png,D,33,1,2,0.61,0.46,0.52
FRS_setD_posA_061_posB_046_posC_052_record_033_frame_02.png,D,33,2,4,0.61,0.46,0.52
FRS_setD_posA_061_posB_046_posC_052_record_033_frame_03.png,D,33,3,6,0.61,0.46,0.52
FRS_setD_posA_061_posB_046_posC_052_record_033_frame_04.png,D,33,4,8,0.61,0.46,0.52
FRS_setD_posA_061_posB_046_posC_052_record_033_frame_05.png,D,33,5,10,0.61,0.46,0.52
FRS_setD_posA_061_posB_046_posC_052_record_033_frame_06.png,D,33,6,12,0.61,0.46,0.52
FRS_setD_posA_061_posB_046_posC_052_record_033_frame_07.png,D,33,7,14,0.61,0.46,0.52
FRS_setD_posA_061_posB_046_posC_052_record_033_frame_08.png,D,33,8,16,0.61,0.46,0.52
FRS_setD_posA_061_posB_046_posC_052_record_033_frame_09.png,D,33,9,18,0.61,0.46,0.52
FRS_setD_posA_061_posB_046_posC_052_record_033_frame_10.png,D,33,10,20,0.61,0.46,0.52
FRS_setD_posA_061_posB_046_posC_052_record_033_frame_11.png,D,33,11,22,0.61,0.46,0.52
FRS_setD_posA_061_posB_046_posC_052_record_033_frame_12.png,D,33,12,24,0.61,0.46,0.52
FRS_setD_posA_061_posB_046_posC_052_record_033_frame_13.png,D,33,13,26,0.61,0.46,0.52
FRS_setD_posA_061_posB_046_posC_052_record_033_frame_14.png,D,33,14,28,0.61,0.46,0.52
FRS_setD_posA_061_posB_046_posC_052_record_033_frame_15.png,D,33,15,30,0.61,0.46,0.52
FRS_setD_posA_061_posB_046_posC_052_record_033_frame_16.png,D,33,16,32,0.61,0.46,0.52
FRS_setD_posA_061_posB_046_posC_052_record_033_frame_17.png,D,33,17,34,0.61,0.46,0.52
FRS_setD_posA_061_posB_046_posC_052_record_033_frame_18.png,D,33,18,36,0.61,0.46,0.52
FRS_setD_posA_061_posB_046_posC_052_record_033_frame_19.png,D,33,19,38,0.61,0.46,0.52
FRS_setD_posA_062_posB_046_posC_053_record_034_frame_00.png,D,34,0,0,0.62,0.46,0.53
FRS_setD_posA_062_posB_046_posC_053_record_034_frame_01.png,D,34,1,2,0.62,0.46,0.53
FRS_setD_posA_062_posB_046_posC_053_record_034_frame_02.png,D,34,2,4,0.62,0.46,0.53
FRS_setD_posA_062_posB_046_posC_053_record_034_frame_03.png,D,34,3,6,0.62,0.46,0.53
FRS_setD_posA_062_posB_046_posC_053_record_034_frame_04.png,D,34,4,8,0.62,0.46,0.53
FRS_setD_posA_062_posB_046_posC_053_record_034_frame_05.png,D,34,5,10,0.62,0.46,0.53
FRS_setD_posA_062_posB_046_posC_053_record_034_frame_06.png,D,34,6,12,0.62,0.46,0.53
FRS_setD_posA_062_posB_046_posC_053_record_034_frame_07.png,D,34,7,14,0.62,0.46,0.53
FRS_setD_posA_062_posB_046_posC_053_record_034_frame_08.png,D,34,8,16,0.62,0.46,0.53
FRS_setD_posA_062_posB_046_posC_053_record_034_frame_09.png,D,34,9,18,0.62,0.46,0.53
FRS_setD_posA_062_posB_046_posC_053_record_034_frame_10.png,D,34,10,20,0.62,0.46,0.53
FRS_setD_posA_062_posB_046_posC_053_record_034_frame_11.png,D,34,11,22,0.62,0.46,0.53
FRS_setD_posA_062_posB_046_posC_053_record_034_frame_12.png,D,34,12,24,0.62,0.46,0.53
FRS_setD_posA_062_posB_046_posC_053_record_034_frame_13.png,D,34,13,26,0.62,0.46,0.53
FRS_setD_posA_062_posB_046_posC_053_record_034_frame_14.png,D,34,14,28,0.62,0.46,0.53
FRS_setD_posA_062_posB_046_posC_053_record_034_frame_15.png,D,34,15,30,0.62,0.46,0.53
FRS_setD_posA_062_posB_046_posC_053_record_034_frame_16.png,D,34,16,32,0.62,0.46,0.53
FRS_setD_posA_062_posB_046_posC_053_record_034_frame_17.png,D,34,17,34,0.62,0.46,0.53
FRS_setD_posA_062_posB_046_posC_053_record_034_frame_18.png,D,34,18,36,0.62,0.46,0.53
FRS_setD_posA_062_posB_046_posC_053_record_034_frame_19.png,D,34,19,38,0.62,0.46,0.53
FRS_setD_posA_063_posB_047_posC_053_record_035_frame_00.png,D,35,0,0,0.63,0.47,0.53
FRS_setD_posA_063_posB_047_posC_053_record_035_frame_01.png,D,35,1,2,0.63,0.47,0.53
FRS_setD_posA_063_posB_047_posC_053_record_035_frame_02.png,D,35,2,4,0.63,0.47,0.53
FRS_setD_posA_063_posB_047_posC_053_record_035_frame_03.png,D,35,3,6,0.63,0.47,0.53
FRS_setD_posA_063_posB_047_posC_053_record_035_frame_04.png,D,35,4,8,0.63,0.47,0.53
FRS_setD_posA_063_posB_047_posC_053_record_035_frame_05.png,D,35,5,10,0.63,0.47,0.53
FRS_setD_posA_063_posB_047_posC_053_record_035_frame_06.png,D,35,6,12,0.63,0.47,0.53
FRS_setD_posA_063_posB_047_posC_053_record_035_frame_07.png,D,35,7,14,0.63,0.47,0.53
FRS_setD_posA_063_posB_047_posC_053_record_035_frame_08.png,D,35,8,16,0.63,0.47,0.53
FRS_setD_posA_063_posB_047_posC_053_record_035_frame_09.png,D,35,9,18,0.63,0.47,0.53
FRS_setD_posA_063_posB_047_posC_053_record_035_frame_10.png,D,35,10,20,0.63,0.47,0.53
FRS_setD_posA_063_posB_047_posC_053_record_035_frame_11.png,D,35,11,22,0.63,0.47,0.53
FRS_setD_posA_063_posB_047_posC_053_record_035_frame_12.png,D,35,12,24,0.63,0.47,0.53
FRS_setD_posA_063_posB_047_posC_053_record_035_frame_13.png,D,35,13,26,0.63,0.47,0.53
FRS_setD_posA_063_posB_047_posC_053_record_035_frame_14.png,D,35,14,28,0.63,0.47,0.53
FRS_setD_posA_063_posB_047_posC_053_record_035_frame_15.png,D,35,15,30,0.63,0.47,0.53
FRS_setD_posA_063_posB_047_posC_053_record_035_frame_16.png,D,35,16,32,0.63,0.47,0.53
FRS_setD_posA_063_posB_047_posC_053_record_035_frame_17.png,D,35,17,34,0.63,0.47,0.53
FRS_setD_posA_063_posB_047_posC_053_record_035_frame_18.png,D,35,18,36,0.63,0.47,0.53
FRS_setD_posA_063_posB_047_posC_053_record_035_frame_19.png,D,35,19,38,0.63,0.47,0.53
FRS_setD_posA_064_posB_047_posC_054_record_036_frame_00.png,D,36,0,0,0.64,0.47,0.54
FRS_setD_posA_064_posB_047_posC_054_record_036_frame_01.png,D,36,1,2,0.64,0.47,0.54
FRS_setD_posA_064_posB_047_posC_054_record_036_frame_02.png,D,36,2,4,0.64,0.47,0.54
FRS_setD_posA_064_posB_047_posC_054_record_036_frame_03.png,D,36,3,6,0.64,0.47,0.54
FRS_setD_posA_064_posB_047_posC_054_record_036_frame_04.png,D,36,4,8,0.64,0.47,0.54
FRS_setD_posA_064_posB_047_posC_054_record_036_frame_05.png,D,36,5,10,0.64,0.47,0.54
FRS_setD_posA_064_posB_047_posC_054_record_036_frame_06.png,D,36,6,12,0.64,0.47,0.54
FRS_setD_posA_064_posB_047_posC_054_record_036_frame_07.png,D,36,7,14,0.64,0.47,0.54
FRS_setD_posA_064_posB_047_posC_054_record_036_frame_08.png,D,36,8,16,0.64,0.47,0.54
FRS_setD_posA_064_posB_047_posC_054_record_036_frame_09.png,D,36,9,18,0.64,0.47,0.54
FRS_setD_posA_064_posB_047_posC_054_record_036_frame_10.png,D,36,10,20,0.64,0.47,0.54
FRS_setD_posA_064_posB_047_posC_054_record_036_frame_11.png,D,36,11,22,0.64,0.47,0.54
FRS_setD_posA_064_posB_047_posC_054_record_036_frame_12.png,D,36,12,24,0.64,0.47,0.54
FRS_setD_posA_064_posB_047_posC_054_record_036_frame_13.png,D,36,13,26,0.64,0.47,0.54
FRS_setD_posA_064_posB_047_posC_054_record_036_frame_14.png,D,36,14,28,0.64,0.47,0.54
FRS_setD_posA_064_posB_047_posC_054_record_036_frame_15.png,D,36,15,30,0.64,0.47,0.54
FRS_setD_posA_064_posB_047_posC_054_record_036_frame_16.png,D,36,16,32,0.64,0.47,0.54
FRS_setD_posA_064_posB_047_posC_054_record_036_frame_17.png,D,36,17,34,0.64,0.47,0.54
FRS_setD_posA_064_posB_047_posC_054_record_036_frame_18.png,D,36,18,36,0.64,0.47,0.54
FRS_setD_posA_064_posB_047_posC_054_record_036_frame_19.png,D,36,19,38,0.64,0.47,0.54
FRS_setD_posA_064_posB_048_posC_054_record_037_frame_00.png,D,37,0,0,0.64,0.48,0.54
FRS_setD_posA_064_posB_048_posC_054_record_037_frame_01.png,D,37,1,2,0.64,0.48,0.54
FRS_setD_posA_064_posB_048_posC_054_record_037_frame_02.png,D,37,2,4,0.64,0.48,0.54
FRS_setD_posA_064_posB_048_posC_054_record_037_frame_03.png,D,37,3,6,0.64,0.48,0.54
FRS_setD_posA_064_posB_048_posC_054_record_037_frame_04.png,D,37,4,8,0.64,0.48,0.54
FRS_setD_posA_064_posB_048_posC_054_record_037_frame_05.png,D,37,5,10,0.64,0.48,0.54
FRS_setD_posA_064_posB_048_posC_054_record_037_frame_06.png,D,37,6,12,0.64,0.48,0.54
FRS_setD_posA_064_posB_048_posC_054_record_037_frame_07.png,D,37,7,14,0.64,0.48,0.54
FRS_setD_posA_064_posB_048_posC_054_record_037_frame_08.png,D,37,8,16,0.64,0.48,0.54
FRS_setD_posA_064_posB_048_posC_054_record_037_frame_09.png,D,37,9,18,0.64,0.48,0.54
FRS_setD_posA_064_posB_048_posC_054_record_037_frame_10.png,D,37,10,20,0.64,0.48,0.54
FRS_setD_posA_064_posB_048_posC_054_record_037_frame_11.png,D,37,11,22,0.64,0.48,0.54
FRS_setD_posA_064_posB_048_posC_054_record_037_frame_12.png,D,37,12,24,0.64,0.48,0.54
FRS_setD_posA_064_posB_048_posC_054_record_037_frame_13.png,D,37,13,26,0.64,0.48,0.54
FRS_setD_posA_064_posB_048_posC_054_record_037_frame_14.png,D,37,14,28,0.64,0.48,0.54
FRS_setD_posA_064_posB_048_posC_054_record_037_frame_15.png,D,37,15,30,0.64,0.48,0.54
FRS_setD_posA_064_posB_048_posC_054_record_037_frame_16.png,D,37,16,32,0.64,0.48,0.54
FRS_setD_posA_064_posB_048_posC_054_record_037_frame_17.png,D,37,17,34,0.64,0.48,0.54
FRS_setD_posA_064_posB_048_posC_054_record_037_frame_18.png,D,37,18,36,0.64,0.48,0.54
FRS_setD_posA_064_posB_048_posC_054_record_037_frame_19.png,D,37,19,38,0.64,0.48,0.54
FRS_setD_posA_065_posB_049_posC_054_record_038_frame_00.png,D,38,0,0,0.65,0.49,0.54
FRS_setD_posA_065_posB_049_posC_054_record_038_frame_01.png,D,38,1,2,0.65,0.49,0.54
FRS_setD_posA_065_posB_049_posC_054_record_038_frame_02.png,D,38,2,4,0.65,0.49,0.54
FRS_setD_posA_065_posB_049_posC_054_record_038_frame_03.png,D,38,3,6,0.65,0.49,0.54
FRS_setD_posA_065_posB_049_posC_054_record_038_frame_04.png,D,38,4,8,0.65,0.49,0.54
FRS_setD_posA_065_posB_049_posC_054_record_038_frame_05.png,D,38,5,10,0.65,0.49,0.54
FRS_setD_posA_065_posB_049_posC_054_record_038_frame_06.png,D,38,6,12,0.65,0.49,0.54
FRS_setD_posA_065_posB_049_posC_054_record_038_frame_07.png,D,38,7,14,0.65,0.49,0.54
FRS_setD_posA_065_posB_049_posC_054_record_038_frame_08.png,D,38,8,16,0.65,0.49,0.54
FRS_setD_posA_065_posB_049_posC_054_record_038_frame_09.png,D,38,9,18,0.65,0.49,0.54
FRS_setD_posA_065_posB_049_posC_054_record_038_frame_10.png,D,38,10,20,0.65,0.49,0.54
FRS_setD_posA_065_posB_049_posC_054_record_038_frame_11.png,D,38,11,22,0.65,0.49,0.54
FRS_setD_posA_065_posB_049_posC_054_record_038_frame_12.png,D,38,12,24,0.65,0.49,0.54
FRS_setD_posA_065_posB_049_posC_054_record_038_frame_13.png,D,38,13,26,0.65,0.49,0.54
FRS_setD_posA_065_posB_049_posC_054_record_038_frame_14.png,D,38,14,28,0.65,0.49,0.54
FRS_setD_posA_065_posB_049_posC_054_record_038_frame_15.png,D,38,15,30,0.65,0.49,0.54
FRS_setD_posA_065_posB_049_posC_054_record_038_frame_16.png,D,38,16,32,0.65,0.49,0.54
FRS_setD_posA_065_posB_049_posC_054_record_038_frame_17.png,D,38,17,34,0.65,0.49,0.54
FRS_setD_posA_065_posB_049_posC_054_record_038_frame_18.png,D,38,18,36,0.65,0.49,0.54
FRS_setD_posA_065_posB_049_posC_054_record_038_frame_19.png,D,38,19,38,0.65,0.49,0.54
FRS_setD_posA_066_posB_049_posC_055_record_039_frame_00.png,D,39,0,0,0.66,0.49,0.55
FRS_setD_posA_066_posB_049_posC_055_record_039_frame_01.png,D,39,1,2,0.66,0.49,0.55
FRS_setD_posA_066_posB_049_posC_055_record_039_frame_02.png,D,39,2,4,0.66,0.49,0.55
FRS_setD_posA_066_posB_049_posC_055_record_039_frame_03.png,D,39,3,6,0.66,0.49,0.55
FRS_setD_posA_066_posB_049_posC_055_record_039_frame_04.png,D,39,4,8,0.66,0.49,0.55
FRS_setD_posA_066_posB_049_posC_055_record_039_frame_05.png,D,39,5,10,0.66,0.49,0.55
FRS_setD_posA_066_posB_049_posC_055_record_039_frame_06.png,D,39,6,12,0.66,0.49,0.55
FRS_setD_posA_066_posB_049_posC_055_record_039_frame_07.png,D,39,7,14,0.66,0.49,0.55
FRS_setD_posA_066_posB_049_posC_055_record_039_frame_08.png,D,39,8,16,0.66,0.49,0.55
FRS_setD_posA_066_posB_049_posC_055_record_039_frame_09.png,D,39,9,18,0.66,0.49,0.55
FRS_setD_posA_066_posB_049_posC_055_record_039_frame_10.png,D,39,10,20,0.66,0.49,0.55
FRS_setD_posA_066_posB_049_posC_055_record_039_frame_11.png,D,39,11,22,0.66,0.49,0.55
FRS_setD_posA_066_posB_049_posC_055_record_039_frame_12.png,D,39,12,24,0.66,0.49,0.55
FRS_setD_posA_066_posB_049_posC_055_record_039_frame_13.png,D,39,13,26,0.66,0.49,0.55
FRS_setD_posA_066_posB_049_posC_055_record_039_frame_14.png,D,39,14,28,0.66,0.49,0.55
FRS_setD_posA_066_posB_049_posC_055_record_039_frame_15.png,D,39,15,30,0.66,0.49,0.55
FRS_setD_posA_066_posB_049_posC_055_record_039_frame_16.png,D,39,16,32,0.66,0.49,0.55
FRS_setD_posA_066_posB_049_posC_055_record_039_frame_17.png,D,39,17,34,0.66,0.49,0.55
FRS_setD_posA_066_posB_049_posC_055_record_039_frame_18.png,D,39,18,36,0.66,0.49,0.55
FRS_setD_posA_066_posB_049_posC_055_record_039_frame_19.png,D,39,19,38,0.66,0.49,0.55
FRS_setD_posA_066_posB_050_posC_056_record_040_frame_00.png,D,40,0,0,0.66,0.5,0.56
FRS_setD_posA_066_posB_050_posC_056_record_040_frame_01.png,D,40,1,2,0.66,0.5,0.56
FRS_setD_posA_066_posB_050_posC_056_record_040_frame_02.png,D,40,2,4,0.66,0.5,0.56
FRS_setD_posA_066_posB_050_posC_056_record_040_frame_03.png,D,40,3,6,0.66,0.5,0.56
FRS_setD_posA_066_posB_050_posC_056_record_040_frame_04.png,D,40,4,8,0.66,0.5,0.56
FRS_setD_posA_066_posB_050_posC_056_record_040_frame_05.png,D,40,5,10,0.66,0.5,0.56
FRS_setD_posA_066_posB_050_posC_056_record_040_frame_06.png,D,40,6,12,0.66,0.5,0.56
FRS_setD_posA_066_posB_050_posC_056_record_040_frame_07.png,D,40,7,14,0.66,0.5,0.56
FRS_setD_posA_066_posB_050_posC_056_record_040_frame_08.png,D,40,8,16,0.66,0.5,0.56
FRS_setD_posA_066_posB_050_posC_056_record_040_frame_09.png,D,40,9,18,0.66,0.5,0.56
FRS_setD_posA_066_posB_050_posC_056_record_040_frame_10.png,D,40,10,20,0.66,0.5,0.56
FRS_setD_posA_066_posB_050_posC_056_record_040_frame_11.png,D,40,11,22,0.66,0.5,0.56
FRS_setD_posA_066_posB_050_posC_056_record_040_frame_12.png,D,40,12,24,0.66,0.5,0.56
FRS_setD_posA_066_posB_050_posC_056_record_040_frame_13.png,D,40,13,26,0.66,0.5,0.56
FRS_setD_posA_066_posB_050_posC_056_record_040_frame_14.png,D,40,14,28,0.66,0.5,0.56
FRS_setD_posA_066_posB_050_posC_056_record_040_frame_15.png,D,40,15,30,0.66,0.5,0.56
FRS_setD_posA_066_posB_050_posC_056_record_040_frame_16.png,D,40,16,32,0.66,0.5,0.56
FRS_setD_posA_066_posB_050_posC_056_record_040_frame_17.png,D,40,17,34,0.66,0.5,0.56
FRS_setD_posA_066_posB_050_posC_056_record_040_frame_18.png,D,40,18,36,0.66,0.5,0.56
FRS_setD_posA_066_posB_050_posC_056_record_040_frame_19.png,D,40,19,38,0.66,0.5,0.56
FRS_setD_posA_067_posB_051_posC_056_record_041_frame_00.png,D,41,0,0,0.67,0.51,0.56
FRS_setD_posA_067_posB_051_posC_056_record_041_frame_01.png,D,41,1,2,0.67,0.51,0.56
FRS_setD_posA_067_posB_051_posC_056_record_041_frame_02.png,D,41,2,4,0.67,0.51,0.56
FRS_setD_posA_067_posB_051_posC_056_record_041_frame_03.png,D,41,3,6,0.67,0.51,0.56
FRS_setD_posA_067_posB_051_posC_056_record_041_frame_04.png,D,41,4,8,0.67,0.51,0.56
FRS_setD_posA_067_posB_051_posC_056_record_041_frame_05.png,D,41,5,10,0.67,0.51,0.56
FRS_setD_posA_067_posB_051_posC_056_record_041_frame_06.png,D,41,6,12,0.67,0.51,0.56
FRS_setD_posA_067_posB_051_posC_056_record_041_frame_07.png,D,41,7,14,0.67,0.51,0.56
FRS_setD_posA_067_posB_051_posC_056_record_041_frame_08.png,D,41,8,16,0.67,0.51,0.56
FRS_setD_posA_067_posB_051_posC_056_record_041_frame_09.png,D,41,9,18,0.67,0.51,0.56
FRS_setD_posA_067_posB_051_posC_056_record_041_frame_10.png,D,41,10,20,0.67,0.51,0.56
FRS_setD_posA_067_posB_051_posC_056_record_041_frame_11.png,D,41,11,22,0.67,0.51,0.56
FRS_setD_posA_067_posB_051_posC_056_record_041_frame_12.png,D,41,12,24,0.67,0.51,0.56
FRS_setD_posA_067_posB_051_posC_056_record_041_frame_13.png,D,41,13,26,0.67,0.51,0.56
FRS_setD_posA_067_posB_051_posC_056_record_041_frame_14.png,D,41,14,28,0.67,0.51,0.56
FRS_setD_posA_067_posB_051_posC_056_record_041_frame_15.png,D,41,15,30,0.67,0.51,0.56
FRS_setD_posA_067_posB_051_posC_056_record_041_frame_16.png,D,41,16,32,0.67,0.51,0.56
FRS_setD_posA_067_posB_051_posC_056_record_041_frame_17.png,D,41,17,34,0.67,0.51,0.56
FRS_setD_posA_067_posB_051_posC_056_record_041_frame_18.png,D,41,18,36,0.67,0.51,0.56
FRS_setD_posA_067_posB_051_posC_056_record_041_frame_19.png,D,41,19,38,0.67,0.51,0.56
FRS_setD_posA_068_posB_051_posC_056_record_042_frame_00.png,D,42,0,0,0.68,0.51,0.56
FRS_setD_posA_068_posB_051_posC_056_record_042_frame_01.png,D,42,1,2,0.68,0.51,0.56
FRS_setD_posA_068_posB_051_posC_056_record_042_frame_02.png,D,42,2,4,0.68,0.51,0.56
FRS_setD_posA_068_posB_051_posC_056_record_042_frame_03.png,D,42,3,6,0.68,0.51,0.56
FRS_setD_posA_068_posB_051_posC_056_record_042_frame_04.png,D,42,4,8,0.68,0.51,0.56
FRS_setD_posA_068_posB_051_posC_056_record_042_frame_05.png,D,42,5,10,0.68,0.51,0.56
FRS_setD_posA_068_posB_051_posC_056_record_042_frame_06.png,D,42,6,12,0.68,0.51,0.56
FRS_setD_posA_068_posB_051_posC_056_record_042_frame_07.png,D,42,7,14,0.68,0.51,0.56
FRS_setD_posA_068_posB_051_posC_056_record_042_frame_08.png,D,42,8,16,0.68,0.51,0.56
FRS_setD_posA_068_posB_051_posC_056_record_042_frame_09.png,D,42,9,18,0.68,0.51,0.56
FRS_setD_posA_068_posB_051_posC_056_record_042_frame_10.png,D,42,10,20,0.68,0.51,0.56
FRS_setD_posA_068_posB_051_posC_056_record_042_frame_11.png,D,42,11,22,0.68,0.51,0.56
FRS_setD_posA_068_posB_051_posC_056_record_042_frame_12.png,D,42,12,24,0.68,0.51,0.56
FRS_setD_posA_068_posB_051_posC_056_record_042_frame_13.png,D,42,13,26,0.68,0.51,0.56
FRS_setD_posA_068_posB_051_posC_056_record_042_frame_14.png,D,42,14,28,0.68,0.51,0.56
FRS_setD_posA_068_posB_051_posC_056_record_042_frame_15.png,D,42,15,30,0.68,0.51,0.56
FRS_setD_posA_068_posB_051_posC_056_record_042_frame_16.png,D,42,16,32,0.68,0.51,0.56
FRS_setD_posA_068_posB_051_posC_056_record_042_frame_17.png,D,42,17,34,0.68,0.51,0.56
FRS_setD_posA_068_posB_051_posC_056_record_042_frame_18.png,D,42,18,36,0.68,0.51,0.56
FRS_setD_posA_068_posB_051_posC_056_record_042_frame_19.png,D,42,19,38,0.68,0.51,0.56
FRS_setD_posA_069_posB_052_posC_057_record_043_frame_00.png,D,43,0,0,0.69,0.52,0.57
FRS_setD_posA_069_posB_052_posC_057_record_043_frame_01.png,D,43,1,2,0.69,0.52,0.57
FRS_setD_posA_069_posB_052_posC_057_record_043_frame_02.png,D,43,2,4,0.69,0.52,0.57
FRS_setD_posA_069_posB_052_posC_057_record_043_frame_03.png,D,43,3,6,0.69,0.52,0.57
FRS_setD_posA_069_posB_052_posC_057_record_043_frame_04.png,D,43,4,8,0.69,0.52,0.57
FRS_setD_posA_069_posB_052_posC_057_record_043_frame_05.png,D,43,5,10,0.69,0.52,0.57
FRS_setD_posA_069_posB_052_posC_057_record_043_frame_06.png,D,43,6,12,0.69,0.52,0.57
FRS_setD_posA_069_posB_052_posC_057_record_043_frame_07.png,D,43,7,14,0.69,0.52,0.57
FRS_setD_posA_069_posB_052_posC_057_record_043_frame_08.png,D,43,8,16,0.69,0.52,0.57
FRS_setD_posA_069_posB_052_posC_057_record_043_frame_09.png,D,43,9,18,0.69,0.52,0.57
FRS_setD_posA_069_posB_052_posC_057_record_043_frame_10.png,D,43,10,20,0.69,0.52,0.57
FRS_setD_posA_069_posB_052_posC_057_record_043_frame_11.png,D,43,11,22,0.69,0.52,0.57
FRS_setD_posA_069_posB_052_posC_057_record_043_frame_12.png,D,43,12,24,0.69,0.52,0.57
FRS_setD_posA_069_posB_052_posC_057_record_043_frame_13.png,D,43,13,26,0.69,0.52,0.57
FRS_setD_posA_069_posB_052_posC_057_record_043_frame_14.png,D,43,14,28,0.69,0.52,0.57
FRS_setD_posA_069_posB_052_posC_057_record_043_frame_15.png,D,43,15,30,0.69,0.52,0.57
FRS_setD_posA_069_posB_052_posC_057_record_043_frame_16.png,D,43,16,32,0.69,0.52,0.57
FRS_setD_posA_069_posB_052_posC_057_record_043_frame_17.png,D,43,17,34,0.69,0.52,0.57
FRS_setD_posA_069_posB_052_posC_057_record_043_frame_18.png,D,43,18,36,0.69,0.52,0.57
FRS_setD_posA_069_posB_052_posC_057_record_043_frame_19.png,D,43,19,38,0.69,0.52,0.57
FRS_setD_posA_069_posB_052_posC_058_record_044_frame_00.png,D,44,0,0,0.69,0.52,0.58
FRS_setD_posA_069_posB_052_posC_058_record_044_frame_01.png,D,44,1,2,0.69,0.52,0.58
FRS_setD_posA_069_posB_052_posC_058_record_044_frame_02.png,D,44,2,4,0.69,0.52,0.58
FRS_setD_posA_069_posB_052_posC_058_record_044_frame_03.png,D,44,3,6,0.69,0.52,0.58
FRS_setD_posA_069_posB_052_posC_058_record_044_frame_04.png,D,44,4,8,0.69,0.52,0.58
FRS_setD_posA_069_posB_052_posC_058_record_044_frame_05.png,D,44,5,10,0.69,0.52,0.58
FRS_setD_posA_069_posB_052_posC_058_record_044_frame_06.png,D,44,6,12,0.69,0.52,0.58
FRS_setD_posA_069_posB_052_posC_058_record_044_frame_07.png,D,44,7,14,0.69,0.52,0.58
FRS_setD_posA_069_posB_052_posC_058_record_044_frame_08.png,D,44,8,16,0.69,0.52,0.58
FRS_setD_posA_069_posB_052_posC_058_record_044_frame_09.png,D,44,9,18,0.69,0.52,0.58
FRS_setD_posA_069_posB_052_posC_058_record_044_frame_10.png,D,44,10,20,0.69,0.52,0.58
FRS_setD_posA_069_posB_052_posC_058_record_044_frame_11.png,D,44,11,22,0.69,0.52,0.58
FRS_setD_posA_069_posB_052_posC_058_record_044_frame_12.png,D,44,12,24,0.69,0.52,0.58
FRS_setD_posA_069_posB_052_posC_058_record_044_frame_13.png,D,44,13,26,0.69,0.52,0.58
FRS_setD_posA_069_posB_052_posC_058_record_044_frame_14.png,D,44,14,28,0.69,0.52,0.58
FRS_setD_posA_069_posB_052_posC_058_record_044_frame_15.png,D,44,15,30,0.69,0.52,0.58
FRS_setD_posA_069_posB_052_posC_058_record_044_frame_16.png,D,44,16,32,0.69,0.52,0.58
FRS_setD_posA_069_posB_052_posC_058_record_044_frame_17.png,D,44,17,34,0.69,0.52,0.58
FRS_setD_posA_069_posB_052_posC_058_record_044_frame_18.png,D,44,18,36,0.69,0.52,0.58
FRS_setD_posA_069_posB_052_posC_058_record_044_frame_19.png,D,44,19,38,0.69,0.52,0.58
FRS_setD_posA_070_posB_053_posC_059_record_045_frame_00.png,D,45,0,0,0.7,0.53,0.59
FRS_setD_posA_070_posB_053_posC_059_record_045_frame_01.png,D,45,1,2,0.7,0.53,0.59
FRS_setD_posA_070_posB_053_posC_059_record_045_frame_02.png,D,45,2,4,0.7,0.53,0.59
FRS_setD_posA_070_posB_053_posC_059_record_045_frame_03.png,D,45,3,6,0.7,0.53,0.59
FRS_setD_posA_070_posB_053_posC_059_record_045_frame_04.png,D,45,4,8,0.7,0.53,0.59
FRS_setD_posA_070_posB_053_posC_059_record_045_frame_05.png,D,45,5,10,0.7,0.53,0.59
FRS_setD_posA_070_posB_053_posC_059_record_045_frame_06.png,D,45,6,12,0.7,0.53,0.59
FRS_setD_posA_070_posB_053_posC_059_record_045_frame_07.png,D,45,7,14,0.7,0.53,0.59
FRS_setD_posA_070_posB_053_posC_059_record_045_frame_08.png,D,45,8,16,0.7,0.53,0.59
FRS_setD_posA_070_posB_053_posC_059_record_045_frame_09.png,D,45,9,18,0.7,0.53,0.59
FRS_setD_posA_070_posB_053_posC_059_record_045_frame_10.png,D,45,10,20,0.7,0.53,0.59
FRS_setD_posA_070_posB_053_posC_059_record_045_frame_11.png,D,45,11,22,0.7,0.53,0.59
FRS_setD_posA_070_posB_053_posC_059_record_045_frame_12.png,D,45,12,24,0.7,0.53,0.59
FRS_setD_posA_070_posB_053_posC_059_record_045_frame_13.png,D,45,13,26,0.7,0.53,0.59
FRS_setD_posA_070_posB_053_posC_059_record_045_frame_14.png,D,45,14,28,0.7,0.53,0.59
FRS_setD_posA_070_posB_053_posC_059_record_045_frame_15.png,D,45,15,30,0.7,0.53,0.59
FRS_setD_posA_070_posB_053_posC_059_record_045_frame_16.png,D,45,16,32,0.7,0.53,0.59
FRS_setD_posA_070_posB_053_posC_059_record_045_frame_17.png,D,45,17,34,0.7,0.53,0.59
FRS_setD_posA_070_posB_053_posC_059_record_045_frame_18.png,D,45,18,36,0.7,0.53,0.59
FRS_setD_posA_070_posB_053_posC_059_record_045_frame_19.png,D,45,19,38,0.7,0.53,0.59
FRS_setD_posA_071_posB_053_posC_059_record_046_frame_00.png,D,46,0,0,0.71,0.53,0.59
FRS_setD_posA_071_posB_053_posC_059_record_046_frame_01.png,D,46,1,2,0.71,0.53,0.59
FRS_setD_posA_071_posB_053_posC_059_record_046_frame_02.png,D,46,2,4,0.71,0.53,0.59
FRS_setD_posA_071_posB_053_posC_059_record_046_frame_03.png,D,46,3,6,0.71,0.53,0.59
FRS_setD_posA_071_posB_053_posC_059_record_046_frame_04.png,D,46,4,8,0.71,0.53,0.59
FRS_setD_posA_071_posB_053_posC_059_record_046_frame_05.png,D,46,5,10,0.71,0.53,0.59
FRS_setD_posA_071_posB_053_posC_059_record_046_frame_06.png,D,46,6,12,0.71,0.53,0.59
FRS_setD_posA_071_posB_053_posC_059_record_046_frame_07.png,D,46,7,14,0.71,0.53,0.59
FRS_setD_posA_071_posB_053_posC_059_record_046_frame_08.png,D,46,8,16,0.71,0.53,0.59
FRS_setD_posA_071_posB_053_posC_059_record_046_frame_09.png,D,46,9,18,0.71,0.53,0.59
FRS_setD_posA_071_posB_053_posC_059_record_046_frame_10.png,D,46,10,20,0.71,0.53,0.59
FRS_setD_posA_071_posB_053_posC_059_record_046_frame_11.png,D,46,11,22,0.71,0.53,0.59
FRS_setD_posA_071_posB_053_posC_059_record_046_frame_12.png,D,46,12,24,0.71,0.53,0.59
FRS_setD_posA_071_posB_053_posC_059_record_046_frame_13.png,D,46,13,26,0.71,0.53,0.59
FRS_setD_posA_071_posB_053_posC_059_record_046_frame_14.png,D,46,14,28,0.71,0.53,0.59
FRS_setD_posA_071_posB_053_posC_059_record_046_frame_15.png,D,46,15,30,0.71,0.53,0.59
FRS_setD_posA_071_posB_053_posC_059_record_046_frame_16.png,D,46,16,32,0.71,0.53,0.59
FRS_setD_posA_071_posB_053_posC_059_record_046_frame_17.png,D,46,17,34,0.71,0.53,0.59
FRS_setD_posA_071_posB_053_posC_059_record_046_frame_18.png,D,46,18,36,0.71,0.53,0.59
FRS_setD_posA_071_posB_053_posC_059_record_046_frame_19.png,D,46,19,38,0.71,0.53,0.59
FRS_setD_posA_073_posB_055_posC_059_record_047_frame_00.png,D,47,0,0,0.73,0.55,0.59
FRS_setD_posA_073_posB_055_posC_059_record_047_frame_01.png,D,47,1,2,0.73,0.55,0.59
FRS_setD_posA_073_posB_055_posC_059_record_047_frame_02.png,D,47,2,4,0.73,0.55,0.59
FRS_setD_posA_073_posB_055_posC_059_record_047_frame_03.png,D,47,3,6,0.73,0.55,0.59
FRS_setD_posA_073_posB_055_posC_059_record_047_frame_04.png,D,47,4,8,0.73,0.55,0.59
FRS_setD_posA_073_posB_055_posC_059_record_047_frame_05.png,D,47,5,10,0.73,0.55,0.59
FRS_setD_posA_073_posB_055_posC_059_record_047_frame_06.png,D,47,6,12,0.73,0.55,0.59
FRS_setD_posA_073_posB_055_posC_059_record_047_frame_07.png,D,47,7,14,0.73,0.55,0.59
FRS_setD_posA_073_posB_055_posC_059_record_047_frame_08.png,D,47,8,16,0.73,0.55,0.59
FRS_setD_posA_073_posB_055_posC_059_record_047_frame_09.png,D,47,9,18,0.73,0.55,0.59
FRS_setD_posA_073_posB_055_posC_059_record_047_frame_10.png,D,47,10,20,0.73,0.55,0.59
FRS_setD_posA_073_posB_055_posC_059_record_047_frame_11.png,D,47,11,22,0.73,0.55,0.59
FRS_setD_posA_073_posB_055_posC_059_record_047_frame_12.png,D,47,12,24,0.73,0.55,0.59
FRS_setD_posA_073_posB_055_posC_059_record_047_frame_13.png,D,47,13,26,0.73,0.55,0.59
FRS_setD_posA_073_posB_055_posC_059_record_047_frame_14.png,D,47,14,28,0.73,0.55,0.59
FRS_setD_posA_073_posB_055_posC_059_record_047_frame_15.png,D,47,15,30,0.73,0.55,0.59
FRS_setD_posA_073_posB_055_posC_059_record_047_frame_16.png,D,47,16,32,0.73,0.55,0.59
FRS_setD_posA_073_posB_055_posC_059_record_047_frame_17.png,D,47,17,34,0.73,0.55,0.59
FRS_setD_posA_073_posB_055_posC_059_record_047_frame_18.png,D,47,18,36,0.73,0.55,0.59
FRS_setD_posA_073_posB_055_posC_059_record_047_frame_19.png,D,47,19,38,0.73,0.55,0.59
FRS_setD_posA_073_posB_055_posC_060_record_048_frame_00.png,D,48,0,0,0.73,0.55,0.6
FRS_setD_posA_073_posB_055_posC_060_record_048_frame_01.png,D,48,1,2,0.73,0.55,0.6
FRS_setD_posA_073_posB_055_posC_060_record_048_frame_02.png,D,48,2,4,0.73,0.55,0.6
FRS_setD_posA_073_posB_055_posC_060_record_048_frame_03.png,D,48,3,6,0.73,0.55,0.6
FRS_setD_posA_073_posB_055_posC_060_record_048_frame_04.png,D,48,4,8,0.73,0.55,0.6
FRS_setD_posA_073_posB_055_posC_060_record_048_frame_05.png,D,48,5,10,0.73,0.55,0.6
FRS_setD_posA_073_posB_055_posC_060_record_048_frame_06.png,D,48,6,12,0.73,0.55,0.6
FRS_setD_posA_073_posB_055_posC_060_record_048_frame_07.png,D,48,7,14,0.73,0.55,0.6
FRS_setD_posA_073_posB_055_posC_060_record_048_frame_08.png,D,48,8,16,0.73,0.55,0.6
FRS_setD_posA_073_posB_055_posC_060_record_048_frame_09.png,D,48,9,18,0.73,0.55,0.6
FRS_setD_posA_073_posB_055_posC_060_record_048_frame_10.png,D,48,10,20,0.73,0.55,0.6
FRS_setD_posA_073_posB_055_posC_060_record_048_frame_11.png,D,48,11,22,0.73,0.55,0.6
FRS_setD_posA_073_posB_055_posC_060_record_048_frame_12.png,D,48,12,24,0.73,0.55,0.6
FRS_setD_posA_073_posB_055_posC_060_record_048_frame_13.png,D,48,13,26,0.73,0.55,0.6
FRS_setD_posA_073_posB_055_posC_060_record_048_frame_14.png,D,48,14,28,0.73,0.55,0.6
FRS_setD_posA_073_posB_055_posC_060_record_048_frame_15.png,D,48,15,30,0.73,0.55,0.6
FRS_setD_posA_073_posB_055_posC_060_record_048_frame_16.png,D,48,16,32,0.73,0.55,0.6
FRS_setD_posA_073_posB_055_posC_060_record_048_frame_17.png,D,48,17,34,0.73,0.55,0.6
FRS_setD_posA_073_posB_055_posC_060_record_048_frame_18.png,D,48,18,36,0.73,0.55,0.6
FRS_setD_posA_073_posB_055_posC_060_record_048_frame_19.png,D,48,19,38,0.73,0.55,0.6
FRS_setD_posA_074_posB_055_posC_060_record_049_frame_00.png,D,49,0,0,0.74,0.55,0.6
FRS_setD_posA_074_posB_055_posC_060_record_049_frame_01.png,D,49,1,2,0.74,0.55,0.6
FRS_setD_posA_074_posB_055_posC_060_record_049_frame_02.png,D,49,2,4,0.74,0.55,0.6
FRS_setD_posA_074_posB_055_posC_060_record_049_frame_03.png,D,49,3,6,0.74,0.55,0.6
FRS_setD_posA_074_posB_055_posC_060_record_049_frame_04.png,D,49,4,8,0.74,0.55,0.6
FRS_setD_posA_074_posB_055_posC_060_record_049_frame_05.png,D,49,5,10,0.74,0.55,0.6
FRS_setD_posA_074_posB_055_posC_060_record_049_frame_06.png,D,49,6,12,0.74,0.55,0.6
FRS_setD_posA_074_posB_055_posC_060_record_049_frame_07.png,D,49,7,14,0.74,0.55,0.6
FRS_setD_posA_074_posB_055_posC_060_record_049_frame_08.png,D,49,8,16,0.74,0.55,0.6
FRS_setD_posA_074_posB_055_posC_060_record_049_frame_09.png,D,49,9,18,0.74,0.55,0.6
FRS_setD_posA_074_posB_055_posC_060_record_049_frame_10.png,D,49,10,20,0.74,0.55,0.6
FRS_setD_posA_074_posB_055_posC_060_record_049_frame_11.png,D,49,11,22,0.74,0.55,0.6
FRS_setD_posA_074_posB_055_posC_060_record_049_frame_12.png,D,49,12,24,0.74,0.55,0.6
FRS_setD_posA_074_posB_055_posC_060_record_049_frame_13.png,D,49,13,26,0.74,0.55,0.6
FRS_setD_posA_074_posB_055_posC_060_record_049_frame_14.png,D,49,14,28,0.74,0.55,0.6
FRS_setD_posA_074_posB_055_posC_060_record_049_frame_15.png,D,49,15,30,0.74,0.55,0.6
FRS_setD_posA_074_posB_055_posC_060_record_049_frame_16.png,D,49,16,32,0.74,0.55,0.6
FRS_setD_posA_074_posB_055_posC_060_record_049_frame_17.png,D,49,17,34,0.74,0.55,0.6
FRS_setD_posA_074_posB_055_posC_060_record_049_frame_18.png,D,49,18,36,0.74,0.55,0.6
FRS_setD_posA_074_posB_055_posC_060_record_049_frame_19.png,D,49,19,38,0.74,0.55,0.6
FRS_setD_posA_075_posB_056_posC_061_record_050_frame_00.png,D,50,0,0,0.75,0.56,0.61
FRS_setD_posA_075_posB_056_posC_061_record_050_frame_01.png,D,50,1,2,0.75,0.56,0.61
FRS_setD_posA_075_posB_056_posC_061_record_050_frame_02.png,D,50,2,4,0.75,0.56,0.61
FRS_setD_posA_075_posB_056_posC_061_record_050_frame_03.png,D,50,3,6,0.75,0.56,0.61
FRS_setD_posA_075_posB_056_posC_061_record_050_frame_04.png,D,50,4,8,0.75,0.56,0.61
FRS_setD_posA_075_posB_056_posC_061_record_050_frame_05.png,D,50,5,10,0.75,0.56,0.61
FRS_setD_posA_075_posB_056_posC_061_record_050_frame_06.png,D,50,6,12,0.75,0.56,0.61
FRS_setD_posA_075_posB_056_posC_061_record_050_frame_07.png,D,50,7,14,0.75,0.56,0.61
FRS_setD_posA_075_posB_056_posC_061_record_050_frame_08.png,D,50,8,16,0.75,0.56,0.61
FRS_setD_posA_075_posB_056_posC_061_record_050_frame_09.png,D,50,9,18,0.75,0.56,0.61
FRS_setD_posA_075_posB_056_posC_061_record_050_frame_10.png,D,50,10,20,0.75,0.56,0.61
FRS_setD_posA_075_posB_056_posC_061_record_050_frame_11.png,D,50,11,22,0.75,0.56,0.61
FRS_setD_posA_075_posB_056_posC_061_record_050_frame_12.png,D,50,12,24,0.75,0.56,0.61
FRS_setD_posA_075_posB_056_posC_061_record_050_frame_13.png,D,50,13,26,0.75,0.56,0.61
FRS_setD_posA_075_posB_056_posC_061_record_050_frame_14.png,D,50,14,28,0.75,0.56,0.61
FRS_setD_posA_075_posB_056_posC_061_record_050_frame_15.png,D,50,15,30,0.75,0.56,0.61
FRS_setD_posA_075_posB_056_posC_061_record_050_frame_16.png,D,50,16,32,0.75,0.56,0.61
FRS_setD_posA_075_posB_056_posC_061_record_050_frame_17.png,D,50,17,34,0.75,0.56,0.61
FRS_setD_posA_075_posB_056_posC_061_record_050_frame_18.png,D,50,18,36,0.75,0.56,0.61
FRS_setD_posA_075_posB_056_posC_061_record_050_frame_19.png,D,50,19,38,0.75,0.56,0.61
FRS_setD_posA_076_posB_057_posC_061_record_051_frame_00.png,D,51,0,0,0.76,0.57,0.61
FRS_setD_posA_076_posB_057_posC_061_record_051_frame_01.png,D,51,1,2,0.76,0.57,0.61
FRS_setD_posA_076_posB_057_posC_061_record_051_frame_02.png,D,51,2,4,0.76,0.57,0.61
FRS_setD_posA_076_posB_057_posC_061_record_051_frame_03.png,D,51,3,6,0.76,0.57,0.61
FRS_setD_posA_076_posB_057_posC_061_record_051_frame_04.png,D,51,4,8,0.76,0.57,0.61
FRS_setD_posA_076_posB_057_posC_061_record_051_frame_05.png,D,51,5,10,0.76,0.57,0.61
FRS_setD_posA_076_posB_057_posC_061_record_051_frame_06.png,D,51,6,12,0.76,0.57,0.61
FRS_setD_posA_076_posB_057_posC_061_record_051_frame_07.png,D,51,7,14,0.76,0.57,0.61
FRS_setD_posA_076_posB_057_posC_061_record_051_frame_08.png,D,51,8,16,0.76,0.57,0.61
FRS_setD_posA_076_posB_057_posC_061_record_051_frame_09.png,D,51,9,18,0.76,0.57,0.61
FRS_setD_posA_076_posB_057_posC_061_record_051_frame_10.png,D,51,10,20,0.76,0.57,0.61
FRS_setD_posA_076_posB_057_posC_061_record_051_frame_11.png,D,51,11,22,0.76,0.57,0.61
FRS_setD_posA_076_posB_057_posC_061_record_051_frame_12.png,D,51,12,24,0.76,0.57,0.61
FRS_setD_posA_076_posB_057_posC_061_record_051_frame_13.png,D,51,13,26,0.76,0.57,0.61
FRS_setD_posA_076_posB_057_posC_061_record_051_frame_14.png,D,51,14,28,0.76,0.57,0.61
FRS_setD_posA_076_posB_057_posC_061_record_051_frame_15.png,D,51,15,30,0.76,0.57,0.61
FRS_setD_posA_076_posB_057_posC_061_record_051_frame_16.png,D,51,16,32,0.76,0.57,0.61
FRS_setD_posA_076_posB_057_posC_061_record_051_frame_17.png,D,51,17,34,0.76,0.57,0.61
FRS_setD_posA_076_posB_057_posC_061_record_051_frame_18.png,D,51,18,36,0.76,0.57,0.61
FRS_setD_posA_076_posB_057_posC_061_record_051_frame_19.png,D,51,19,38,0.76,0.57,0.61
FRS_setD_posA_077_posB_057_posC_062_record_052_frame_00.png,D,52,0,0,0.77,0.57,0.62
FRS_setD_posA_077_posB_057_posC_062_record_052_frame_01.png,D,52,1,2,0.77,0.57,0.62
FRS_setD_posA_077_posB_057_posC_062_record_052_frame_02.png,D,52,2,4,0.77,0.57,0.62
FRS_setD_posA_077_posB_057_posC_062_record_052_frame_03.png,D,52,3,6,0.77,0.57,0.62
FRS_setD_posA_077_posB_057_posC_062_record_052_frame_04.png,D,52,4,8,0.77,0.57,0.62
FRS_setD_posA_077_posB_057_posC_062_record_052_frame_05.png,D,52,5,10,0.77,0.57,0.62
FRS_setD_posA_077_posB_057_posC_062_record_052_frame_06.png,D,52,6,12,0.77,0.57,0.62
FRS_setD_posA_077_posB_057_posC_062_record_052_frame_07.png,D,52,7,14,0.77,0.57,0.62
FRS_setD_posA_077_posB_057_posC_062_record_052_frame_08.png,D,52,8,16,0.77,0.57,0.62
FRS_setD_posA_077_posB_057_posC_062_record_052_frame_09.png,D,52,9,18,0.77,0.57,0.62
FRS_setD_posA_077_posB_057_posC_062_record_052_frame_10.png,D,52,10,20,0.77,0.57,0.62
FRS_setD_posA_077_posB_057_posC_062_record_052_frame_11.png,D,52,11,22,0.77,0.57,0.62
FRS_setD_posA_077_posB_057_posC_062_record_052_frame_12.png,D,52,12,24,0.77,0.57,0.62
FRS_setD_posA_077_posB_057_posC_062_record_052_frame_13.png,D,52,13,26,0.77,0.57,0.62
FRS_setD_posA_077_posB_057_posC_062_record_052_frame_14.png,D,52,14,28,0.77,0.57,0.62
FRS_setD_posA_077_posB_057_posC_062_record_052_frame_15.png,D,52,15,30,0.77,0.57,0.62
FRS_setD_posA_077_posB_057_posC_062_record_052_frame_16.png,D,52,16,32,0.77,0.57,0.62
FRS_setD_posA_077_posB_057_posC_062_record_052_frame_17.png,D,52,17,34,0.77,0.57,0.62
FRS_setD_posA_077_posB_057_posC_062_record_052_frame_18.png,D,52,18,36,0.77,0.57,0.62
FRS_setD_posA_077_posB_057_posC_062_record_052_frame_19.png,D,52,19,38,0.77,0.57,0.62
FRS_setD_posA_077_posB_058_posC_062_record_053_frame_00.png,D,53,0,0,0.77,0.58,0.62
FRS_setD_posA_077_posB_058_posC_062_record_053_frame_01.png,D,53,1,2,0.77,0.58,0.62
FRS_setD_posA_077_posB_058_posC_062_record_053_frame_02.png,D,53,2,4,0.77,0.58,0.62
FRS_setD_posA_077_posB_058_posC_062_record_053_frame_03.png,D,53,3,6,0.77,0.58,0.62
FRS_setD_posA_077_posB_058_posC_062_record_053_frame_04.png,D,53,4,8,0.77,0.58,0.62
FRS_setD_posA_077_posB_058_posC_062_record_053_frame_05.png,D,53,5,10,0.77,0.58,0.62
FRS_setD_posA_077_posB_058_posC_062_record_053_frame_06.png,D,53,6,12,0.77,0.58,0.62
FRS_setD_posA_077_posB_058_posC_062_record_053_frame_07.png,D,53,7,14,0.77,0.58,0.62
FRS_setD_posA_077_posB_058_posC_062_record_053_frame_08.png,D,53,8,16,0.77,0.58,0.62
FRS_setD_posA_077_posB_058_posC_062_record_053_frame_09.png,D,53,9,18,0.77,0.58,0.62
FRS_setD_posA_077_posB_058_posC_062_record_053_frame_10.png,D,53,10,20,0.77,0.58,0.62
FRS_setD_posA_077_posB_058_posC_062_record_053_frame_11.png,D,53,11,22,0.77,0.58,0.62
FRS_setD_posA_077_posB_058_posC_062_record_053_frame_12.png,D,53,12,24,0.77,0.58,0.62
FRS_setD_posA_077_posB_058_posC_062_record_053_frame_13.png,D,53,13,26,0.77,0.58,0.62
FRS_setD_posA_077_posB_058_posC_062_record_053_frame_14.png,D,53,14,28,0.77,0.58,0.62
FRS_setD_posA_077_posB_058_posC_062_record_053_frame_15.png,D,53,15,30,0.77,0.58,0.62
FRS_setD_posA_077_posB_058_posC_062_record_053_frame_16.png,D,53,16,32,0.77,0.58,0.62
FRS_setD_posA_077_posB_058_posC_062_record_053_frame_17.png,D,53,17,34,0.77,0.58,0.62
FRS_setD_posA_077_posB_058_posC_062_record_053_frame_18.png,D,53,18,36,0.77,0.58,0.62
FRS_setD_posA_077_posB_058_posC_062_record_053_frame_19.png,D,53,19,38,0.77,0.58,0.62
FRS_setD_posA_077_posB_058_posC_063_record_054_frame_00.png,D,54,0,0,0.77,0.58,0.63
FRS_setD_posA_077_posB_058_posC_063_record_054_frame_01.png,D,54,1,2,0.77,0.58,0.63
FRS_setD_posA_077_posB_058_posC_063_record_054_frame_02.png,D,54,2,4,0.77,0.58,0.63
FRS_setD_posA_077_posB_058_posC_063_record_054_frame_03.png,D,54,3,6,0.77,0.58,0.63
FRS_setD_posA_077_posB_058_posC_063_record_054_frame_04.png,D,54,4,8,0.77,0.58,0.63
FRS_setD_posA_077_posB_058_posC_063_record_054_frame_05.png,D,54,5,10,0.77,0.58,0.63
FRS_setD_posA_077_posB_058_posC_063_record_054_frame_06.png,D,54,6,12,0.77,0.58,0.63
FRS_setD_posA_077_posB_058_posC_063_record_054_frame_07.png,D,54,7,14,0.77,0.58,0.63
FRS_setD_posA_077_posB_058_posC_063_record_054_frame_08.png,D,54,8,16,0.77,0.58,0.63
FRS_setD_posA_077_posB_058_posC_063_record_054_frame_09.png,D,54,9,18,0.77,0.58,0.63
FRS_setD_posA_077_posB_058_posC_063_record_054_frame_10.png,D,54,10,20,0.77,0.58,0.63
FRS_setD_posA_077_posB_058_posC_063_record_054_frame_11.png,D,54,11,22,0.77,0.58,0.63
FRS_setD_posA_077_posB_058_posC_063_record_054_frame_12.png,D,54,12,24,0.77,0.58,0.63
FRS_setD_posA_077_posB_058_posC_063_record_054_frame_13.png,D,54,13,26,0.77,0.58,0.63
FRS_setD_posA_077_posB_058_posC_063_record_054_frame_14.png,D,54,14,28,0.77,0.58,0.63
FRS_setD_posA_077_posB_058_posC_063_record_054_frame_15.png,D,54,15,30,0.77,0.58,0.63
FRS_setD_posA_077_posB_058_posC_063_record_054_frame_16.png,D,54,16,32,0.77,0.58,0.63
FRS_setD_posA_077_posB_058_posC_063_record_054_frame_17.png,D,54,17,34,0.77,0.58,0.63
FRS_setD_posA_077_posB_058_posC_063_record_054_frame_18.png,D,54,18,36,0.77,0.58,0.63
FRS_setD_posA_077_posB_058_posC_063_record_054_frame_19.png,D,54,19,38,0.77,0.58,0.63
FRS_setD_posA_078_posB_058_posC_063_record_055_frame_00.png,D,55,0,0,0.78,0.58,0.63
FRS_setD_posA_078_posB_058_posC_063_record_055_frame_01.png,D,55,1,2,0.78,0.58,0.63
FRS_setD_posA_078_posB_058_posC_063_record_055_frame_02.png,D,55,2,4,0.78,0.58,0.63
FRS_setD_posA_078_posB_058_posC_063_record_055_frame_03.png,D,55,3,6,0.78,0.58,0.63
FRS_setD_posA_078_posB_058_posC_063_record_055_frame_04.png,D,55,4,8,0.78,0.58,0.63
FRS_setD_posA_078_posB_058_posC_063_record_055_frame_05.png,D,55,5,10,0.78,0.58,0.63
FRS_setD_posA_078_posB_058_posC_063_record_055_frame_06.png,D,55,6,12,0.78,0.58,0.63
FRS_setD_posA_078_posB_058_posC_063_record_055_frame_07.png,D,55,7,14,0.78,0.58,0.63
FRS_setD_posA_078_posB_058_posC_063_record_055_frame_08.png,D,55,8,16,0.78,0.58,0.63
FRS_setD_posA_078_posB_058_posC_063_record_055_frame_09.png,D,55,9,18,0.78,0.58,0.63
FRS_setD_posA_078_posB_058_posC_063_record_055_frame_10.png,D,55,10,20,0.78,0.58,0.63
FRS_setD_posA_078_posB_058_posC_063_record_055_frame_11.png,D,55,11,22,0.78,0.58,0.63
FRS_setD_posA_078_posB_058_posC_063_record_055_frame_12.png,D,55,12,24,0.78,0.58,0.63
FRS_setD_posA_078_posB_058_posC_063_record_055_frame_13.png,D,55,13,26,0.78,0.58,0.63
FRS_setD_posA_078_posB_058_posC_063_record_055_frame_14.png,D,55,14,28,0.78,0.58,0.63
FRS_setD_posA_078_posB_058_posC_063_record_055_frame_15.png,D,55,15,30,0.78,0.58,0.63
FRS_setD_posA_078_posB_058_posC_063_record_055_frame_16.png,D,55,16,32,0.78,0.58,0.63
FRS_setD_posA_078_posB_058_posC_063_record_055_frame_17.png,D,55,17,34,0.78,0.58,0.63
FRS_setD_posA_078_posB_058_posC_063_record_055_frame_18.png,D,55,18,36,0.78,0.58,0.63
FRS_setD_posA_078_posB_058_posC_063_record_055_frame_19.png,D,55,19,38,0.78,0.58,0.63
FRS_setD_posA_079_posB_059_posC_063_record_056_frame_00.png,D,56,0,0,0.79,0.59,0.63
FRS_setD_posA_079_posB_059_posC_063_record_056_frame_01.png,D,56,1,2,0.79,0.59,0.63
FRS_setD_posA_079_posB_059_posC_063_record_056_frame_02.png,D,56,2,4,0.79,0.59,0.63
FRS_setD_posA_079_posB_059_posC_063_record_056_frame_03.png,D,56,3,6,0.79,0.59,0.63
FRS_setD_posA_079_posB_059_posC_063_record_056_frame_04.png,D,56,4,8,0.79,0.59,0.63
FRS_setD_posA_079_posB_059_posC_063_record_056_frame_05.png,D,56,5,10,0.79,0.59,0.63
FRS_setD_posA_079_posB_059_posC_063_record_056_frame_06.png,D,56,6,12,0.79,0.59,0.63
FRS_setD_posA_079_posB_059_posC_063_record_056_frame_07.png,D,56,7,14,0.79,0.59,0.63
FRS_setD_posA_079_posB_059_posC_063_record_056_frame_08.png,D,56,8,16,0.79,0.59,0.63
FRS_setD_posA_079_posB_059_posC_063_record_056_frame_09.png,D,56,9,18,0.79,0.59,0.63
FRS_setD_posA_079_posB_059_posC_063_record_056_frame_10.png,D,56,10,20,0.79,0.59,0.63
FRS_setD_posA_079_posB_059_posC_063_record_056_frame_11.png,D,56,11,22,0.79,0.59,0.63
FRS_setD_posA_079_posB_059_posC_063_record_056_frame_12.png,D,56,12,24,0.79,0.59,0.63
FRS_setD_posA_079_posB_059_posC_063_record_056_frame_13.png,D,56,13,26,0.79,0.59,0.63
FRS_setD_posA_079_posB_059_posC_063_record_056_frame_14.png,D,56,14,28,0.79,0.59,0.63
FRS_setD_posA_079_posB_059_posC_063_record_056_frame_15.png,D,56,15,30,0.79,0.59,0.63
FRS_setD_posA_079_posB_059_posC_063_record_056_frame_16.png,D,56,16,32,0.79,0.59,0.63
FRS_setD_posA_079_posB_059_posC_063_record_056_frame_17.png,D,56,17,34,0.79,0.59,0.63
FRS_setD_posA_079_posB_059_posC_063_record_056_frame_18.png,D,56,18,36,0.79,0.59,0.63
FRS_setD_posA_079_posB_059_posC_063_record_056_frame_19.png,D,56,19,38,0.79,0.59,0.63
FRS_setD_posA_080_posB_060_posC_064_record_057_frame_00.png,D,57,0,0,0.8,0.6,0.64
FRS_setD_posA_080_posB_060_posC_064_record_057_frame_01.png,D,57,1,2,0.8,0.6,0.64
FRS_setD_posA_080_posB_060_posC_064_record_057_frame_02.png,D,57,2,4,0.8,0.6,0.64
FRS_setD_posA_080_posB_060_posC_064_record_057_frame_03.png,D,57,3,6,0.8,0.6,0.64
FRS_setD_posA_080_posB_060_posC_064_record_057_frame_04.png,D,57,4,8,0.8,0.6,0.64
FRS_setD_posA_080_posB_060_posC_064_record_057_frame_05.png,D,57,5,10,0.8,0.6,0.64
FRS_setD_posA_080_posB_060_posC_064_record_057_frame_06.png,D,57,6,12,0.8,0.6,0.64
FRS_setD_posA_080_posB_060_posC_064_record_057_frame_07.png,D,57,7,14,0.8,0.6,0.64
FRS_setD_posA_080_posB_060_posC_064_record_057_frame_08.png,D,57,8,16,0.8,0.6,0.64
FRS_setD_posA_080_posB_060_posC_064_record_057_frame_09.png,D,57,9,18,0.8,0.6,0.64
FRS_setD_posA_080_posB_060_posC_064_record_057_frame_10.png,D,57,10,20,0.8,0.6,0.64
FRS_setD_posA_080_posB_060_posC_064_record_057_frame_11.png,D,57,11,22,0.8,0.6,0.64
FRS_setD_posA_080_posB_060_posC_064_record_057_frame_12.png,D,57,12,24,0.8,0.6,0.64
FRS_setD_posA_080_posB_060_posC_064_record_057_frame_13.png,D,57,13,26,0.8,0.6,0.64
FRS_setD_posA_080_posB_060_posC_064_record_057_frame_14.png,D,57,14,28,0.8,0.6,0.64
FRS_setD_posA_080_posB_060_posC_064_record_057_frame_15.png,D,57,15,30,0.8,0.6,0.64
FRS_setD_posA_080_posB_060_posC_064_record_057_frame_16.png,D,57,16,32,0.8,0.6,0.64
FRS_setD_posA_080_posB_060_posC_064_record_057_frame_17.png,D,57,17,34,0.8,0.6,0.64
FRS_setD_posA_080_posB_060_posC_064_record_057_frame_18.png,D,57,18,36,0.8,0.6,0.64
FRS_setD_posA_080_posB_060_posC_064_record_057_frame_19.png,D,57,19,38,0.8,0.6,0.64
FRS_setD_posA_080_posB_061_posC_064_record_058_frame_00.png,D,58,0,0,0.8,0.61,0.64
FRS_setD_posA_080_posB_061_posC_064_record_058_frame_01.png,D,58,1,2,0.8,0.61,0.64
FRS_setD_posA_080_posB_061_posC_064_record_058_frame_02.png,D,58,2,4,0.8,0.61,0.64
FRS_setD_posA_080_posB_061_posC_064_record_058_frame_03.png,D,58,3,6,0.8,0.61,0.64
FRS_setD_posA_080_posB_061_posC_064_record_058_frame_04.png,D,58,4,8,0.8,0.61,0.64
FRS_setD_posA_080_posB_061_posC_064_record_058_frame_05.png,D,58,5,10,0.8,0.61,0.64
FRS_setD_posA_080_posB_061_posC_064_record_058_frame_06.png,D,58,6,12,0.8,0.61,0.64
FRS_setD_posA_080_posB_061_posC_064_record_058_frame_07.png,D,58,7,14,0.8,0.61,0.64
FRS_setD_posA_080_posB_061_posC_064_record_058_frame_08.png,D,58,8,16,0.8,0.61,0.64
FRS_setD_posA_080_posB_061_posC_064_record_058_frame_09.png,D,58,9,18,0.8,0.61,0.64
FRS_setD_posA_080_posB_061_posC_064_record_058_frame_10.png,D,58,10,20,0.8,0.61,0.64
FRS_setD_posA_080_posB_061_posC_064_record_058_frame_11.png,D,58,11,22,0.8,0.61,0.64
FRS_setD_posA_080_posB_061_posC_064_record_058_frame_12.png,D,58,12,24,0.8,0.61,0.64
FRS_setD_posA_080_posB_061_posC_064_record_058_frame_13.png,D,58,13,26,0.8,0.61,0.64
FRS_setD_posA_080_posB_061_posC_064_record_058_frame_14.png,D,58,14,28,0.8,0.61,0.64
FRS_setD_posA_080_posB_061_posC_064_record_058_frame_15.png,D,58,15,30,0.8,0.61,0.64
FRS_setD_posA_080_posB_061_posC_064_record_058_frame_16.png,D,58,16,32,0.8,0.61,0.64
FRS_setD_posA_080_posB_061_posC_064_record_058_frame_17.png,D,58,17,34,0.8,0.61,0.64
FRS_setD_posA_080_posB_061_posC_064_record_058_frame_18.png,D,58,18,36,0.8,0.61,0.64
FRS_setD_posA_080_posB_061_posC_064_record_058_frame_19.png,D,58,19,38,0.8,0.61,0.64
FRS_setD_posA_080_posB_061_posC_065_record_059_frame_00.png,D,59,0,0,0.8,0.61,0.65
FRS_setD_posA_080_posB_061_posC_065_record_059_frame_01.png,D,59,1,2,0.8,0.61,0.65
FRS_setD_posA_080_posB_061_posC_065_record_059_frame_02.png,D,59,2,4,0.8,0.61,0.65
FRS_setD_posA_080_posB_061_posC_065_record_059_frame_03.png,D,59,3,6,0.8,0.61,0.65
FRS_setD_posA_080_posB_061_posC_065_record_059_frame_04.png,D,59,4,8,0.8,0.61,0.65
FRS_setD_posA_080_posB_061_posC_065_record_059_frame_05.png,D,59,5,10,0.8,0.61,0.65
FRS_setD_posA_080_posB_061_posC_065_record_059_frame_06.png,D,59,6,12,0.8,0.61,0.65
FRS_setD_posA_080_posB_061_posC_065_record_059_frame_07.png,D,59,7,14,0.8,0.61,0.65
FRS_setD_posA_080_posB_061_posC_065_record_059_frame_08.png,D,59,8,16,0.8,0.61,0.65
FRS_setD_posA_080_posB_061_posC_065_record_059_frame_09.png,D,59,9,18,0.8,0.61,0.65
FRS_setD_posA_080_posB_061_posC_065_record_059_frame_10.png,D,59,10,20,0.8,0.61,0.65
FRS_setD_posA_080_posB_061_posC_065_record_059_frame_11.png,D,59,11,22,0.8,0.61,0.65
FRS_setD_posA_080_posB_061_posC_065_record_059_frame_12.png,D,59,12,24,0.8,0.61,0.65
FRS_setD_posA_080_posB_061_posC_065_record_059_frame_13.png,D,59,13,26,0.8,0.61,0.65
FRS_setD_posA_080_posB_061_posC_065_record_059_frame_14.png,D,59,14,28,0.8,0.61,0.65
FRS_setD_posA_080_posB_061_posC_065_record_059_frame_15.png,D,59,15,30,0.8,0.61,0.65
FRS_setD_posA_080_posB_061_posC_065_record_059_frame_16.png,D,59,16,32,0.8,0.61,0.65
FRS_setD_posA_080_posB_061_posC_065_record_059_frame_17.png,D,59,17,34,0.8,0.61,0.65
FRS_setD_posA_080_posB_061_posC_065_record_059_frame_18.png,D,59,18,36,0.8,0.61,0.65
FRS_setD_posA_080_posB_061_posC_065_record_059_frame_19.png,D,59,19,38,0.8,0.61,0.65
FRS_setD_posA_081_posB_061_posC_065_record_060_frame_00.png,D,60,0,0,0.81,0.61,0.65
FRS_setD_posA_081_posB_061_posC_065_record_060_frame_01.png,D,60,1,2,0.81,0.61,0.65
FRS_setD_posA_081_posB_061_posC_065_record_060_frame_02.png,D,60,2,4,0.81,0.61,0.65
FRS_setD_posA_081_posB_061_posC_065_record_060_frame_03.png,D,60,3,6,0.81,0.61,0.65
FRS_setD_posA_081_posB_061_posC_065_record_060_frame_04.png,D,60,4,8,0.81,0.61,0.65
FRS_setD_posA_081_posB_061_posC_065_record_060_frame_05.png,D,60,5,10,0.81,0.61,0.65
FRS_setD_posA_081_posB_061_posC_065_record_060_frame_06.png,D,60,6,12,0.81,0.61,0.65
FRS_setD_posA_081_posB_061_posC_065_record_060_frame_07.png,D,60,7,14,0.81,0.61,0.65
FRS_setD_posA_081_posB_061_posC_065_record_060_frame_08.png,D,60,8,16,0.81,0.61,0.65
FRS_setD_posA_081_posB_061_posC_065_record_060_frame_09.png,D,60,9,18,0.81,0.61,0.65
FRS_setD_posA_081_posB_061_posC_065_record_060_frame_10.png,D,60,10,20,0.81,0.61,0.65
FRS_setD_posA_081_posB_061_posC_065_record_060_frame_11.png,D,60,11,22,0.81,0.61,0.65
FRS_setD_posA_081_posB_061_posC_065_record_060_frame_12.png,D,60,12,24,0.81,0.61,0.65
FRS_setD_posA_081_posB_061_posC_065_record_060_frame_13.png,D,60,13,26,0.81,0.61,0.65
FRS_setD_posA_081_posB_061_posC_065_record_060_frame_14.png,D,60,14,28,0.81,0.61,0.65
FRS_setD_posA_081_posB_061_posC_065_record_060_frame_15.png,D,60,15,30,0.81,0.61,0.65
FRS_setD_posA_081_posB_061_posC_065_record_060_frame_16.png,D,60,16,32,0.81,0.61,0.65
FRS_setD_posA_081_posB_061_posC_065_record_060_frame_17.png,D,60,17,34,0.81,0.61,0.65
FRS_setD_posA_081_posB_061_posC_065_record_060_frame_18.png,D,60,18,36,0.81,0.61,0.65
FRS_setD_posA_081_posB_061_posC_065_record_060_frame_19.png,D,60,19,38,0.81,0.61,0.65
FRS_setD_posA_082_posB_061_posC_065_record_061_frame_00.png,D,61,0,0,0.82,0.61,0.65
FRS_setD_posA_082_posB_061_posC_065_record_061_frame_01.png,D,61,1,2,0.82,0.61,0.65
FRS_setD_posA_082_posB_061_posC_065_record_061_frame_02.png,D,61,2,4,0.82,0.61,0.65
FRS_setD_posA_082_posB_061_posC_065_record_061_frame_03.png,D,61,3,6,0.82,0.61,0.65
FRS_setD_posA_082_posB_061_posC_065_record_061_frame_04.png,D,61,4,8,0.82,0.61,0.65
FRS_setD_posA_082_posB_061_posC_065_record_061_frame_05.png,D,61,5,10,0.82,0.61,0.65
FRS_setD_posA_082_posB_061_posC_065_record_061_frame_06.png,D,61,6,12,0.82,0.61,0.65
FRS_setD_posA_082_posB_061_posC_065_record_061_frame_07.png,D,61,7,14,0.82,0.61,0.65
FRS_setD_posA_082_posB_061_posC_065_record_061_frame_08.png,D,61,8,16,0.82,0.61,0.65
FRS_setD_posA_082_posB_061_posC_065_record_061_frame_09.png,D,61,9,18,0.82,0.61,0.65
FRS_setD_posA_082_posB_061_posC_065_record_061_frame_10.png,D,61,10,20,0.82,0.61,0.65
FRS_setD_posA_082_posB_061_posC_065_record_061_frame_11.png,D,61,11,22,0.82,0.61,0.65
FRS_setD_posA_082_posB_061_posC_065_record_061_frame_12.png,D,61,12,24,0.82,0.61,0.65
FRS_setD_posA_082_posB_061_posC_065_record_061_frame_13.png,D,61,13,26,0.82,0.61,0.65
FRS_setD_posA_082_posB_061_posC_065_record_061_frame_14.png,D,61,14,28,0.82,0.61,0.65
FRS_setD_posA_082_posB_061_posC_065_record_061_frame_15.png,D,61,15,30,0.82,0.61,0.65
FRS_setD_posA_082_posB_061_posC_065_record_061_frame_16.png,D,61,16,32,0.82,0.61,0.65
FRS_setD_posA_082_posB_061_posC_065_record_061_frame_17.png,D,61,17,34,0.82,0.61,0.65
FRS_setD_posA_082_posB_061_posC_065_record_061_frame_18.png,D,61,18,36,0.82,0.61,0.65
FRS_setD_posA_082_posB_061_posC_065_record_061_frame_19.png,D,61,19,38,0.82,0.61,0.65
FRS_setD_posA_082_posB_062_posC_066_record_062_frame_00.png,D,62,0,0,0.82,0.62,0.66
FRS_setD_posA_082_posB_062_posC_066_record_062_frame_01.png,D,62,1,2,0.82,0.62,0.66
FRS_setD_posA_082_posB_062_posC_066_record_062_frame_02.png,D,62,2,4,0.82,0.62,0.66
FRS_setD_posA_082_posB_062_posC_066_record_062_frame_03.png,D,62,3,6,0.82,0.62,0.66
FRS_setD_posA_082_posB_062_posC_066_record_062_frame_04.png,D,62,4,8,0.82,0.62,0.66
FRS_setD_posA_082_posB_062_posC_066_record_062_frame_05.png,D,62,5,10,0.82,0.62,0.66
FRS_setD_posA_082_posB_062_posC_066_record_062_frame_06.png,D,62,6,12,0.82,0.62,0.66
FRS_setD_posA_082_posB_062_posC_066_record_062_frame_07.png,D,62,7,14,0.82,0.62,0.66
FRS_setD_posA_082_posB_062_posC_066_record_062_frame_08.png,D,62,8,16,0.82,0.62,0.66
FRS_setD_posA_082_posB_062_posC_066_record_062_frame_09.png,D,62,9,18,0.82,0.62,0.66
FRS_setD_posA_082_posB_062_posC_066_record_062_frame_10.png,D,62,10,20,0.82,0.62,0.66
FRS_setD_posA_082_posB_062_posC_066_record_062_frame_11.png,D,62,11,22,0.82,0.62,0.66
FRS_setD_posA_082_posB_062_posC_066_record_062_frame_12.png,D,62,12,24,0.82,0.62,0.66
FRS_setD_posA_082_posB_062_posC_066_record_062_frame_13.png,D,62,13,26,0.82,0.62,0.66
FRS_setD_posA_082_posB_062_posC_066_record_062_frame_14.png,D,62,14,28,0.82,0.62,0.66
FRS_setD_posA_082_posB_062_posC_066_record_062_frame_15.png,D,62,15,30,0.82,0.62,0.66
FRS_setD_posA_082_posB_062_posC_066_record_062_frame_16.png,D,62,16,32,0.82,0.62,0.66
FRS_setD_posA_082_posB_062_posC_066_record_062_frame_17.png,D,62,17,34,0.82,0.62,0.66
FRS_setD_posA_082_posB_062_posC_066_record_062_frame_18.png,D,62,18,36,0.82,0.62,0.66
FRS_setD_posA_082_posB_062_posC_066_record_062_frame_19.png,D,62,19,38,0.82,0.62,0.66
FRS_setD_posA_083_posB_062_posC_065_record_063_frame_00.png,D,63,0,0,0.83,0.62,0.65
FRS_setD_posA_083_posB_062_posC_065_record_063_frame_01.png,D,63,1,2,0.83,0.62,0.65
FRS_setD_posA_083_posB_062_posC_065_record_063_frame_02.png,D,63,2,4,0.83,0.62,0.65
FRS_setD_posA_083_posB_062_posC_065_record_063_frame_03.png,D,63,3,6,0.83,0.62,0.65
FRS_setD_posA_083_posB_062_posC_065_record_063_frame_04.png,D,63,4,8,0.83,0.62,0.65
FRS_setD_posA_083_posB_062_posC_065_record_063_frame_05.png,D,63,5,10,0.83,0.62,0.65
FRS_setD_posA_083_posB_062_posC_065_record_063_frame_06.png,D,63,6,12,0.83,0.62,0.65
FRS_setD_posA_083_posB_062_posC_065_record_063_frame_07.png,D,63,7,14,0.83,0.62,0.65
FRS_setD_posA_083_posB_062_posC_065_record_063_frame_08.png,D,63,8,16,0.83,0.62,0.65
FRS_setD_posA_083_posB_062_posC_065_record_063_frame_09.png,D,63,9,18,0.83,0.62,0.65
FRS_setD_posA_083_posB_062_posC_065_record_063_frame_10.png,D,63,10,20,0.83,0.62,0.65
FRS_setD_posA_083_posB_062_posC_065_record_063_frame_11.png,D,63,11,22,0.83,0.62,0.65
FRS_setD_posA_083_posB_062_posC_065_record_063_frame_12.png,D,63,12,24,0.83,0.62,0.65
FRS_setD_posA_083_posB_062_posC_065_record_063_frame_13.png,D,63,13,26,0.83,0.62,0.65
FRS_setD_posA_083_posB_062_posC_065_record_063_frame_14.png,D,63,14,28,0.83,0.62,0.65
FRS_setD_posA_083_posB_062_posC_065_record_063_frame_15.png,D,63,15,30,0.83,0.62,0.65
FRS_setD_posA_083_posB_062_posC_065_record_063_frame_16.png,D,63,16,32,0.83,0.62,0.65
FRS_setD_posA_083_posB_062_posC_065_record_063_frame_17.png,D,63,17,34,0.83,0.62,0.65
FRS_setD_posA_083_posB_062_posC_065_record_063_frame_18.png,D,63,18,36,0.83,0.62,0.65
FRS_setD_posA_083_posB_062_posC_065_record_063_frame_19.png,D,63,19,38,0.83,0.62,0.65
FRS_setD_posA_083_posB_062_posC_067_record_064_frame_00.png,D,64,0,0,0.83,0.62,0.67
FRS_setD_posA_083_posB_062_posC_067_record_064_frame_01.png,D,64,1,2,0.83,0.62,0.67
FRS_setD_posA_083_posB_062_posC_067_record_064_frame_02.png,D,64,2,4,0.83,0.62,0.67
FRS_setD_posA_083_posB_062_posC_067_record_064_frame_03.png,D,64,3,6,0.83,0.62,0.67
FRS_setD_posA_083_posB_062_posC_067_record_064_frame_04.png,D,64,4,8,0.83,0.62,0.67
FRS_setD_posA_083_posB_062_posC_067_record_064_frame_05.png,D,64,5,10,0.83,0.62,0.67
FRS_setD_posA_083_posB_062_posC_067_record_064_frame_06.png,D,64,6,12,0.83,0.62,0.67
FRS_setD_posA_083_posB_062_posC_067_record_064_frame_07.png,D,64,7,14,0.83,0.62,0.67
FRS_setD_posA_083_posB_062_posC_067_record_064_frame_08.png,D,64,8,16,0.83,0.62,0.67
FRS_setD_posA_083_posB_062_posC_067_record_064_frame_09.png,D,64,9,18,0.83,0.62,0.67
FRS_setD_posA_083_posB_062_posC_067_record_064_frame_10.png,D,64,10,20,0.83,0.62,0.67
FRS_setD_posA_083_posB_062_posC_067_record_064_frame_11.png,D,64,11,22,0.83,0.62,0.67
FRS_setD_posA_083_posB_062_posC_067_record_064_frame_12.png,D,64,12,24,0.83,0.62,0.67
FRS_setD_posA_083_posB_062_posC_067_record_064_frame_13.png,D,64,13,26,0.83,0.62,0.67
FRS_setD_posA_083_posB_062_posC_067_record_064_frame_14.png,D,64,14,28,0.83,0.62,0.67
FRS_setD_posA_083_posB_062_posC_067_record_064_frame_15.png,D,64,15,30,0.83,0.62,0.67
FRS_setD_posA_083_posB_062_posC_067_record_064_frame_16.png,D,64,16,32,0.83,0.62,0.67
FRS_setD_posA_083_posB_062_posC_067_record_064_frame_17.png,D,64,17,34,0.83,0.62,0.67
FRS_setD_posA_083_posB_062_posC_067_record_064_frame_18.png,D,64,18,36,0.83,0.62,0.67
FRS_setD_posA_083_posB_062_posC_067_record_064_frame_19.png,D,64,19,38,0.83,0.62,0.67
FRS_setD_posA_083_posB_063_posC_067_record_065_frame_00.png,D,65,0,0,0.83,0.63,0.67
FRS_setD_posA_083_posB_063_posC_067_record_065_frame_01.png,D,65,1,2,0.83,0.63,0.67
FRS_setD_posA_083_posB_063_posC_067_record_065_frame_02.png,D,65,2,4,0.83,0.63,0.67
FRS_setD_posA_083_posB_063_posC_067_record_065_frame_03.png,D,65,3,6,0.83,0.63,0.67
FRS_setD_posA_083_posB_063_posC_067_record_065_frame_04.png,D,65,4,8,0.83,0.63,0.67
FRS_setD_posA_083_posB_063_posC_067_record_065_frame_05.png,D,65,5,10,0.83,0.63,0.67
FRS_setD_posA_083_posB_063_posC_067_record_065_frame_06.png,D,65,6,12,0.83,0.63,0.67
FRS_setD_posA_083_posB_063_posC_067_record_065_frame_07.png,D,65,7,14,0.83,0.63,0.67
FRS_setD_posA_083_posB_063_posC_067_record_065_frame_08.png,D,65,8,16,0.83,0.63,0.67
FRS_setD_posA_083_posB_063_posC_067_record_065_frame_09.png,D,65,9,18,0.83,0.63,0.67
FRS_setD_posA_083_posB_063_posC_067_record_065_frame_10.png,D,65,10,20,0.83,0.63,0.67
FRS_setD_posA_083_posB_063_posC_067_record_065_frame_11.png,D,65,11,22,0.83,0.63,0.67
FRS_setD_posA_083_posB_063_posC_067_record_065_frame_12.png,D,65,12,24,0.83,0.63,0.67
FRS_setD_posA_083_posB_063_posC_067_record_065_frame_13.png,D,65,13,26,0.83,0.63,0.67
FRS_setD_posA_083_posB_063_posC_067_record_065_frame_14.png,D,65,14,28,0.83,0.63,0.67
FRS_setD_posA_083_posB_063_posC_067_record_065_frame_15.png,D,65,15,30,0.83,0.63,0.67
FRS_setD_posA_083_posB_063_posC_067_record_065_frame_16.png,D,65,16,32,0.83,0.63,0.67
FRS_setD_posA_083_posB_063_posC_067_record_065_frame_17.png,D,65,17,34,0.83,0.63,0.67
FRS_setD_posA_083_posB_063_posC_067_record_065_frame_18.png,D,65,18,36,0.83,0.63,0.67
FRS_setD_posA_083_posB_063_posC_067_record_065_frame_19.png,D,65,19,38,0.83,0.63,0.67
FRS_setD_posA_084_posB_063_posC_068_record_066_frame_00.png,D,66,0,0,0.84,0.63,0.68
FRS_setD_posA_084_posB_063_posC_068_record_066_frame_01.png,D,66,1,2,0.84,0.63,0.68
FRS_setD_posA_084_posB_063_posC_068_record_066_frame_02.png,D,66,2,4,0.84,0.63,0.68
FRS_setD_posA_084_posB_063_posC_068_record_066_frame_03.png,D,66,3,6,0.84,0.63,0.68
FRS_setD_posA_084_posB_063_posC_068_record_066_frame_04.png,D,66,4,8,0.84,0.63,0.68
FRS_setD_posA_084_posB_063_posC_068_record_066_frame_05.png,D,66,5,10,0.84,0.63,0.68
FRS_setD_posA_084_posB_063_posC_068_record_066_frame_06.png,D,66,6,12,0.84,0.63,0.68
FRS_setD_posA_084_posB_063_posC_068_record_066_frame_07.png,D,66,7,14,0.84,0.63,0.68
FRS_setD_posA_084_posB_063_posC_068_record_066_frame_08.png,D,66,8,16,0.84,0.63,0.68
FRS_setD_posA_084_posB_063_posC_068_record_066_frame_09.png,D,66,9,18,0.84,0.63,0.68
FRS_setD_posA_084_posB_063_posC_068_record_066_frame_10.png,D,66,10,20,0.84,0.63,0.68
FRS_setD_posA_084_posB_063_posC_068_record_066_frame_11.png,D,66,11,22,0.84,0.63,0.68
FRS_setD_posA_084_posB_063_posC_068_record_066_frame_12.png,D,66,12,24,0.84,0.63,0.68
FRS_setD_posA_084_posB_063_posC_068_record_066_frame_13.png,D,66,13,26,0.84,0.63,0.68
FRS_setD_posA_084_posB_063_posC_068_record_066_frame_14.png,D,66,14,28,0.84,0.63,0.68
FRS_setD_posA_084_posB_063_posC_068_record_066_frame_15.png,D,66,15,30,0.84,0.63,0.68
FRS_setD_posA_084_posB_063_posC_068_record_066_frame_16.png,D,66,16,32,0.84,0.63,0.68
FRS_setD_posA_084_posB_063_posC_068_record_066_frame_17.png,D,66,17,34,0.84,0.63,0.68
FRS_setD_posA_084_posB_063_posC_068_record_066_frame_18.png,D,66,18,36,0.84,0.63,0.68
FRS_setD_posA_084_posB_063_posC_068_record_066_frame_19.png,D,66,19,38,0.84,0.63,0.68
FRS_setD_posA_085_posB_064_posC_069_record_067_frame_00.png,D,67,0,0,0.85,0.64,0.69
FRS_setD_posA_085_posB_064_posC_069_record_067_frame_01.png,D,67,1,2,0.85,0.64,0.69
FRS_setD_posA_085_posB_064_posC_069_record_067_frame_02.png,D,67,2,4,0.85,0.64,0.69
FRS_setD_posA_085_posB_064_posC_069_record_067_frame_03.png,D,67,3,6,0.85,0.64,0.69
FRS_setD_posA_085_posB_064_posC_069_record_067_frame_04.png,D,67,4,8,0.85,0.64,0.69
FRS_setD_posA_085_posB_064_posC_069_record_067_frame_05.png,D,67,5,10,0.85,0.64,0.69
FRS_setD_posA_085_posB_064_posC_069_record_067_frame_06.png,D,67,6,12,0.85,0.64,0.69
FRS_setD_posA_085_posB_064_posC_069_record_067_frame_07.png,D,67,7,14,0.85,0.64,0.69
FRS_setD_posA_085_posB_064_posC_069_record_067_frame_08.png,D,67,8,16,0.85,0.64,0.69
FRS_setD_posA_085_posB_064_posC_069_record_067_frame_09.png,D,67,9,18,0.85,0.64,0.69
FRS_setD_posA_085_posB_064_posC_069_record_067_frame_10.png,D,67,10,20,0.85,0.64,0.69
FRS_setD_posA_085_posB_064_posC_069_record_067_frame_11.png,D,67,11,22,0.85,0.64,0.69
FRS_setD_posA_085_posB_064_posC_069_record_067_frame_12.png,D,67,12,24,0.85,0.64,0.69
FRS_setD_posA_085_posB_064_posC_069_record_067_frame_13.png,D,67,13,26,0.85,0.64,0.69
FRS_setD_posA_085_posB_064_posC_069_record_067_frame_14.png,D,67,14,28,0.85,0.64,0.69
FRS_setD_posA_085_posB_064_posC_069_record_067_frame_15.png,D,67,15,30,0.85,0.64,0.69
FRS_setD_posA_085_posB_064_posC_069_record_067_frame_16.png,D,67,16,32,0.85,0.64,0.69
FRS_setD_posA_085_posB_064_posC_069_record_067_frame_17.png,D,67,17,34,0.85,0.64,0.69
FRS_setD_posA_085_posB_064_posC_069_record_067_frame_18.png,D,67,18,36,0.85,0.64,0.69
FRS_setD_posA_085_posB_064_posC_069_record_067_frame_19.png,D,67,19,38,0.85,0.64,0.69
FRS_setD_posA_086_posB_064_posC_069_record_068_frame_00.png,D,68,0,0,0.86,0.64,0.69
FRS_setD_posA_086_posB_064_posC_069_record_068_frame_01.png,D,68,1,2,0.86,0.64,0.69
FRS_setD_posA_086_posB_064_posC_069_record_068_frame_02.png,D,68,2,4,0.86,0.64,0.69
FRS_setD_posA_086_posB_064_posC_069_record_068_frame_03.png,D,68,3,6,0.86,0.64,0.69
FRS_setD_posA_086_posB_064_posC_069_record_068_frame_04.png,D,68,4,8,0.86,0.64,0.69
FRS_setD_posA_086_posB_064_posC_069_record_068_frame_05.png,D,68,5,10,0.86,0.64,0.69
FRS_setD_posA_086_posB_064_posC_069_record_068_frame_06.png,D,68,6,12,0.86,0.64,0.69
FRS_setD_posA_086_posB_064_posC_069_record_068_frame_07.png,D,68,7,14,0.86,0.64,0.69
FRS_setD_posA_086_posB_064_posC_069_record_068_frame_08.png,D,68,8,16,0.86,0.64,0.69
FRS_setD_posA_086_posB_064_posC_069_record_068_frame_09.png,D,68,9,18,0.86,0.64,0.69
FRS_setD_posA_086_posB_064_posC_069_record_068_frame_10.png,D,68,10,20,0.86,0.64,0.69
FRS_setD_posA_086_posB_064_posC_069_record_068_frame_11.png,D,68,11,22,0.86,0.64,0.69
FRS_setD_posA_086_posB_064_posC_069_record_068_frame_12.png,D,68,12,24,0.86,0.64,0.69
FRS_setD_posA_086_posB_064_posC_069_record_068_frame_13.png,D,68,13,26,0.86,0.64,0.69
FRS_setD_posA_086_posB_064_posC_069_record_068_frame_14.png,D,68,14,28,0.86,0.64,0.69
FRS_setD_posA_086_posB_064_posC_069_record_068_frame_15.png,D,68,15,30,0.86,0.64,0.69
FRS_setD_posA_086_posB_064_posC_069_record_068_frame_16.png,D,68,16,32,0.86,0.64,0.69
FRS_setD_posA_086_posB_064_posC_069_record_068_frame_17.png,D,68,17,34,0.86,0.64,0.69
FRS_setD_posA_086_posB_064_posC_069_record_068_frame_18.png,D,68,18,36,0.86,0.64,0.69
FRS_setD_posA_086_posB_064_posC_069_record_068_frame_19.png,D,68,19,38,0.86,0.64,0.69
FRS_setD_posA_087_posB_065_posC_070_record_069_frame_00.png,D,69,0,0,0.87,0.65,0.7
FRS_setD_posA_087_posB_065_posC_070_record_069_frame_01.png,D,69,1,2,0.87,0.65,0.7
FRS_setD_posA_087_posB_065_posC_070_record_069_frame_02.png,D,69,2,4,0.87,0.65,0.7
FRS_setD_posA_087_posB_065_posC_070_record_069_frame_03.png,D,69,3,6,0.87,0.65,0.7
FRS_setD_posA_087_posB_065_posC_070_record_069_frame_04.png,D,69,4,8,0.87,0.65,0.7
FRS_setD_posA_087_posB_065_posC_070_record_069_frame_05.png,D,69,5,10,0.87,0.65,0.7
FRS_setD_posA_087_posB_065_posC_070_record_069_frame_06.png,D,69,6,12,0.87,0.65,0.7
FRS_setD_posA_087_posB_065_posC_070_record_069_frame_07.png,D,69,7,14,0.87,0.65,0.7
FRS_setD_posA_087_posB_065_posC_070_record_069_frame_08.png,D,69,8,16,0.87,0.65,0.7
FRS_setD_posA_087_posB_065_posC_070_record_069_frame_09.png,D,69,9,18,0.87,0.65,0.7
FRS_setD_posA_087_posB_065_posC_070_record_069_frame_10.png,D,69,10,20,0.87,0.65,0.7
FRS_setD_posA_087_posB_065_posC_070_record_069_frame_11.png,D,69,11,22,0.87,0.65,0.7
FRS_setD_posA_087_posB_065_posC_070_record_069_frame_12.png,D,69,12,24,0.87,0.65,0.7
FRS_setD_posA_087_posB_065_posC_070_record_069_frame_13.png,D,69,13,26,0.87,0.65,0.7
FRS_setD_posA_087_posB_065_posC_070_record_069_frame_14.png,D,69,14,28,0.87,0.65,0.7
FRS_setD_posA_087_posB_065_posC_070_record_069_frame_15.png,D,69,15,30,0.87,0.65,0.7
FRS_setD_posA_087_posB_065_posC_070_record_069_frame_16.png,D,69,16,32,0.87,0.65,0.7
FRS_setD_posA_087_posB_065_posC_070_record_069_frame_17.png,D,69,17,34,0.87,0.65,0.7
FRS_setD_posA_087_posB_065_posC_070_record_069_frame_18.png,D,69,18,36,0.87,0.65,0.7
FRS_setD_posA_087_posB_065_posC_070_record_069_frame_19.png,D,69,19,38,0.87,0.65,0.7
FRS_setD_posA_088_posB_065_posC_070_record_070_frame_00.png,D,70,0,0,0.88,0.65,0.7
FRS_setD_posA_088_posB_065_posC_070_record_070_frame_01.png,D,70,1,2,0.88,0.65,0.7
FRS_setD_posA_088_posB_065_posC_070_record_070_frame_02.png,D,70,2,4,0.88,0.65,0.7
FRS_setD_posA_088_posB_065_posC_070_record_070_frame_03.png,D,70,3,6,0.88,0.65,0.7
FRS_setD_posA_088_posB_065_posC_070_record_070_frame_04.png,D,70,4,8,0.88,0.65,0.7
FRS_setD_posA_088_posB_065_posC_070_record_070_frame_05.png,D,70,5,10,0.88,0.65,0.7
FRS_setD_posA_088_posB_065_posC_070_record_070_frame_06.png,D,70,6,12,0.88,0.65,0.7
FRS_setD_posA_088_posB_065_posC_070_record_070_frame_07.png,D,70,7,14,0.88,0.65,0.7
FRS_setD_posA_088_posB_065_posC_070_record_070_frame_08.png,D,70,8,16,0.88,0.65,0.7
FRS_setD_posA_088_posB_065_posC_070_record_070_frame_09.png,D,70,9,18,0.88,0.65,0.7
FRS_setD_posA_088_posB_065_posC_070_record_070_frame_10.png,D,70,10,20,0.88,0.65,0.7
FRS_setD_posA_088_posB_065_posC_070_record_070_frame_11.png,D,70,11,22,0.88,0.65,0.7
FRS_setD_posA_088_posB_065_posC_070_record_070_frame_12.png,D,70,12,24,0.88,0.65,0.7
FRS_setD_posA_088_posB_065_posC_070_record_070_frame_13.png,D,70,13,26,0.88,0.65,0.7
FRS_setD_posA_088_posB_065_posC_070_record_070_frame_14.png,D,70,14,28,0.88,0.65,0.7
FRS_setD_posA_088_posB_065_posC_070_record_070_frame_15.png,D,70,15,30,0.88,0.65,0.7
FRS_setD_posA_088_posB_065_posC_070_record_070_frame_16.png,D,70,16,32,0.88,0.65,0.7
FRS_setD_posA_088_posB_065_posC_070_record_070_frame_17.png,D,70,17,34,0.88,0.65,0.7
FRS_setD_posA_088_posB_065_posC_070_record_070_frame_18.png,D,70,18,36,0.88,0.65,0.7
FRS_setD_posA_088_posB_065_posC_070_record_070_frame_19.png,D,70,19,38,0.88,0.65,0.7
FRS_setD_posA_089_posB_066_posC_070_record_071_frame_00.png,D,71,0,0,0.89,0.66,0.7
FRS_setD_posA_089_posB_066_posC_070_record_071_frame_01.png,D,71,1,2,0.89,0.66,0.7
FRS_setD_posA_089_posB_066_posC_070_record_071_frame_02.png,D,71,2,4,0.89,0.66,0.7
FRS_setD_posA_089_posB_066_posC_070_record_071_frame_03.png,D,71,3,6,0.89,0.66,0.7
FRS_setD_posA_089_posB_066_posC_070_record_071_frame_04.png,D,71,4,8,0.89,0.66,0.7
FRS_setD_posA_089_posB_066_posC_070_record_071_frame_05.png,D,71,5,10,0.89,0.66,0.7
FRS_setD_posA_089_posB_066_posC_070_record_071_frame_06.png,D,71,6,12,0.89,0.66,0.7
FRS_setD_posA_089_posB_066_posC_070_record_071_frame_07.png,D,71,7,14,0.89,0.66,0.7
FRS_setD_posA_089_posB_066_posC_070_record_071_frame_08.png,D,71,8,16,0.89,0.66,0.7
FRS_setD_posA_089_posB_066_posC_070_record_071_frame_09.png,D,71,9,18,0.89,0.66,0.7
FRS_setD_posA_089_posB_066_posC_070_record_071_frame_10.png,D,71,10,20,0.89,0.66,0.7
FRS_setD_posA_089_posB_066_posC_070_record_071_frame_11.png,D,71,11,22,0.89,0.66,0.7
FRS_setD_posA_089_posB_066_posC_070_record_071_frame_12.png,D,71,12,24,0.89,0.66,0.7
FRS_setD_posA_089_posB_066_posC_070_record_071_frame_13.png,D,71,13,26,0.89,0.66,0.7
FRS_setD_posA_089_posB_066_posC_070_record_071_frame_14.png,D,71,14,28,0.89,0.66,0.7
FRS_setD_posA_089_posB_066_posC_070_record_071_frame_15.png,D,71,15,30,0.89,0.66,0.7
FRS_setD_posA_089_posB_066_posC_070_record_071_frame_16.png,D,71,16,32,0.89,0.66,0.7
FRS_setD_posA_089_posB_066_posC_070_record_071_frame_17.png,D,71,17,34,0.89,0.66,0.7
FRS_setD_posA_089_posB_066_posC_070_record_071_frame_18.png,D,71,18,36,0.89,0.66,0.7
FRS_setD_posA_089_posB_066_posC_070_record_071_frame_19.png,D,71,19,38,0.89,0.66,0.7
FRS_setD_posA_089_posB_066_posC_071_record_072_frame_00.png,D,72,0,0,0.89,0.66,0.71
FRS_setD_posA_089_posB_066_posC_071_record_072_frame_01.png,D,72,1,2,0.89,0.66,0.71
FRS_setD_posA_089_posB_066_posC_071_record_072_frame_02.png,D,72,2,4,0.89,0.66,0.71
FRS_setD_posA_089_posB_066_posC_071_record_072_frame_03.png,D,72,3,6,0.89,0.66,0.71
FRS_setD_posA_089_posB_066_posC_071_record_072_frame_04.png,D,72,4,8,0.89,0.66,0.71
FRS_setD_posA_089_posB_066_posC_071_record_072_frame_05.png,D,72,5,10,0.89,0.66,0.71
FRS_setD_posA_089_posB_066_posC_071_record_072_frame_06.png,D,72,6,12,0.89,0.66,0.71
FRS_setD_posA_089_posB_066_posC_071_record_072_frame_07.png,D,72,7,14,0.89,0.66,0.71
FRS_setD_posA_089_posB_066_posC_071_record_072_frame_08.png,D,72,8,16,0.89,0.66,0.71
FRS_setD_posA_089_posB_066_posC_071_record_072_frame_09.png,D,72,9,18,0.89,0.66,0.71
FRS_setD_posA_089_posB_066_posC_071_record_072_frame_10.png,D,72,10,20,0.89,0.66,0.71
FRS_setD_posA_089_posB_066_posC_071_record_072_frame_11.png,D,72,11,22,0.89,0.66,0.71
FRS_setD_posA_089_posB_066_posC_071_record_072_frame_12.png,D,72,12,24,0.89,0.66,0.71
FRS_setD_posA_089_posB_066_posC_071_record_072_frame_13.png,D,72,13,26,0.89,0.66,0.71
FRS_setD_posA_089_posB_066_posC_071_record_072_frame_14.png,D,72,14,28,0.89,0.66,0.71
FRS_setD_posA_089_posB_066_posC_071_record_072_frame_15.png,D,72,15,30,0.89,0.66,0.71
FRS_setD_posA_089_posB_066_posC_071_record_072_frame_16.png,D,72,16,32,0.89,0.66,0.71
FRS_setD_posA_089_posB_066_posC_071_record_072_frame_17.png,D,72,17,34,0.89,0.66,0.71
FRS_setD_posA_089_posB_066_posC_071_record_072_frame_18.png,D,72,18,36,0.89,0.66,0.71
FRS_setD_posA_089_posB_066_posC_071_record_072_frame_19.png,D,72,19,38,0.89,0.66,0.71
FRS_setD_posA_089_posB_067_posC_071_record_073_frame_00.png,D,73,0,0,0.89,0.67,0.71
FRS_setD_posA_089_posB_067_posC_071_record_073_frame_01.png,D,73,1,2,0.89,0.67,0.71
FRS_setD_posA_089_posB_067_posC_071_record_073_frame_02.png,D,73,2,4,0.89,0.67,0.71
FRS_setD_posA_089_posB_067_posC_071_record_073_frame_03.png,D,73,3,6,0.89,0.67,0.71
FRS_setD_posA_089_posB_067_posC_071_record_073_frame_04.png,D,73,4,8,0.89,0.67,0.71
FRS_setD_posA_089_posB_067_posC_071_record_073_frame_05.png,D,73,5,10,0.89,0.67,0.71
FRS_setD_posA_089_posB_067_posC_071_record_073_frame_06.png,D,73,6,12,0.89,0.67,0.71
FRS_setD_posA_089_posB_067_posC_071_record_073_frame_07.png,D,73,7,14,0.89,0.67,0.71
FRS_setD_posA_089_posB_067_posC_071_record_073_frame_08.png,D,73,8,16,0.89,0.67,0.71
FRS_setD_posA_089_posB_067_posC_071_record_073_frame_09.png,D,73,9,18,0.89,0.67,0.71
FRS_setD_posA_089_posB_067_posC_071_record_073_frame_10.png,D,73,10,20,0.89,0.67,0.71
FRS_setD_posA_089_posB_067_posC_071_record_073_frame_11.png,D,73,11,22,0.89,0.67,0.71
FRS_setD_posA_089_posB_067_posC_071_record_073_frame_12.png,D,73,12,24,0.89,0.67,0.71
FRS_setD_posA_089_posB_067_posC_071_record_073_frame_13.png,D,73,13,26,0.89,0.67,0.71
FRS_setD_posA_089_posB_067_posC_071_record_073_frame_14.png,D,73,14,28,0.89,0.67,0.71
FRS_setD_posA_089_posB_067_posC_071_record_073_frame_15.png,D,73,15,30,0.89,0.67,0.71
FRS_setD_posA_089_posB_067_posC_071_record_073_frame_16.png,D,73,16,32,0.89,0.67,0.71
FRS_setD_posA_089_posB_067_posC_071_record_073_frame_17.png,D,73,17,34,0.89,0.67,0.71
FRS_setD_posA_089_posB_067_posC_071_record_073_frame_18.png,D,73,18,36,0.89,0.67,0.71
FRS_setD_posA_089_posB_067_posC_071_record_073_frame_19.png,D,73,19,38,0.89,0.67,0.71
FRS_setD_posA_089_posB_067_posC_072_record_074_frame_00.png,D,74,0,0,0.89,0.67,0.72
FRS_setD_posA_089_posB_067_posC_072_record_074_frame_01.png,D,74,1,2,0.89,0.67,0.72
FRS_setD_posA_089_posB_067_posC_072_record_074_frame_02.png,D,74,2,4,0.89,0.67,0.72
FRS_setD_posA_089_posB_067_posC_072_record_074_frame_03.png,D,74,3,6,0.89,0.67,0.72
FRS_setD_posA_089_posB_067_posC_072_record_074_frame_04.png,D,74,4,8,0.89,0.67,0.72
FRS_setD_posA_089_posB_067_posC_072_record_074_frame_05.png,D,74,5,10,0.89,0.67,0.72
FRS_setD_posA_089_posB_067_posC_072_record_074_frame_06.png,D,74,6,12,0.89,0.67,0.72
FRS_setD_posA_089_posB_067_posC_072_record_074_frame_07.png,D,74,7,14,0.89,0.67,0.72
FRS_setD_posA_089_posB_067_posC_072_record_074_frame_08.png,D,74,8,16,0.89,0.67,0.72
FRS_setD_posA_089_posB_067_posC_072_record_074_frame_09.png,D,74,9,18,0.89,0.67,0.72
FRS_setD_posA_089_posB_067_posC_072_record_074_frame_10.png,D,74,10,20,0.89,0.67,0.72
FRS_setD_posA_089_posB_067_posC_072_record_074_frame_11.png,D,74,11,22,0.89,0.67,0.72
FRS_setD_posA_089_posB_067_posC_072_record_074_frame_12.png,D,74,12,24,0.89,0.67,0.72
FRS_setD_posA_089_posB_067_posC_072_record_074_frame_13.png,D,74,13,26,0.89,0.67,0.72
FRS_setD_posA_089_posB_067_posC_072_record_074_frame_14.png,D,74,14,28,0.89,0.67,0.72
FRS_setD_posA_089_posB_067_posC_072_record_074_frame_15.png,D,74,15,30,0.89,0.67,0.72
FRS_setD_posA_089_posB_067_posC_072_record_074_frame_16.png,D,74,16,32,0.89,0.67,0.72
FRS_setD_posA_089_posB_067_posC_072_record_074_frame_17.png,D,74,17,34,0.89,0.67,0.72
FRS_setD_posA_089_posB_067_posC_072_record_074_frame_18.png,D,74,18,36,0.89,0.67,0.72
FRS_setD_posA_089_posB_067_posC_072_record_074_frame_19.png,D,74,19,38,0.89,0.67,0.72
FRS_setD_posA_090_posB_067_posC_073_record_075_frame_00.png,D,75,0,0,0.9,0.67,0.73
FRS_setD_posA_090_posB_067_posC_073_record_075_frame_01.png,D,75,1,2,0.9,0.67,0.73
FRS_setD_posA_090_posB_067_posC_073_record_075_frame_02.png,D,75,2,4,0.9,0.67,0.73
FRS_setD_posA_090_posB_067_posC_073_record_075_frame_03.png,D,75,3,6,0.9,0.67,0.73
FRS_setD_posA_090_posB_067_posC_073_record_075_frame_04.png,D,75,4,8,0.9,0.67,0.73
FRS_setD_posA_090_posB_067_posC_073_record_075_frame_05.png,D,75,5,10,0.9,0.67,0.73
FRS_setD_posA_090_posB_067_posC_073_record_075_frame_06.png,D,75,6,12,0.9,0.67,0.73
FRS_setD_posA_090_posB_067_posC_073_record_075_frame_07.png,D,75,7,14,0.9,0.67,0.73
FRS_setD_posA_090_posB_067_posC_073_record_075_frame_08.png,D,75,8,16,0.9,0.67,0.73
FRS_setD_posA_090_posB_067_posC_073_record_075_frame_09.png,D,75,9,18,0.9,0.67,0.73
FRS_setD_posA_090_posB_067_posC_073_record_075_frame_10.png,D,75,10,20,0.9,0.67,0.73
FRS_setD_posA_090_posB_067_posC_073_record_075_frame_11.png,D,75,11,22,0.9,0.67,0.73
FRS_setD_posA_090_posB_067_posC_073_record_075_frame_12.png,D,75,12,24,0.9,0.67,0.73
FRS_setD_posA_090_posB_067_posC_073_record_075_frame_13.png,D,75,13,26,0.9,0.67,0.73
FRS_setD_posA_090_posB_067_posC_073_record_075_frame_14.png,D,75,14,28,0.9,0.67,0.73
FRS_setD_posA_090_posB_067_posC_073_record_075_frame_15.png,D,75,15,30,0.9,0.67,0.73
FRS_setD_posA_090_posB_067_posC_073_record_075_frame_16.png,D,75,16,32,0.9,0.67,0.73
FRS_setD_posA_090_posB_067_posC_073_record_075_frame_17.png,D,75,17,34,0.9,0.67,0.73
FRS_setD_posA_090_posB_067_posC_073_record_075_frame_18.png,D,75,18,36,0.9,0.67,0.73
FRS_setD_posA_090_posB_067_posC_073_record_075_frame_19.png,D,75,19,38,0.9,0.67,0.73
FRS_setD_posA_090_posB_068_posC_073_record_076_frame_00.png,D,76,0,0,0.9,0.68,0.73
FRS_setD_posA_090_posB_068_posC_073_record_076_frame_01.png,D,76,1,2,0.9,0.68,0.73
FRS_setD_posA_090_posB_068_posC_073_record_076_frame_02.png,D,76,2,4,0.9,0.68,0.73
FRS_setD_posA_090_posB_068_posC_073_record_076_frame_03.png,D,76,3,6,0.9,0.68,0.73
FRS_setD_posA_090_posB_068_posC_073_record_076_frame_04.png,D,76,4,8,0.9,0.68,0.73
FRS_setD_posA_090_posB_068_posC_073_record_076_frame_05.png,D,76,5,10,0.9,0.68,0.73
FRS_setD_posA_090_posB_068_posC_073_record_076_frame_06.png,D,76,6,12,0.9,0.68,0.73
FRS_setD_posA_090_posB_068_posC_073_record_076_frame_07.png,D,76,7,14,0.9,0.68,0.73
FRS_setD_posA_090_posB_068_posC_073_record_076_frame_08.png,D,76,8,16,0.9,0.68,0.73
FRS_setD_posA_090_posB_068_posC_073_record_076_frame_09.png,D,76,9,18,0.9,0.68,0.73
FRS_setD_posA_090_posB_068_posC_073_record_076_frame_10.png,D,76,10,20,0.9,0.68,0.73
FRS_setD_posA_090_posB_068_posC_073_record_076_frame_11.png,D,76,11,22,0.9,0.68,0.73
FRS_setD_posA_090_posB_068_posC_073_record_076_frame_12.png,D,76,12,24,0.9,0.68,0.73
FRS_setD_posA_090_posB_068_posC_073_record_076_frame_13.png,D,76,13,26,0.9,0.68,0.73
FRS_setD_posA_090_posB_068_posC_073_record_076_frame_14.png,D,76,14,28,0.9,0.68,0.73
FRS_setD_posA_090_posB_068_posC_073_record_076_frame_15.png,D,76,15,30,0.9,0.68,0.73
FRS_setD_posA_090_posB_068_posC_073_record_076_frame_16.png,D,76,16,32,0.9,0.68,0.73
FRS_setD_posA_090_posB_068_posC_073_record_076_frame_17.png,D,76,17,34,0.9,0.68,0.73
FRS_setD_posA_090_posB_068_posC_073_record_076_frame_18.png,D,76,18,36,0.9,0.68,0.73
FRS_setD_posA_090_posB_068_posC_073_record_076_frame_19.png,D,76,19,38,0.9,0.68,0.73
FRS_setD_posA_091_posB_068_posC_073_record_077_frame_00.png,D,77,0,0,0.91,0.68,0.73
FRS_setD_posA_091_posB_068_posC_073_record_077_frame_01.png,D,77,1,2,0.91,0.68,0.73
FRS_setD_posA_091_posB_068_posC_073_record_077_frame_02.png,D,77,2,4,0.91,0.68,0.73
FRS_setD_posA_091_posB_068_posC_073_record_077_frame_03.png,D,77,3,6,0.91,0.68,0.73
FRS_setD_posA_091_posB_068_posC_073_record_077_frame_04.png,D,77,4,8,0.91,0.68,0.73
FRS_setD_posA_091_posB_068_posC_073_record_077_frame_05.png,D,77,5,10,0.91,0.68,0.73
FRS_setD_posA_091_posB_068_posC_073_record_077_frame_06.png,D,77,6,12,0.91,0.68,0.73
FRS_setD_posA_091_posB_068_posC_073_record_077_frame_07.png,D,77,7,14,0.91,0.68,0.73
FRS_setD_posA_091_posB_068_posC_073_record_077_frame_08.png,D,77,8,16,0.91,0.68,0.73
FRS_setD_posA_091_posB_068_posC_073_record_077_frame_09.png,D,77,9,18,0.91,0.68,0.73
FRS_setD_posA_091_posB_068_posC_073_record_077_frame_10.png,D,77,10,20,0.91,0.68,0.73
FRS_setD_posA_091_posB_068_posC_073_record_077_frame_11.png,D,77,11,22,0.91,0.68,0.73
FRS_setD_posA_091_posB_068_posC_073_record_077_frame_12.png,D,77,12,24,0.91,0.68,0.73
FRS_setD_posA_091_posB_068_posC_073_record_077_frame_13.png,D,77,13,26,0.91,0.68,0.73
FRS_setD_posA_091_posB_068_posC_073_record_077_frame_14.png,D,77,14,28,0.91,0.68,0.73
FRS_setD_posA_091_posB_068_posC_073_record_077_frame_15.png,D,77,15,30,0.91,0.68,0.73
FRS_setD_posA_091_posB_068_posC_073_record_077_frame_16.png,D,77,16,32,0.91,0.68,0.73
FRS_setD_posA_091_posB_068_posC_073_record_077_frame_17.png,D,77,17,34,0.91,0.68,0.73
FRS_setD_posA_091_posB_068_posC_073_record_077_frame_18.png,D,77,18,36,0.91,0.68,0.73
FRS_setD_posA_091_posB_068_posC_073_record_077_frame_19.png,D,77,19,38,0.91,0.68,0.73
FRS_setD_posA_091_posB_068_posC_074_record_078_frame_00.png,D,78,0,0,0.91,0.68,0.74
FRS_setD_posA_091_posB_068_posC_074_record_078_frame_01.png,D,78,1,2,0.91,0.68,0.74
FRS_setD_posA_091_posB_068_posC_074_record_078_frame_02.png,D,78,2,4,0.91,0.68,0.74
FRS_setD_posA_091_posB_068_posC_074_record_078_frame_03.png,D,78,3,6,0.91,0.68,0.74
FRS_setD_posA_091_posB_068_posC_074_record_078_frame_04.png,D,78,4,8,0.91,0.68,0.74
FRS_setD_posA_091_posB_068_posC_074_record_078_frame_05.png,D,78,5,10,0.91,0.68,0.74
FRS_setD_posA_091_posB_068_posC_074_record_078_frame_06.png,D,78,6,12,0.91,0.68,0.74
FRS_setD_posA_091_posB_068_posC_074_record_078_frame_07.png,D,78,7,14,0.91,0.68,0.74
FRS_setD_posA_091_posB_068_posC_074_record_078_frame_08.png,D,78,8,16,0.91,0.68,0.74
FRS_setD_posA_091_posB_068_posC_074_record_078_frame_09.png,D,78,9,18,0.91,0.68,0.74
FRS_setD_posA_091_posB_068_posC_074_record_078_frame_10.png,D,78,10,20,0.91,0.68,0.74
FRS_setD_posA_091_posB_068_posC_074_record_078_frame_11.png,D,78,11,22,0.91,0.68,0.74
FRS_setD_posA_091_posB_068_posC_074_record_078_frame_12.png,D,78,12,24,0.91,0.68,0.74
FRS_setD_posA_091_posB_068_posC_074_record_078_frame_13.png,D,78,13,26,0.91,0.68,0.74
FRS_setD_posA_091_posB_068_posC_074_record_078_frame_14.png,D,78,14,28,0.91,0.68,0.74
FRS_setD_posA_091_posB_068_posC_074_record_078_frame_15.png,D,78,15,30,0.91,0.68,0.74
FRS_setD_posA_091_posB_068_posC_074_record_078_frame_16.png,D,78,16,32,0.91,0.68,0.74
FRS_setD_posA_091_posB_068_posC_074_record_078_frame_17.png,D,78,17,34,0.91,0.68,0.74
FRS_setD_posA_091_posB_068_posC_074_record_078_frame_18.png,D,78,18,36,0.91,0.68,0.74
FRS_setD_posA_091_posB_068_posC_074_record_078_frame_19.png,D,78,19,38,0.91,0.68,0.74
FRS_setD_posA_091_posB_068_posC_075_record_079_frame_00.png,D,79,0,0,0.91,0.68,0.75
FRS_setD_posA_091_posB_068_posC_075_record_079_frame_01.png,D,79,1,2,0.91,0.68,0.75
FRS_setD_posA_091_posB_068_posC_075_record_079_frame_02.png,D,79,2,4,0.91,0.68,0.75
FRS_setD_posA_091_posB_068_posC_075_record_079_frame_03.png,D,79,3,6,0.91,0.68,0.75
FRS_setD_posA_091_posB_068_posC_075_record_079_frame_04.png,D,79,4,8,0.91,0.68,0.75
FRS_setD_posA_091_posB_068_posC_075_record_079_frame_05.png,D,79,5,10,0.91,0.68,0.75
FRS_setD_posA_091_posB_068_posC_075_record_079_frame_06.png,D,79,6,12,0.91,0.68,0.75
FRS_setD_posA_091_posB_068_posC_075_record_079_frame_07.png,D,79,7,14,0.91,0.68,0.75
FRS_setD_posA_091_posB_068_posC_075_record_079_frame_08.png,D,79,8,16,0.91,0.68,0.75
FRS_setD_posA_091_posB_068_posC_075_record_079_frame_09.png,D,79,9,18,0.91,0.68,0.75
FRS_setD_posA_091_posB_068_posC_075_record_079_frame_10.png,D,79,10,20,0.91,0.68,0.75
FRS_setD_posA_091_posB_068_posC_075_record_079_frame_11.png,D,79,11,22,0.91,0.68,0.75
FRS_setD_posA_091_posB_068_posC_075_record_079_frame_12.png,D,79,12,24,0.91,0.68,0.75
FRS_setD_posA_091_posB_068_posC_075_record_079_frame_13.png,D,79,13,26,0.91,0.68,0.75
FRS_setD_posA_091_posB_068_posC_075_record_079_frame_14.png,D,79,14,28,0.91,0.68,0.75
FRS_setD_posA_091_posB_068_posC_075_record_079_frame_15.png,D,79,15,30,0.91,0.68,0.75
FRS_setD_posA_091_posB_068_posC_075_record_079_frame_16.png,D,79,16,32,0.91,0.68,0.75
FRS_setD_posA_091_posB_068_posC_075_record_079_frame_17.png,D,79,17,34,0.91,0.68,0.75
FRS_setD_posA_091_posB_068_posC_075_record_079_frame_18.png,D,79,18,36,0.91,0.68,0.75
FRS_setD_posA_091_posB_068_posC_075_record_079_frame_19.png,D,79,19,38,0.91,0.68,0.75
FRS_setD_posA_092_posB_068_posC_074_record_080_frame_00.png,D,80,0,0,0.92,0.68,0.74
FRS_setD_posA_092_posB_068_posC_074_record_080_frame_01.png,D,80,1,2,0.92,0.68,0.74
FRS_setD_posA_092_posB_068_posC_074_record_080_frame_02.png,D,80,2,4,0.92,0.68,0.74
FRS_setD_posA_092_posB_068_posC_074_record_080_frame_03.png,D,80,3,6,0.92,0.68,0.74
FRS_setD_posA_092_posB_068_posC_074_record_080_frame_04.png,D,80,4,8,0.92,0.68,0.74
FRS_setD_posA_092_posB_068_posC_074_record_080_frame_05.png,D,80,5,10,0.92,0.68,0.74
FRS_setD_posA_092_posB_068_posC_074_record_080_frame_06.png,D,80,6,12,0.92,0.68,0.74
FRS_setD_posA_092_posB_068_posC_074_record_080_frame_07.png,D,80,7,14,0.92,0.68,0.74
FRS_setD_posA_092_posB_068_posC_074_record_080_frame_08.png,D,80,8,16,0.92,0.68,0.74
FRS_setD_posA_092_posB_068_posC_074_record_080_frame_09.png,D,80,9,18,0.92,0.68,0.74
FRS_setD_posA_092_posB_068_posC_074_record_080_frame_10.png,D,80,10,20,0.92,0.68,0.74
FRS_setD_posA_092_posB_068_posC_074_record_080_frame_11.png,D,80,11,22,0.92,0.68,0.74
FRS_setD_posA_092_posB_068_posC_074_record_080_frame_12.png,D,80,12,24,0.92,0.68,0.74
FRS_setD_posA_092_posB_068_posC_074_record_080_frame_13.png,D,80,13,26,0.92,0.68,0.74
FRS_setD_posA_092_posB_068_posC_074_record_080_frame_14.png,D,80,14,28,0.92,0.68,0.74
FRS_setD_posA_092_posB_068_posC_074_record_080_frame_15.png,D,80,15,30,0.92,0.68,0.74
FRS_setD_posA_092_posB_068_posC_074_record_080_frame_16.png,D,80,16,32,0.92,0.68,0.74
FRS_setD_posA_092_posB_068_posC_074_record_080_frame_17.png,D,80,17,34,0.92,0.68,0.74
FRS_setD_posA_092_posB_068_posC_074_record_080_frame_18.png,D,80,18,36,0.92,0.68,0.74
FRS_setD_posA_092_posB_068_posC_074_record_080_frame_19.png,D,80,19,38,0.92,0.68,0.74
FRS_setD_posA_092_posB_069_posC_075_record_081_frame_00.png,D,81,0,0,0.92,0.69,0.75
FRS_setD_posA_092_posB_069_posC_075_record_081_frame_01.png,D,81,1,2,0.92,0.69,0.75
FRS_setD_posA_092_posB_069_posC_075_record_081_frame_02.png,D,81,2,4,0.92,0.69,0.75
FRS_setD_posA_092_posB_069_posC_075_record_081_frame_03.png,D,81,3,6,0.92,0.69,0.75
FRS_setD_posA_092_posB_069_posC_075_record_081_frame_04.png,D,81,4,8,0.92,0.69,0.75
FRS_setD_posA_092_posB_069_posC_075_record_081_frame_05.png,D,81,5,10,0.92,0.69,0.75
FRS_setD_posA_092_posB_069_posC_075_record_081_frame_06.png,D,81,6,12,0.92,0.69,0.75
FRS_setD_posA_092_posB_069_posC_075_record_081_frame_07.png,D,81,7,14,0.92,0.69,0.75
FRS_setD_posA_092_posB_069_posC_075_record_081_frame_08.png,D,81,8,16,0.92,0.69,0.75
FRS_setD_posA_092_posB_069_posC_075_record_081_frame_09.png,D,81,9,18,0.92,0.69,0.75
FRS_setD_posA_092_posB_069_posC_075_record_081_frame_10.png,D,81,10,20,0.92,0.69,0.75
FRS_setD_posA_092_posB_069_posC_075_record_081_frame_11.png,D,81,11,22,0.92,0.69,0.75
FRS_setD_posA_092_posB_069_posC_075_record_081_frame_12.png,D,81,12,24,0.92,0.69,0.75
FRS_setD_posA_092_posB_069_posC_075_record_081_frame_13.png,D,81,13,26,0.92,0.69,0.75
FRS_setD_posA_092_posB_069_posC_075_record_081_frame_14.png,D,81,14,28,0.92,0.69,0.75
FRS_setD_posA_092_posB_069_posC_075_record_081_frame_15.png,D,81,15,30,0.92,0.69,0.75
FRS_setD_posA_092_posB_069_posC_075_record_081_frame_16.png,D,81,16,32,0.92,0.69,0.75
FRS_setD_posA_092_posB_069_posC_075_record_081_frame_17.png,D,81,17,34,0.92,0.69,0.75
FRS_setD_posA_092_posB_069_posC_075_record_081_frame_18.png,D,81,18,36,0.92,0.69,0.75
FRS_setD_posA_092_posB_069_posC_075_record_081_frame_19.png,D,81,19,38,0.92,0.69,0.75
FRS_setD_posA_093_posB_069_posC_074_record_082_frame_00.png,D,82,0,0,0.93,0.69,0.74
FRS_setD_posA_093_posB_069_posC_074_record_082_frame_01.png,D,82,1,2,0.93,0.69,0.74
FRS_setD_posA_093_posB_069_posC_074_record_082_frame_02.png,D,82,2,4,0.93,0.69,0.74
FRS_setD_posA_093_posB_069_posC_074_record_082_frame_03.png,D,82,3,6,0.93,0.69,0.74
FRS_setD_posA_093_posB_069_posC_074_record_082_frame_04.png,D,82,4,8,0.93,0.69,0.74
FRS_setD_posA_093_posB_069_posC_074_record_082_frame_05.png,D,82,5,10,0.93,0.69,0.74
FRS_setD_posA_093_posB_069_posC_074_record_082_frame_06.png,D,82,6,12,0.93,0.69,0.74
FRS_setD_posA_093_posB_069_posC_074_record_082_frame_07.png,D,82,7,14,0.93,0.69,0.74
FRS_setD_posA_093_posB_069_posC_074_record_082_frame_08.png,D,82,8,16,0.93,0.69,0.74
FRS_setD_posA_093_posB_069_posC_074_record_082_frame_09.png,D,82,9,18,0.93,0.69,0.74
FRS_setD_posA_093_posB_069_posC_074_record_082_frame_10.png,D,82,10,20,0.93,0.69,0.74
FRS_setD_posA_093_posB_069_posC_074_record_082_frame_11.png,D,82,11,22,0.93,0.69,0.74
FRS_setD_posA_093_posB_069_posC_074_record_082_frame_12.png,D,82,12,24,0.93,0.69,0.74
FRS_setD_posA_093_posB_069_posC_074_record_082_frame_13.png,D,82,13,26,0.93,0.69,0.74
FRS_setD_posA_093_posB_069_posC_074_record_082_frame_14.png,D,82,14,28,0.93,0.69,0.74
FRS_setD_posA_093_posB_069_posC_074_record_082_frame_15.png,D,82,15,30,0.93,0.69,0.74
FRS_setD_posA_093_posB_069_posC_074_record_082_frame_16.png,D,82,16,32,0.93,0.69,0.74
FRS_setD_posA_093_posB_069_posC_074_record_082_frame_17.png,D,82,17,34,0.93,0.69,0.74
FRS_setD_posA_093_posB_069_posC_074_record_082_frame_18.png,D,82,18,36,0.93,0.69,0.74
FRS_setD_posA_093_posB_069_posC_074_record_082_frame_19.png,D,82,19,38,0.93,0.69,0.74
FRS_setD_posA_093_posB_069_posC_075_record_083_frame_00.png,D,83,0,0,0.93,0.69,0.75
FRS_setD_posA_093_posB_069_posC_075_record_083_frame_01.png,D,83,1,2,0.93,0.69,0.75
FRS_setD_posA_093_posB_069_posC_075_record_083_frame_02.png,D,83,2,4,0.93,0.69,0.75
FRS_setD_posA_093_posB_069_posC_075_record_083_frame_03.png,D,83,3,6,0.93,0.69,0.75
FRS_setD_posA_093_posB_069_posC_075_record_083_frame_04.png,D,83,4,8,0.93,0.69,0.75
FRS_setD_posA_093_posB_069_posC_075_record_083_frame_05.png,D,83,5,10,0.93,0.69,0.75
FRS_setD_posA_093_posB_069_posC_075_record_083_frame_06.png,D,83,6,12,0.93,0.69,0.75
FRS_setD_posA_093_posB_069_posC_075_record_083_frame_07.png,D,83,7,14,0.93,0.69,0.75
FRS_setD_posA_093_posB_069_posC_075_record_083_frame_08.png,D,83,8,16,0.93,0.69,0.75
FRS_setD_posA_093_posB_069_posC_075_record_083_frame_09.png,D,83,9,18,0.93,0.69,0.75
FRS_setD_posA_093_posB_069_posC_075_record_083_frame_10.png,D,83,10,20,0.93,0.69,0.75
FRS_setD_posA_093_posB_069_posC_075_record_083_frame_11.png,D,83,11,22,0.93,0.69,0.75
FRS_setD_posA_093_posB_069_posC_075_record_083_frame_12.png,D,83,12,24,0.93,0.69,0.75
FRS_setD_posA_093_posB_069_posC_075_record_083_frame_13.png,D,83,13,26,0.93,0.69,0.75
FRS_setD_posA_093_posB_069_posC_075_record_083_frame_14.png,D,83,14,28,0.93,0.69,0.75
FRS_setD_posA_093_posB_069_posC_075_record_083_frame_15.png,D,83,15,30,0.93,0.69,0.75
FRS_setD_posA_093_posB_069_posC_075_record_083_frame_16.png,D,83,16,32,0.93,0.69,0.75
FRS_setD_posA_093_posB_069_posC_075_record_083_frame_17.png,D,83,17,34,0.93,0.69,0.75
FRS_setD_posA_093_posB_069_posC_075_record_083_frame_18.png,D,83,18,36,0.93,0.69,0.75
FRS_setD_posA_093_posB_069_posC_075_record_083_frame_19.png,D,83,19,38,0.93,0.69,0.75
FRS_setD_posA_094_posB_069_posC_075_record_084_frame_00.png,D,84,0,0,0.94,0.69,0.75
FRS_setD_posA_094_posB_069_posC_075_record_084_frame_01.png,D,84,1,2,0.94,0.69,0.75
FRS_setD_posA_094_posB_069_posC_075_record_084_frame_02.png,D,84,2,4,0.94,0.69,0.75
FRS_setD_posA_094_posB_069_posC_075_record_084_frame_03.png,D,84,3,6,0.94,0.69,0.75
FRS_setD_posA_094_posB_069_posC_075_record_084_frame_04.png,D,84,4,8,0.94,0.69,0.75
FRS_setD_posA_094_posB_069_posC_075_record_084_frame_05.png,D,84,5,10,0.94,0.69,0.75
FRS_setD_posA_094_posB_069_posC_075_record_084_frame_06.png,D,84,6,12,0.94,0.69,0.75
FRS_setD_posA_094_posB_069_posC_075_record_084_frame_07.png,D,84,7,14,0.94,0.69,0.75
FRS_setD_posA_094_posB_069_posC_075_record_084_frame_08.png,D,84,8,16,0.94,0.69,0.75
FRS_setD_posA_094_posB_069_posC_075_record_084_frame_09.png,D,84,9,18,0.94,0.69,0.75
FRS_setD_posA_094_posB_069_posC_075_record_084_frame_10.png,D,84,10,20,0.94,0.69,0.75
FRS_setD_posA_094_posB_069_posC_075_record_084_frame_11.png,D,84,11,22,0.94,0.69,0.75
FRS_setD_posA_094_posB_069_posC_075_record_084_frame_12.png,D,84,12,24,0.94,0.69,0.75
FRS_setD_posA_094_posB_069_posC_075_record_084_frame_13.png,D,84,13,26,0.94,0.69,0.75
FRS_setD_posA_094_posB_069_posC_075_record_084_frame_14.png,D,84,14,28,0.94,0.69,0.75
FRS_setD_posA_094_posB_069_posC_075_record_084_frame_15.png,D,84,15,30,0.94,0.69,0.75
FRS_setD_posA_094_posB_069_posC_075_record_084_frame_16.png,D,84,16,32,0.94,0.69,0.75
FRS_setD_posA_094_posB_069_posC_075_record_084_frame_17.png,D,84,17,34,0.94,0.69,0.75
FRS_setD_posA_094_posB_069_posC_075_record_084_frame_18.png,D,84,18,36,0.94,0.69,0.75
FRS_setD_posA_094_posB_069_posC_075_record_084_frame_19.png,D,84,19,38,0.94,0.69,0.75
FRS_setD_posA_094_posB_070_posC_076_record_085_frame_00.png,D,85,0,0,0.94,0.7,0.76
FRS_setD_posA_094_posB_070_posC_076_record_085_frame_01.png,D,85,1,2,0.94,0.7,0.76
FRS_setD_posA_094_posB_070_posC_076_record_085_frame_02.png,D,85,2,4,0.94,0.7,0.76
FRS_setD_posA_094_posB_070_posC_076_record_085_frame_03.png,D,85,3,6,0.94,0.7,0.76
FRS_setD_posA_094_posB_070_posC_076_record_085_frame_04.png,D,85,4,8,0.94,0.7,0.76
FRS_setD_posA_094_posB_070_posC_076_record_085_frame_05.png,D,85,5,10,0.94,0.7,0.76
FRS_setD_posA_094_posB_070_posC_076_record_085_frame_06.png,D,85,6,12,0.94,0.7,0.76
FRS_setD_posA_094_posB_070_posC_076_record_085_frame_07.png,D,85,7,14,0.94,0.7,0.76
FRS_setD_posA_094_posB_070_posC_076_record_085_frame_08.png,D,85,8,16,0.94,0.7,0.76
FRS_setD_posA_094_posB_070_posC_076_record_085_frame_09.png,D,85,9,18,0.94,0.7,0.76
FRS_setD_posA_094_posB_070_posC_076_record_085_frame_10.png,D,85,10,20,0.94,0.7,0.76
FRS_setD_posA_094_posB_070_posC_076_record_085_frame_11.png,D,85,11,22,0.94,0.7,0.76
FRS_setD_posA_094_posB_070_posC_076_record_085_frame_12.png,D,85,12,24,0.94,0.7,0.76
FRS_setD_posA_094_posB_070_posC_076_record_085_frame_13.png,D,85,13,26,0.94,0.7,0.76
FRS_setD_posA_094_posB_070_posC_076_record_085_frame_14.png,D,85,14,28,0.94,0.7,0.76
FRS_setD_posA_094_posB_070_posC_076_record_085_frame_15.png,D,85,15,30,0.94,0.7,0.76
FRS_setD_posA_094_posB_070_posC_076_record_085_frame_16.png,D,85,16,32,0.94,0.7,0.76
FRS_setD_posA_094_posB_070_posC_076_record_085_frame_17.png,D,85,17,34,0.94,0.7,0.76
FRS_setD_posA_094_posB_070_posC_076_record_085_frame_18.png,D,85,18,36,0.94,0.7,0.76
FRS_setD_posA_094_posB_070_posC_076_record_085_frame_19.png,D,85,19,38,0.94,0.7,0.76
FRS_setD_posA_095_posB_070_posC_076_record_086_frame_00.png,D,86,0,0,0.95,0.7,0.76
FRS_setD_posA_095_posB_070_posC_076_record_086_frame_01.png,D,86,1,2,0.95,0.7,0.76
FRS_setD_posA_095_posB_070_posC_076_record_086_frame_02.png,D,86,2,4,0.95,0.7,0.76
FRS_setD_posA_095_posB_070_posC_076_record_086_frame_03.png,D,86,3,6,0.95,0.7,0.76
FRS_setD_posA_095_posB_070_posC_076_record_086_frame_04.png,D,86,4,8,0.95,0.7,0.76
FRS_setD_posA_095_posB_070_posC_076_record_086_frame_05.png,D,86,5,10,0.95,0.7,0.76
FRS_setD_posA_095_posB_070_posC_076_record_086_frame_06.png,D,86,6,12,0.95,0.7,0.76
FRS_setD_posA_095_posB_070_posC_076_record_086_frame_07.png,D,86,7,14,0.95,0.7,0.76
FRS_setD_posA_095_posB_070_posC_076_record_086_frame_08.png,D,86,8,16,0.95,0.7,0.76
FRS_setD_posA_095_posB_070_posC_076_record_086_frame_09.png,D,86,9,18,0.95,0.7,0.76
FRS_setD_posA_095_posB_070_posC_076_record_086_frame_10.png,D,86,10,20,0.95,0.7,0.76
FRS_setD_posA_095_posB_070_posC_076_record_086_frame_11.png,D,86,11,22,0.95,0.7,0.76
FRS_setD_posA_095_posB_070_posC_076_record_086_frame_12.png,D,86,12,24,0.95,0.7,0.76
FRS_setD_posA_095_posB_070_posC_076_record_086_frame_13.png,D,86,13,26,0.95,0.7,0.76
FRS_setD_posA_095_posB_070_posC_076_record_086_frame_14.png,D,86,14,28,0.95,0.7,0.76
FRS_setD_posA_095_posB_070_posC_076_record_086_frame_15.png,D,86,15,30,0.95,0.7,0.76
FRS_setD_posA_095_posB_070_posC_076_record_086_frame_16.png,D,86,16,32,0.95,0.7,0.76
FRS_setD_posA_095_posB_070_posC_076_record_086_frame_17.png,D,86,17,34,0.95,0.7,0.76
FRS_setD_posA_095_posB_070_posC_076_record_086_frame_18.png,D,86,18,36,0.95,0.7,0.76
FRS_setD_posA_095_posB_070_posC_076_record_086_frame_19.png,D,86,19,38,0.95,0.7,0.76
FRS_setD_posA_096_posB_071_posC_076_record_087_frame_00.png,D,87,0,0,0.96,0.71,0.76
FRS_setD_posA_096_posB_071_posC_076_record_087_frame_01.png,D,87,1,2,0.96,0.71,0.76
FRS_setD_posA_096_posB_071_posC_076_record_087_frame_02.png,D,87,2,4,0.96,0.71,0.76
FRS_setD_posA_096_posB_071_posC_076_record_087_frame_03.png,D,87,3,6,0.96,0.71,0.76
FRS_setD_posA_096_posB_071_posC_076_record_087_frame_04.png,D,87,4,8,0.96,0.71,0.76
FRS_setD_posA_096_posB_071_posC_076_record_087_frame_05.png,D,87,5,10,0.96,0.71,0.76
FRS_setD_posA_096_posB_071_posC_076_record_087_frame_06.png,D,87,6,12,0.96,0.71,0.76
FRS_setD_posA_096_posB_071_posC_076_record_087_frame_07.png,D,87,7,14,0.96,0.71,0.76
FRS_setD_posA_096_posB_071_posC_076_record_087_frame_08.png,D,87,8,16,0.96,0.71,0.76
FRS_setD_posA_096_posB_071_posC_076_record_087_frame_09.png,D,87,9,18,0.96,0.71,0.76
FRS_setD_posA_096_posB_071_posC_076_record_087_frame_10.png,D,87,10,20,0.96,0.71,0.76
FRS_setD_posA_096_posB_071_posC_076_record_087_frame_11.png,D,87,11,22,0.96,0.71,0.76
FRS_setD_posA_096_posB_071_posC_076_record_087_frame_12.png,D,87,12,24,0.96,0.71,0.76
FRS_setD_posA_096_posB_071_posC_076_record_087_frame_13.png,D,87,13,26,0.96,0.71,0.76
FRS_setD_posA_096_posB_071_posC_076_record_087_frame_14.png,D,87,14,28,0.96,0.71,0.76
FRS_setD_posA_096_posB_071_posC_076_record_087_frame_15.png,D,87,15,30,0.96,0.71,0.76
FRS_setD_posA_096_posB_071_posC_076_record_087_frame_16.png,D,87,16,32,0.96,0.71,0.76
FRS_setD_posA_096_posB_071_posC_076_record_087_frame_17.png,D,87,17,34,0.96,0.71,0.76
FRS_setD_posA_096_posB_071_posC_076_record_087_frame_18.png,D,87,18,36,0.96,0.71,0.76
FRS_setD_posA_096_posB_071_posC_076_record_087_frame_19.png,D,87,19,38,0.96,0.71,0.76
FRS_setD_posA_096_posB_071_posC_078_record_088_frame_00.png,D,88,0,0,0.96,0.71,0.78
FRS_setD_posA_096_posB_071_posC_078_record_088_frame_01.png,D,88,1,2,0.96,0.71,0.78
FRS_setD_posA_096_posB_071_posC_078_record_088_frame_02.png,D,88,2,4,0.96,0.71,0.78
FRS_setD_posA_096_posB_071_posC_078_record_088_frame_03.png,D,88,3,6,0.96,0.71,0.78
FRS_setD_posA_096_posB_071_posC_078_record_088_frame_04.png,D,88,4,8,0.96,0.71,0.78
FRS_setD_posA_096_posB_071_posC_078_record_088_frame_05.png,D,88,5,10,0.96,0.71,0.78
FRS_setD_posA_096_posB_071_posC_078_record_088_frame_06.png,D,88,6,12,0.96,0.71,0.78
FRS_setD_posA_096_posB_071_posC_078_record_088_frame_07.png,D,88,7,14,0.96,0.71,0.78
FRS_setD_posA_096_posB_071_posC_078_record_088_frame_08.png,D,88,8,16,0.96,0.71,0.78
FRS_setD_posA_096_posB_071_posC_078_record_088_frame_09.png,D,88,9,18,0.96,0.71,0.78
FRS_setD_posA_096_posB_071_posC_078_record_088_frame_10.png,D,88,10,20,0.96,0.71,0.78
FRS_setD_posA_096_posB_071_posC_078_record_088_frame_11.png,D,88,11,22,0.96,0.71,0.78
FRS_setD_posA_096_posB_071_posC_078_record_088_frame_12.png,D,88,12,24,0.96,0.71,0.78
FRS_setD_posA_096_posB_071_posC_078_record_088_frame_13.png,D,88,13,26,0.96,0.71,0.78
FRS_setD_posA_096_posB_071_posC_078_record_088_frame_14.png,D,88,14,28,0.96,0.71,0.78
FRS_setD_posA_096_posB_071_posC_078_record_088_frame_15.png,D,88,15,30,0.96,0.71,0.78
FRS_setD_posA_096_posB_071_posC_078_record_088_frame_16.png,D,88,16,32,0.96,0.71,0.78
FRS_setD_posA_096_posB_071_posC_078_record_088_frame_17.png,D,88,17,34,0.96,0.71,0.78
FRS_setD_posA_096_posB_071_posC_078_record_088_frame_18.png,D,88,18,36,0.96,0.71,0.78
FRS_setD_posA_096_posB_071_posC_078_record_088_frame_19.png,D,88,19,38,0.96,0.71,0.78
FRS_setD_posA_096_posB_071_posC_079_record_089_frame_00.png,D,89,0,0,0.96,0.71,0.79
FRS_setD_posA_096_posB_071_posC_079_record_089_frame_01.png,D,89,1,2,0.96,0.71,0.79
FRS_setD_posA_096_posB_071_posC_079_record_089_frame_02.png,D,89,2,4,0.96,0.71,0.79
FRS_setD_posA_096_posB_071_posC_079_record_089_frame_03.png,D,89,3,6,0.96,0.71,0.79
FRS_setD_posA_096_posB_071_posC_079_record_089_frame_04.png,D,89,4,8,0.96,0.71,0.79
FRS_setD_posA_096_posB_071_posC_079_record_089_frame_05.png,D,89,5,10,0.96,0.71,0.79
FRS_setD_posA_096_posB_071_posC_079_record_089_frame_06.png,D,89,6,12,0.96,0.71,0.79
FRS_setD_posA_096_posB_071_posC_079_record_089_frame_07.png,D,89,7,14,0.96,0.71,0.79
FRS_setD_posA_096_posB_071_posC_079_record_089_frame_08.png,D,89,8,16,0.96,0.71,0.79
FRS_setD_posA_096_posB_071_posC_079_record_089_frame_09.png,D,89,9,18,0.96,0.71,0.79
FRS_setD_posA_096_posB_071_posC_079_record_089_frame_10.png,D,89,10,20,0.96,0.71,0.79
FRS_setD_posA_096_posB_071_posC_079_record_089_frame_11.png,D,89,11,22,0.96,0.71,0.79
FRS_setD_posA_096_posB_071_posC_079_record_089_frame_12.png,D,89,12,24,0.96,0.71,0.79
FRS_setD_posA_096_posB_071_posC_079_record_089_frame_13.png,D,89,13,26,0.96,0.71,0.79
FRS_setD_posA_096_posB_071_posC_079_record_089_frame_14.png,D,89,14,28,0.96,0.71,0.79
FRS_setD_posA_096_posB_071_posC_079_record_089_frame_15.png,D,89,15,30,0.96,0.71,0.79
FRS_setD_posA_096_posB_071_posC_079_record_089_frame_16.png,D,89,16,32,0.96,0.71,0.79
FRS_setD_posA_096_posB_071_posC_079_record_089_frame_17.png,D,89,17,34,0.96,0.71,0.79
FRS_setD_posA_096_posB_071_posC_079_record_089_frame_18.png,D,89,18,36,0.96,0.71,0.79
FRS_setD_posA_096_posB_071_posC_079_record_089_frame_19.png,D,89,19,38,0.96,0.71,0.79
FRS_setD_posA_097_posB_071_posC_077_record_090_frame_00.png,D,90,0,0,0.97,0.71,0.77
FRS_setD_posA_097_posB_071_posC_077_record_090_frame_01.png,D,90,1,2,0.97,0.71,0.77
FRS_setD_posA_097_posB_071_posC_077_record_090_frame_02.png,D,90,2,4,0.97,0.71,0.77
FRS_setD_posA_097_posB_071_posC_077_record_090_frame_03.png,D,90,3,6,0.97,0.71,0.77
FRS_setD_posA_097_posB_071_posC_077_record_090_frame_04.png,D,90,4,8,0.97,0.71,0.77
FRS_setD_posA_097_posB_071_posC_077_record_090_frame_05.png,D,90,5,10,0.97,0.71,0.77
FRS_setD_posA_097_posB_071_posC_077_record_090_frame_06.png,D,90,6,12,0.97,0.71,0.77
FRS_setD_posA_097_posB_071_posC_077_record_090_frame_07.png,D,90,7,14,0.97,0.71,0.77
FRS_setD_posA_097_posB_071_posC_077_record_090_frame_08.png,D,90,8,16,0.97,0.71,0.77
FRS_setD_posA_097_posB_071_posC_077_record_090_frame_09.png,D,90,9,18,0.97,0.71,0.77
FRS_setD_posA_097_posB_071_posC_077_record_090_frame_10.png,D,90,10,20,0.97,0.71,0.77
FRS_setD_posA_097_posB_071_posC_077_record_090_frame_11.png,D,90,11,22,0.97,0.71,0.77
FRS_setD_posA_097_posB_071_posC_077_record_090_frame_12.png,D,90,12,24,0.97,0.71,0.77
FRS_setD_posA_097_posB_071_posC_077_record_090_frame_13.png,D,90,13,26,0.97,0.71,0.77
FRS_setD_posA_097_posB_071_posC_077_record_090_frame_14.png,D,90,14,28,0.97,0.71,0.77
FRS_setD_posA_097_posB_071_posC_077_record_090_frame_15.png,D,90,15,30,0.97,0.71,0.77
FRS_setD_posA_097_posB_071_posC_077_record_090_frame_16.png,D,90,16,32,0.97,0.71,0.77
FRS_setD_posA_097_posB_071_posC_077_record_090_frame_17.png,D,90,17,34,0.97,0.71,0.77
FRS_setD_posA_097_posB_071_posC_077_record_090_frame_18.png,D,90,18,36,0.97,0.71,0.77
FRS_setD_posA_097_posB_071_posC_077_record_090_frame_19.png,D,90,19,38,0.97,0.71,0.77
FRS_setD_posA_098_posB_071_posC_079_record_091_frame_00.png,D,91,0,0,0.98,0.71,0.79
FRS_setD_posA_098_posB_071_posC_079_record_091_frame_01.png,D,91,1,2,0.98,0.71,0.79
FRS_setD_posA_098_posB_071_posC_079_record_091_frame_02.png,D,91,2,4,0.98,0.71,0.79
FRS_setD_posA_098_posB_071_posC_079_record_091_frame_03.png,D,91,3,6,0.98,0.71,0.79
FRS_setD_posA_098_posB_071_posC_079_record_091_frame_04.png,D,91,4,8,0.98,0.71,0.79
FRS_setD_posA_098_posB_071_posC_079_record_091_frame_05.png,D,91,5,10,0.98,0.71,0.79
FRS_setD_posA_098_posB_071_posC_079_record_091_frame_06.png,D,91,6,12,0.98,0.71,0.79
FRS_setD_posA_098_posB_071_posC_079_record_091_frame_07.png,D,91,7,14,0.98,0.71,0.79
FRS_setD_posA_098_posB_071_posC_079_record_091_frame_08.png,D,91,8,16,0.98,0.71,0.79
FRS_setD_posA_098_posB_071_posC_079_record_091_frame_09.png,D,91,9,18,0.98,0.71,0.79
FRS_setD_posA_098_posB_071_posC_079_record_091_frame_10.png,D,91,10,20,0.98,0.71,0.79
FRS_setD_posA_098_posB_071_posC_079_record_091_frame_11.png,D,91,11,22,0.98,0.71,0.79
FRS_setD_posA_098_posB_071_posC_079_record_091_frame_12.png,D,91,12,24,0.98,0.71,0.79
FRS_setD_posA_098_posB_071_posC_079_record_091_frame_13.png,D,91,13,26,0.98,0.71,0.79
FRS_setD_posA_098_posB_071_posC_079_record_091_frame_14.png,D,91,14,28,0.98,0.71,0.79
FRS_setD_posA_098_posB_071_posC_079_record_091_frame_15.png,D,91,15,30,0.98,0.71,0.79
FRS_setD_posA_098_posB_071_posC_079_record_091_frame_16.png,D,91,16,32,0.98,0.71,0.79
FRS_setD_posA_098_posB_071_posC_079_record_091_frame_17.png,D,91,17,34,0.98,0.71,0.79
FRS_setD_posA_098_posB_071_posC_079_record_091_frame_18.png,D,91,18,36,0.98,0.71,0.79
FRS_setD_posA_098_posB_071_posC_079_record_091_frame_19.png,D,91,19,38,0.98,0.71,0.79
FRS_setD_posA_098_posB_072_posC_080_record_092_frame_00.png,D,92,0,0,0.98,0.72,0.8
FRS_setD_posA_098_posB_072_posC_080_record_092_frame_01.png,D,92,1,2,0.98,0.72,0.8
FRS_setD_posA_098_posB_072_posC_080_record_092_frame_02.png,D,92,2,4,0.98,0.72,0.8
FRS_setD_posA_098_posB_072_posC_080_record_092_frame_03.png,D,92,3,6,0.98,0.72,0.8
FRS_setD_posA_098_posB_072_posC_080_record_092_frame_04.png,D,92,4,8,0.98,0.72,0.8
FRS_setD_posA_098_posB_072_posC_080_record_092_frame_05.png,D,92,5,10,0.98,0.72,0.8
FRS_setD_posA_098_posB_072_posC_080_record_092_frame_06.png,D,92,6,12,0.98,0.72,0.8
FRS_setD_posA_098_posB_072_posC_080_record_092_frame_07.png,D,92,7,14,0.98,0.72,0.8
FRS_setD_posA_098_posB_072_posC_080_record_092_frame_08.png,D,92,8,16,0.98,0.72,0.8
FRS_setD_posA_098_posB_072_posC_080_record_092_frame_09.png,D,92,9,18,0.98,0.72,0.8
FRS_setD_posA_098_posB_072_posC_080_record_092_frame_10.png,D,92,10,20,0.98,0.72,0.8
FRS_setD_posA_098_posB_072_posC_080_record_092_frame_11.png,D,92,11,22,0.98,0.72,0.8
FRS_setD_posA_098_posB_072_posC_080_record_092_frame_12.png,D,92,12,24,0.98,0.72,0.8
FRS_setD_posA_098_posB_072_posC_080_record_092_frame_13.png,D,92,13,26,0.98,0.72,0.8
FRS_setD_posA_098_posB_072_posC_080_record_092_frame_14.png,D,92,14,28,0.98,0.72,0.8
FRS_setD_posA_098_posB_072_posC_080_record_092_frame_15.png,D,92,15,30,0.98,0.72,0.8
FRS_setD_posA_098_posB_072_posC_080_record_092_frame_16.png,D,92,16,32,0.98,0.72,0.8
FRS_setD_posA_098_posB_072_posC_080_record_092_frame_17.png,D,92,17,34,0.98,0.72,0.8
FRS_setD_posA_098_posB_072_posC_080_record_092_frame_18.png,D,92,18,36,0.98,0.72,0.8
FRS_setD_posA_098_posB_072_posC_080_record_092_frame_19.png,D,92,19,38,0.98,0.72,0.8
FRS_setD_posA_099_posB_072_posC_079_record_093_frame_00.png,D,93,0,0,0.99,0.72,0.79
FRS_setD_posA_099_posB_072_posC_079_record_093_frame_01.png,D,93,1,2,0.99,0.72,0.79
FRS_setD_posA_099_posB_072_posC_079_record_093_frame_02.png,D,93,2,4,0.99,0.72,0.79
FRS_setD_posA_099_posB_072_posC_079_record_093_frame_03.png,D,93,3,6,0.99,0.72,0.79
FRS_setD_posA_099_posB_072_posC_079_record_093_frame_04.png,D,93,4,8,0.99,0.72,0.79
FRS_setD_posA_099_posB_072_posC_079_record_093_frame_05.png,D,93,5,10,0.99,0.72,0.79
FRS_setD_posA_099_posB_072_posC_079_record_093_frame_06.png,D,93,6,12,0.99,0.72,0.79
FRS_setD_posA_099_posB_072_posC_079_record_093_frame_07.png,D,93,7,14,0.99,0.72,0.79
FRS_setD_posA_099_posB_072_posC_079_record_093_frame_08.png,D,93,8,16,0.99,0.72,0.79
FRS_setD_posA_099_posB_072_posC_079_record_093_frame_09.png,D,93,9,18,0.99,0.72,0.79
FRS_setD_posA_099_posB_072_posC_079_record_093_frame_10.png,D,93,10,20,0.99,0.72,0.79
FRS_setD_posA_099_posB_072_posC_079_record_093_frame_11.png,D,93,11,22,0.99,0.72,0.79
FRS_setD_posA_099_posB_072_posC_079_record_093_frame_12.png,D,93,12,24,0.99,0.72,0.79
FRS_setD_posA_099_posB_072_posC_079_record_093_frame_13.png,D,93,13,26,0.99,0.72,0.79
FRS_setD_posA_099_posB_072_posC_079_record_093_frame_14.png,D,93,14,28,0.99,0.72,0.79
FRS_setD_posA_099_posB_072_posC_079_record_093_frame_15.png,D,93,15,30,0.99,0.72,0.79
FRS_setD_posA_099_posB_072_posC_079_record_093_frame_16.png,D,93,16,32,0.99,0.72,0.79
FRS_setD_posA_099_posB_072_posC_079_record_093_frame_17.png,D,93,17,34,0.99,0.72,0.79
FRS_setD_posA_099_posB_072_posC_079_record_093_frame_18.png,D,93,18,36,0.99,0.72,0.79
FRS_setD_posA_099_posB_072_posC_079_record_093_frame_19.png,D,93,19,38,0.99,0.72,0.79
FRS_setD_posA_100_posB_073_posC_080_record_094_frame_00.png,D,94,0,0,1,0.73,0.8
FRS_setD_posA_100_posB_073_posC_080_record_094_frame_01.png,D,94,1,2,1,0.73,0.8
FRS_setD_posA_100_posB_073_posC_080_record_094_frame_02.png,D,94,2,4,1,0.73,0.8
FRS_setD_posA_100_posB_073_posC_080_record_094_frame_03.png,D,94,3,6,1,0.73,0.8
FRS_setD_posA_100_posB_073_posC_080_record_094_frame_04.png,D,94,4,8,1,0.73,0.8
FRS_setD_posA_100_posB_073_posC_080_record_094_frame_05.png,D,94,5,10,1,0.73,0.8
FRS_setD_posA_100_posB_073_posC_080_record_094_frame_06.png,D,94,6,12,1,0.73,0.8
FRS_setD_posA_100_posB_073_posC_080_record_094_frame_07.png,D,94,7,14,1,0.73,0.8
FRS_setD_posA_100_posB_073_posC_080_record_094_frame_08.png,D,94,8,16,1,0.73,0.8
FRS_setD_posA_100_posB_073_posC_080_record_094_frame_09.png,D,94,9,18,1,0.73,0.8
FRS_setD_posA_100_posB_073_posC_080_record_094_frame_10.png,D,94,10,20,1,0.73,0.8
FRS_setD_posA_100_posB_073_posC_080_record_094_frame_11.png,D,94,11,22,1,0.73,0.8
FRS_setD_posA_100_posB_073_posC_080_record_094_frame_12.png,D,94,12,24,1,0.73,0.8
FRS_setD_posA_100_posB_073_posC_080_record_094_frame_13.png,D,94,13,26,1,0.73,0.8
FRS_setD_posA_100_posB_073_posC_080_record_094_frame_14.png,D,94,14,28,1,0.73,0.8
FRS_setD_posA_100_posB_073_posC_080_record_094_frame_15.png,D,94,15,30,1,0.73,0.8
FRS_setD_posA_100_posB_073_posC_080_record_094_frame_16.png,D,94,16,32,1,0.73,0.8
FRS_setD_posA_100_posB_073_posC_080_record_094_frame_17.png,D,94,17,34,1,0.73,0.8
FRS_setD_posA_100_posB_073_posC_080_record_094_frame_18.png,D,94,18,36,1,0.73,0.8
FRS_setD_posA_100_posB_073_posC_080_record_094_frame_19.png,D,94,19,38,1,0.73,0.8
FRS_setD_posA_101_posB_073_posC_080_record_095_frame_00.png,D,95,0,0,1.01,0.73,0.8
FRS_setD_posA_101_posB_073_posC_080_record_095_frame_01.png,D,95,1,2,1.01,0.73,0.8
FRS_setD_posA_101_posB_073_posC_080_record_095_frame_02.png,D,95,2,4,1.01,0.73,0.8
FRS_setD_posA_101_posB_073_posC_080_record_095_frame_03.png,D,95,3,6,1.01,0.73,0.8
FRS_setD_posA_101_posB_073_posC_080_record_095_frame_04.png,D,95,4,8,1.01,0.73,0.8
FRS_setD_posA_101_posB_073_posC_080_record_095_frame_05.png,D,95,5,10,1.01,0.73,0.8
FRS_setD_posA_101_posB_073_posC_080_record_095_frame_06.png,D,95,6,12,1.01,0.73,0.8
FRS_setD_posA_101_posB_073_posC_080_record_095_frame_07.png,D,95,7,14,1.01,0.73,0.8
FRS_setD_posA_101_posB_073_posC_080_record_095_frame_08.png,D,95,8,16,1.01,0.73,0.8
FRS_setD_posA_101_posB_073_posC_080_record_095_frame_09.png,D,95,9,18,1.01,0.73,0.8
FRS_setD_posA_101_posB_073_posC_080_record_095_frame_10.png,D,95,10,20,1.01,0.73,0.8
FRS_setD_posA_101_posB_073_posC_080_record_095_frame_11.png,D,95,11,22,1.01,0.73,0.8
FRS_setD_posA_101_posB_073_posC_080_record_095_frame_12.png,D,95,12,24,1.01,0.73,0.8
FRS_setD_posA_101_posB_073_posC_080_record_095_frame_13.png,D,95,13,26,1.01,0.73,0.8
FRS_setD_posA_101_posB_073_posC_080_record_095_frame_14.png,D,95,14,28,1.01,0.73,0.8
FRS_setD_posA_101_posB_073_posC_080_record_095_frame_15.png,D,95,15,30,1.01,0.73,0.8
FRS_setD_posA_101_posB_073_posC_080_record_095_frame_16.png,D,95,16,32,1.01,0.73,0.8
FRS_setD_posA_101_posB_073_posC_080_record_095_frame_17.png,D,95,17,34,1.01,0.73,0.8
FRS_setD_posA_101_posB_073_posC_080_record_095_frame_18.png,D,95,18,36,1.01,0.73,0.8
FRS_setD_posA_101_posB_073_posC_080_record_095_frame_19.png,D,95,19,38,1.01,0.73,0.8
FRS_setD_posA_102_posB_073_posC_080_record_096_frame_00.png,D,96,0,0,1.02,0.73,0.8
FRS_setD_posA_102_posB_073_posC_080_record_096_frame_01.png,D,96,1,2,1.02,0.73,0.8
FRS_setD_posA_102_posB_073_posC_080_record_096_frame_02.png,D,96,2,4,1.02,0.73,0.8
FRS_setD_posA_102_posB_073_posC_080_record_096_frame_03.png,D,96,3,6,1.02,0.73,0.8
FRS_setD_posA_102_posB_073_posC_080_record_096_frame_04.png,D,96,4,8,1.02,0.73,0.8
FRS_setD_posA_102_posB_073_posC_080_record_096_frame_05.png,D,96,5,10,1.02,0.73,0.8
FRS_setD_posA_102_posB_073_posC_080_record_096_frame_06.png,D,96,6,12,1.02,0.73,0.8
FRS_setD_posA_102_posB_073_posC_080_record_096_frame_07.png,D,96,7,14,1.02,0.73,0.8
FRS_setD_posA_102_posB_073_posC_080_record_096_frame_08.png,D,96,8,16,1.02,0.73,0.8
FRS_setD_posA_102_posB_073_posC_080_record_096_frame_09.png,D,96,9,18,1.02,0.73,0.8
FRS_setD_posA_102_posB_073_posC_080_record_096_frame_10.png,D,96,10,20,1.02,0.73,0.8
FRS_setD_posA_102_posB_073_posC_080_record_096_frame_11.png,D,96,11,22,1.02,0.73,0.8
FRS_setD_posA_102_posB_073_posC_080_record_096_frame_12.png,D,96,12,24,1.02,0.73,0.8
FRS_setD_posA_102_posB_073_posC_080_record_096_frame_13.png,D,96,13,26,1.02,0.73,0.8
FRS_setD_posA_102_posB_073_posC_080_record_096_frame_14.png,D,96,14,28,1.02,0.73,0.8
FRS_setD_posA_102_posB_073_posC_080_record_096_frame_15.png,D,96,15,30,1.02,0.73,0.8
FRS_setD_posA_102_posB_073_posC_080_record_096_frame_16.png,D,96,16,32,1.02,0.73,0.8
FRS_setD_posA_102_posB_073_posC_080_record_096_frame_17.png,D,96,17,34,1.02,0.73,0.8
FRS_setD_posA_102_posB_073_posC_080_record_096_frame_18.png,D,96,18,36,1.02,0.73,0.8
FRS_setD_posA_102_posB_073_posC_080_record_096_frame_19.png,D,96,19,38,1.02,0.73,0.8
FRS_setD_posA_103_posB_074_posC_081_record_097_frame_00.png,D,97,0,0,1.03,0.74,0.81
FRS_setD_posA_103_posB_074_posC_081_record_097_frame_01.png,D,97,1,2,1.03,0.74,0.81
FRS_setD_posA_103_posB_074_posC_081_record_097_frame_02.png,D,97,2,4,1.03,0.74,0.81
FRS_setD_posA_103_posB_074_posC_081_record_097_frame_03.png,D,97,3,6,1.03,0.74,0.81
FRS_setD_posA_103_posB_074_posC_081_record_097_frame_04.png,D,97,4,8,1.03,0.74,0.81
FRS_setD_posA_103_posB_074_posC_081_record_097_frame_05.png,D,97,5,10,1.03,0.74,0.81
FRS_setD_posA_103_posB_074_posC_081_record_097_frame_06.png,D,97,6,12,1.03,0.74,0.81
FRS_setD_posA_103_posB_074_posC_081_record_097_frame_07.png,D,97,7,14,1.03,0.74,0.81
FRS_setD_posA_103_posB_074_posC_081_record_097_frame_08.png,D,97,8,16,1.03,0.74,0.81
FRS_setD_posA_103_posB_074_posC_081_record_097_frame_09.png,D,97,9,18,1.03,0.74,0.81
FRS_setD_posA_103_posB_074_posC_081_record_097_frame_10.png,D,97,10,20,1.03,0.74,0.81
FRS_setD_posA_103_posB_074_posC_081_record_097_frame_11.png,D,97,11,22,1.03,0.74,0.81
FRS_setD_posA_103_posB_074_posC_081_record_097_frame_12.png,D,97,12,24,1.03,0.74,0.81
FRS_setD_posA_103_posB_074_posC_081_record_097_frame_13.png,D,97,13,26,1.03,0.74,0.81
FRS_setD_posA_103_posB_074_posC_081_record_097_frame_14.png,D,97,14,28,1.03,0.74,0.81
FRS_setD_posA_103_posB_074_posC_081_record_097_frame_15.png,D,97,15,30,1.03,0.74,0.81
FRS_setD_posA_103_posB_074_posC_081_record_097_frame_16.png,D,97,16,32,1.03,0.74,0.81
FRS_setD_posA_103_posB_074_posC_081_record_097_frame_17.png,D,97,17,34,1.03,0.74,0.81
FRS_setD_posA_103_posB_074_posC_081_record_097_frame_18.png,D,97,18,36,1.03,0.74,0.81
FRS_setD_posA_103_posB_074_posC_081_record_097_frame_19.png,D,97,19,38,1.03,0.74,0.81
FRS_setD_posA_103_posB_074_posC_081_record_098_frame_00.png,D,98,0,0,1.03,0.74,0.81
FRS_setD_posA_103_posB_074_posC_081_record_098_frame_01.png,D,98,1,2,1.03,0.74,0.81
FRS_setD_posA_103_posB_074_posC_081_record_098_frame_02.png,D,98,2,4,1.03,0.74,0.81
FRS_setD_posA_103_posB_074_posC_081_record_098_frame_03.png,D,98,3,6,1.03,0.74,0.81
FRS_setD_posA_103_posB_074_posC_081_record_098_frame_04.png,D,98,4,8,1.03,0.74,0.81
FRS_setD_posA_103_posB_074_posC_081_record_098_frame_05.png,D,98,5,10,1.03,0.74,0.81
FRS_setD_posA_103_posB_074_posC_081_record_098_frame_06.png,D,98,6,12,1.03,0.74,0.81
FRS_setD_posA_103_posB_074_posC_081_record_098_frame_07.png,D,98,7,14,1.03,0.74,0.81
FRS_setD_posA_103_posB_074_posC_081_record_098_frame_08.png,D,98,8,16,1.03,0.74,0.81
FRS_setD_posA_103_posB_074_posC_081_record_098_frame_09.png,D,98,9,18,1.03,0.74,0.81
FRS_setD_posA_103_posB_074_posC_081_record_098_frame_10.png,D,98,10,20,1.03,0.74,0.81
FRS_setD_posA_103_posB_074_posC_081_record_098_frame_11.png,D,98,11,22,1.03,0.74,0.81
FRS_setD_posA_103_posB_074_posC_081_record_098_frame_12.png,D,98,12,24,1.03,0.74,0.81
FRS_setD_posA_103_posB_074_posC_081_record_098_frame_13.png,D,98,13,26,1.03,0.74,0.81
FRS_setD_posA_103_posB_074_posC_081_record_098_frame_14.png,D,98,14,28,1.03,0.74,0.81
FRS_setD_posA_103_posB_074_posC_081_record_098_frame_15.png,D,98,15,30,1.03,0.74,0.81
FRS_setD_posA_103_posB_074_posC_081_record_098_frame_16.png,D,98,16,32,1.03,0.74,0.81
FRS_setD_posA_103_posB_074_posC_081_record_098_frame_17.png,D,98,17,34,1.03,0.74,0.81
FRS_setD_posA_103_posB_074_posC_081_record_098_frame_18.png,D,98,18,36,1.03,0.74,0.81
FRS_setD_posA_103_posB_074_posC_081_record_098_frame_19.png,D,98,19,38,1.03,0.74,0.81
FRS_setD_posA_105_posB_074_posC_081_record_099_frame_00.png,D,99,0,0,1.05,0.74,0.81
FRS_setD_posA_105_posB_074_posC_081_record_099_frame_01.png,D,99,1,2,1.05,0.74,0.81
FRS_setD_posA_105_posB_074_posC_081_record_099_frame_02.png,D,99,2,4,1.05,0.74,0.81
FRS_setD_posA_105_posB_074_posC_081_record_099_frame_03.png,D,99,3,6,1.05,0.74,0.81
FRS_setD_posA_105_posB_074_posC_081_record_099_frame_04.png,D,99,4,8,1.05,0.74,0.81
FRS_setD_posA_105_posB_074_posC_081_record_099_frame_05.png,D,99,5,10,1.05,0.74,0.81
FRS_setD_posA_105_posB_074_posC_081_record_099_frame_06.png,D,99,6,12,1.05,0.74,0.81
FRS_setD_posA_105_posB_074_posC_081_record_099_frame_07.png,D,99,7,14,1.05,0.74,0.81
FRS_setD_posA_105_posB_074_posC_081_record_099_frame_08.png,D,99,8,16,1.05,0.74,0.81
FRS_setD_posA_105_posB_074_posC_081_record_099_frame_09.png,D,99,9,18,1.05,0.74,0.81
FRS_setD_posA_105_posB_074_posC_081_record_099_frame_10.png,D,99,10,20,1.05,0.74,0.81
FRS_setD_posA_105_posB_074_posC_081_record_099_frame_11.png,D,99,11,22,1.05,0.74,0.81
FRS_setD_posA_105_posB_074_posC_081_record_099_frame_12.png,D,99,12,24,1.05,0.74,0.81
FRS_setD_posA_105_posB_074_posC_081_record_099_frame_13.png,D,99,13,26,1.05,0.74,0.81
FRS_setD_posA_105_posB_074_posC_081_record_099_frame_14.png,D,99,14,28,1.05,0.74,0.81
FRS_setD_posA_105_posB_074_posC_081_record_099_frame_15.png,D,99,15,30,1.05,0.74,0.81
FRS_setD_posA_105_posB_074_posC_081_record_099_frame_16.png,D,99,16,32,1.05,0.74,0.81
FRS_setD_posA_105_posB_074_posC_081_record_099_frame_17.png,D,99,17,34,1.05,0.74,0.81
FRS_setD_posA_105_posB_074_posC_081_record_099_frame_18.png,D,99,18,36,1.05,0.74,0.81
FRS_setD_posA_105_posB_074_posC_081_record_099_frame_19.png,D,99,19,38,1.05,0.74,0.81
FRS_setD_posA_105_posB_075_posC_082_record_100_frame_00.png,D,100,0,0,1.05,0.75,0.82
FRS_setD_posA_105_posB_075_posC_082_record_100_frame_01.png,D,100,1,2,1.05,0.75,0.82
FRS_setD_posA_105_posB_075_posC_082_record_100_frame_02.png,D,100,2,4,1.05,0.75,0.82
FRS_setD_posA_105_posB_075_posC_082_record_100_frame_03.png,D,100,3,6,1.05,0.75,0.82
FRS_setD_posA_105_posB_075_posC_082_record_100_frame_04.png,D,100,4,8,1.05,0.75,0.82
FRS_setD_posA_105_posB_075_posC_082_record_100_frame_05.png,D,100,5,10,1.05,0.75,0.82
FRS_setD_posA_105_posB_075_posC_082_record_100_frame_06.png,D,100,6,12,1.05,0.75,0.82
FRS_setD_posA_105_posB_075_posC_082_record_100_frame_07.png,D,100,7,14,1.05,0.75,0.82
FRS_setD_posA_105_posB_075_posC_082_record_100_frame_08.png,D,100,8,16,1.05,0.75,0.82
FRS_setD_posA_105_posB_075_posC_082_record_100_frame_09.png,D,100,9,18,1.05,0.75,0.82
FRS_setD_posA_105_posB_075_posC_082_record_100_frame_10.png,D,100,10,20,1.05,0.75,0.82
FRS_setD_posA_105_posB_075_posC_082_record_100_frame_11.png,D,100,11,22,1.05,0.75,0.82
FRS_setD_posA_105_posB_075_posC_082_record_100_frame_12.png,D,100,12,24,1.05,0.75,0.82
FRS_setD_posA_105_posB_075_posC_082_record_100_frame_13.png,D,100,13,26,1.05,0.75,0.82
FRS_setD_posA_105_posB_075_posC_082_record_100_frame_14.png,D,100,14,28,1.05,0.75,0.82
FRS_setD_posA_105_posB_075_posC_082_record_100_frame_15.png,D,100,15,30,1.05,0.75,0.82
FRS_setD_posA_105_posB_075_posC_082_record_100_frame_16.png,D,100,16,32,1.05,0.75,0.82
FRS_setD_posA_105_posB_075_posC_082_record_100_frame_17.png,D,100,17,34,1.05,0.75,0.82
FRS_setD_posA_105_posB_075_posC_082_record_100_frame_18.png,D,100,18,36,1.05,0.75,0.82
FRS_setD_posA_105_posB_075_posC_082_record_100_frame_19.png,D,100,19,38,1.05,0.75,0.82
FRS_setD_posA_105_posB_075_posC_082_record_101_frame_00.png,D,101,0,0,1.05,0.75,0.82
FRS_setD_posA_105_posB_075_posC_082_record_101_frame_01.png,D,101,1,2,1.05,0.75,0.82
FRS_setD_posA_105_posB_075_posC_082_record_101_frame_02.png,D,101,2,4,1.05,0.75,0.82
FRS_setD_posA_105_posB_075_posC_082_record_101_frame_03.png,D,101,3,6,1.05,0.75,0.82
FRS_setD_posA_105_posB_075_posC_082_record_101_frame_04.png,D,101,4,8,1.05,0.75,0.82
FRS_setD_posA_105_posB_075_posC_082_record_101_frame_05.png,D,101,5,10,1.05,0.75,0.82
FRS_setD_posA_105_posB_075_posC_082_record_101_frame_06.png,D,101,6,12,1.05,0.75,0.82
FRS_setD_posA_105_posB_075_posC_082_record_101_frame_07.png,D,101,7,14,1.05,0.75,0.82
FRS_setD_posA_105_posB_075_posC_082_record_101_frame_08.png,D,101,8,16,1.05,0.75,0.82
FRS_setD_posA_105_posB_075_posC_082_record_101_frame_09.png,D,101,9,18,1.05,0.75,0.82
FRS_setD_posA_105_posB_075_posC_082_record_101_frame_10.png,D,101,10,20,1.05,0.75,0.82
FRS_setD_posA_105_posB_075_posC_082_record_101_frame_11.png,D,101,11,22,1.05,0.75,0.82
FRS_setD_posA_105_posB_075_posC_082_record_101_frame_12.png,D,101,12,24,1.05,0.75,0.82
FRS_setD_posA_105_posB_075_posC_082_record_101_frame_13.png,D,101,13,26,1.05,0.75,0.82
FRS_setD_posA_105_posB_075_posC_082_record_101_frame_14.png,D,101,14,28,1.05,0.75,0.82
FRS_setD_posA_105_posB_075_posC_082_record_101_frame_15.png,D,101,15,30,1.05,0.75,0.82
FRS_setD_posA_105_posB_075_posC_082_record_101_frame_16.png,D,101,16,32,1.05,0.75,0.82
FRS_setD_posA_105_posB_075_posC_082_record_101_frame_17.png,D,101,17,34,1.05,0.75,0.82
FRS_setD_posA_105_posB_075_posC_082_record_101_frame_18.png,D,101,18,36,1.05,0.75,0.82
FRS_setD_posA_105_posB_075_posC_082_record_101_frame_19.png,D,101,19,38,1.05,0.75,0.82
FRS_setD_posA_106_posB_075_posC_082_record_102_frame_00.png,D,102,0,0,1.06,0.75,0.82
FRS_setD_posA_106_posB_075_posC_082_record_102_frame_01.png,D,102,1,2,1.06,0.75,0.82
FRS_setD_posA_106_posB_075_posC_082_record_102_frame_02.png,D,102,2,4,1.06,0.75,0.82
FRS_setD_posA_106_posB_075_posC_082_record_102_frame_03.png,D,102,3,6,1.06,0.75,0.82
FRS_setD_posA_106_posB_075_posC_082_record_102_frame_04.png,D,102,4,8,1.06,0.75,0.82
FRS_setD_posA_106_posB_075_posC_082_record_102_frame_05.png,D,102,5,10,1.06,0.75,0.82
FRS_setD_posA_106_posB_075_posC_082_record_102_frame_06.png,D,102,6,12,1.06,0.75,0.82
FRS_setD_posA_106_posB_075_posC_082_record_102_frame_07.png,D,102,7,14,1.06,0.75,0.82
FRS_setD_posA_106_posB_075_posC_082_record_102_frame_08.png,D,102,8,16,1.06,0.75,0.82
FRS_setD_posA_106_posB_075_posC_082_record_102_frame_09.png,D,102,9,18,1.06,0.75,0.82
FRS_setD_posA_106_posB_075_posC_082_record_102_frame_10.png,D,102,10,20,1.06,0.75,0.82
FRS_setD_posA_106_posB_075_posC_082_record_102_frame_11.png,D,102,11,22,1.06,0.75,0.82
FRS_setD_posA_106_posB_075_posC_082_record_102_frame_12.png,D,102,12,24,1.06,0.75,0.82
FRS_setD_posA_106_posB_075_posC_082_record_102_frame_13.png,D,102,13,26,1.06,0.75,0.82
FRS_setD_posA_106_posB_075_posC_082_record_102_frame_14.png,D,102,14,28,1.06,0.75,0.82
FRS_setD_posA_106_posB_075_posC_082_record_102_frame_15.png,D,102,15,30,1.06,0.75,0.82
FRS_setD_posA_106_posB_075_posC_082_record_102_frame_16.png,D,102,16,32,1.06,0.75,0.82
FRS_setD_posA_106_posB_075_posC_082_record_102_frame_17.png,D,102,17,34,1.06,0.75,0.82
FRS_setD_posA_106_posB_075_posC_082_record_102_frame_18.png,D,102,18,36,1.06,0.75,0.82
FRS_setD_posA_106_posB_075_posC_082_record_102_frame_19.png,D,102,19,38,1.06,0.75,0.82
FRS_setD_posA_106_posB_075_posC_084_record_103_frame_00.png,D,103,0,0,1.06,0.75,0.84
FRS_setD_posA_106_posB_075_posC_084_record_103_frame_01.png,D,103,1,2,1.06,0.75,0.84
FRS_setD_posA_106_posB_075_posC_084_record_103_frame_02.png,D,103,2,4,1.06,0.75,0.84
FRS_setD_posA_106_posB_075_posC_084_record_103_frame_03.png,D,103,3,6,1.06,0.75,0.84
FRS_setD_posA_106_posB_075_posC_084_record_103_frame_04.png,D,103,4,8,1.06,0.75,0.84
FRS_setD_posA_106_posB_075_posC_084_record_103_frame_05.png,D,103,5,10,1.06,0.75,0.84
FRS_setD_posA_106_posB_075_posC_084_record_103_frame_06.png,D,103,6,12,1.06,0.75,0.84
FRS_setD_posA_106_posB_075_posC_084_record_103_frame_07.png,D,103,7,14,1.06,0.75,0.84
FRS_setD_posA_106_posB_075_posC_084_record_103_frame_08.png,D,103,8,16,1.06,0.75,0.84
FRS_setD_posA_106_posB_075_posC_084_record_103_frame_09.png,D,103,9,18,1.06,0.75,0.84
FRS_setD_posA_106_posB_075_posC_084_record_103_frame_10.png,D,103,10,20,1.06,0.75,0.84
FRS_setD_posA_106_posB_075_posC_084_record_103_frame_11.png,D,103,11,22,1.06,0.75,0.84
FRS_setD_posA_106_posB_075_posC_084_record_103_frame_12.png,D,103,12,24,1.06,0.75,0.84
FRS_setD_posA_106_posB_075_posC_084_record_103_frame_13.png,D,103,13,26,1.06,0.75,0.84
FRS_setD_posA_106_posB_075_posC_084_record_103_frame_14.png,D,103,14,28,1.06,0.75,0.84
FRS_setD_posA_106_posB_075_posC_084_record_103_frame_15.png,D,103,15,30,1.06,0.75,0.84
FRS_setD_posA_106_posB_075_posC_084_record_103_frame_16.png,D,103,16,32,1.06,0.75,0.84
FRS_setD_posA_106_posB_075_posC_084_record_103_frame_17.png,D,103,17,34,1.06,0.75,0.84
FRS_setD_posA_106_posB_075_posC_084_record_103_frame_18.png,D,103,18,36,1.06,0.75,0.84
FRS_setD_posA_106_posB_075_posC_084_record_103_frame_19.png,D,103,19,38,1.06,0.75,0.84
FRS_setD_posA_107_posB_076_posC_084_record_104_frame_00.png,D,104,0,0,1.07,0.76,0.84
FRS_setD_posA_107_posB_076_posC_084_record_104_frame_01.png,D,104,1,2,1.07,0.76,0.84
FRS_setD_posA_107_posB_076_posC_084_record_104_frame_02.png,D,104,2,4,1.07,0.76,0.84
FRS_setD_posA_107_posB_076_posC_084_record_104_frame_03.png,D,104,3,6,1.07,0.76,0.84
FRS_setD_posA_107_posB_076_posC_084_record_104_frame_04.png,D,104,4,8,1.07,0.76,0.84
FRS_setD_posA_107_posB_076_posC_084_record_104_frame_05.png,D,104,5,10,1.07,0.76,0.84
FRS_setD_posA_107_posB_076_posC_084_record_104_frame_06.png,D,104,6,12,1.07,0.76,0.84
FRS_setD_posA_107_posB_076_posC_084_record_104_frame_07.png,D,104,7,14,1.07,0.76,0.84
FRS_setD_posA_107_posB_076_posC_084_record_104_frame_08.png,D,104,8,16,1.07,0.76,0.84
FRS_setD_posA_107_posB_076_posC_084_record_104_frame_09.png,D,104,9,18,1.07,0.76,0.84
FRS_setD_posA_107_posB_076_posC_084_record_104_frame_10.png,D,104,10,20,1.07,0.76,0.84
FRS_setD_posA_107_posB_076_posC_084_record_104_frame_11.png,D,104,11,22,1.07,0.76,0.84
FRS_setD_posA_107_posB_076_posC_084_record_104_frame_12.png,D,104,12,24,1.07,0.76,0.84
FRS_setD_posA_107_posB_076_posC_084_record_104_frame_13.png,D,104,13,26,1.07,0.76,0.84
FRS_setD_posA_107_posB_076_posC_084_record_104_frame_14.png,D,104,14,28,1.07,0.76,0.84
FRS_setD_posA_107_posB_076_posC_084_record_104_frame_15.png,D,104,15,30,1.07,0.76,0.84
FRS_setD_posA_107_posB_076_posC_084_record_104_frame_16.png,D,104,16,32,1.07,0.76,0.84
FRS_setD_posA_107_posB_076_posC_084_record_104_frame_17.png,D,104,17,34,1.07,0.76,0.84
FRS_setD_posA_107_posB_076_posC_084_record_104_frame_18.png,D,104,18,36,1.07,0.76,0.84
FRS_setD_posA_107_posB_076_posC_084_record_104_frame_19.png,D,104,19,38,1.07,0.76,0.84
FRS_setD_posA_107_posB_077_posC_086_record_105_frame_00.png,D,105,0,0,1.07,0.77,0.86
FRS_setD_posA_107_posB_077_posC_086_record_105_frame_01.png,D,105,1,2,1.07,0.77,0.86
FRS_setD_posA_107_posB_077_posC_086_record_105_frame_02.png,D,105,2,4,1.07,0.77,0.86
FRS_setD_posA_107_posB_077_posC_086_record_105_frame_03.png,D,105,3,6,1.07,0.77,0.86
FRS_setD_posA_107_posB_077_posC_086_record_105_frame_04.png,D,105,4,8,1.07,0.77,0.86
FRS_setD_posA_107_posB_077_posC_086_record_105_frame_05.png,D,105,5,10,1.07,0.77,0.86
FRS_setD_posA_107_posB_077_posC_086_record_105_frame_06.png,D,105,6,12,1.07,0.77,0.86
FRS_setD_posA_107_posB_077_posC_086_record_105_frame_07.png,D,105,7,14,1.07,0.77,0.86
FRS_setD_posA_107_posB_077_posC_086_record_105_frame_08.png,D,105,8,16,1.07,0.77,0.86
FRS_setD_posA_107_posB_077_posC_086_record_105_frame_09.png,D,105,9,18,1.07,0.77,0.86
FRS_setD_posA_107_posB_077_posC_086_record_105_frame_10.png,D,105,10,20,1.07,0.77,0.86
FRS_setD_posA_107_posB_077_posC_086_record_105_frame_11.png,D,105,11,22,1.07,0.77,0.86
FRS_setD_posA_107_posB_077_posC_086_record_105_frame_12.png,D,105,12,24,1.07,0.77,0.86
FRS_setD_posA_107_posB_077_posC_086_record_105_frame_13.png,D,105,13,26,1.07,0.77,0.86
FRS_setD_posA_107_posB_077_posC_086_record_105_frame_14.png,D,105,14,28,1.07,0.77,0.86
FRS_setD_posA_107_posB_077_posC_086_record_105_frame_15.png,D,105,15,30,1.07,0.77,0.86
FRS_setD_posA_107_posB_077_posC_086_record_105_frame_16.png,D,105,16,32,1.07,0.77,0.86
FRS_setD_posA_107_posB_077_posC_086_record_105_frame_17.png,D,105,17,34,1.07,0.77,0.86
FRS_setD_posA_107_posB_077_posC_086_record_105_frame_18.png,D,105,18,36,1.07,0.77,0.86
FRS_setD_posA_107_posB_077_posC_086_record_105_frame_19.png,D,105,19,38,1.07,0.77,0.86
FRS_setD_posA_108_posB_077_posC_087_record_106_frame_00.png,D,106,0,0,1.08,0.77,0.87
FRS_setD_posA_108_posB_077_posC_087_record_106_frame_01.png,D,106,1,2,1.08,0.77,0.87
FRS_setD_posA_108_posB_077_posC_087_record_106_frame_02.png,D,106,2,4,1.08,0.77,0.87
FRS_setD_posA_108_posB_077_posC_087_record_106_frame_03.png,D,106,3,6,1.08,0.77,0.87
FRS_setD_posA_108_posB_077_posC_087_record_106_frame_04.png,D,106,4,8,1.08,0.77,0.87
FRS_setD_posA_108_posB_077_posC_087_record_106_frame_05.png,D,106,5,10,1.08,0.77,0.87
FRS_setD_posA_108_posB_077_posC_087_record_106_frame_06.png,D,106,6,12,1.08,0.77,0.87
FRS_setD_posA_108_posB_077_posC_087_record_106_frame_07.png,D,106,7,14,1.08,0.77,0.87
FRS_setD_posA_108_posB_077_posC_087_record_106_frame_08.png,D,106,8,16,1.08,0.77,0.87
FRS_setD_posA_108_posB_077_posC_087_record_106_frame_09.png,D,106,9,18,1.08,0.77,0.87
FRS_setD_posA_108_posB_077_posC_087_record_106_frame_10.png,D,106,10,20,1.08,0.77,0.87
FRS_setD_posA_108_posB_077_posC_087_record_106_frame_11.png,D,106,11,22,1.08,0.77,0.87
FRS_setD_posA_108_posB_077_posC_087_record_106_frame_12.png,D,106,12,24,1.08,0.77,0.87
FRS_setD_posA_108_posB_077_posC_087_record_106_frame_13.png,D,106,13,26,1.08,0.77,0.87
FRS_setD_posA_108_posB_077_posC_087_record_106_frame_14.png,D,106,14,28,1.08,0.77,0.87
FRS_setD_posA_108_posB_077_posC_087_record_106_frame_15.png,D,106,15,30,1.08,0.77,0.87
FRS_setD_posA_108_posB_077_posC_087_record_106_frame_16.png,D,106,16,32,1.08,0.77,0.87
FRS_setD_posA_108_posB_077_posC_087_record_106_frame_17.png,D,106,17,34,1.08,0.77,0.87
FRS_setD_posA_108_posB_077_posC_087_record_106_frame_18.png,D,106,18,36,1.08,0.77,0.87
FRS_setD_posA_108_posB_077_posC_087_record_106_frame_19.png,D,106,19,38,1.08,0.77,0.87
FRS_setD_posA_109_posB_077_posC_090_record_107_frame_00.png,D,107,0,0,1.09,0.77,0.9
FRS_setD_posA_109_posB_077_posC_090_record_107_frame_01.png,D,107,1,2,1.09,0.77,0.9
FRS_setD_posA_109_posB_077_posC_090_record_107_frame_02.png,D,107,2,4,1.09,0.77,0.9
FRS_setD_posA_109_posB_077_posC_090_record_107_frame_03.png,D,107,3,6,1.09,0.77,0.9
FRS_setD_posA_109_posB_077_posC_090_record_107_frame_04.png,D,107,4,8,1.09,0.77,0.9
FRS_setD_posA_109_posB_077_posC_090_record_107_frame_05.png,D,107,5,10,1.09,0.77,0.9
FRS_setD_posA_109_posB_077_posC_090_record_107_frame_06.png,D,107,6,12,1.09,0.77,0.9
FRS_setD_posA_109_posB_077_posC_090_record_107_frame_07.png,D,107,7,14,1.09,0.77,0.9
FRS_setD_posA_109_posB_077_posC_090_record_107_frame_08.png,D,107,8,16,1.09,0.77,0.9
FRS_setD_posA_109_posB_077_posC_090_record_107_frame_09.png,D,107,9,18,1.09,0.77,0.9
FRS_setD_posA_109_posB_077_posC_090_record_107_frame_10.png,D,107,10,20,1.09,0.77,0.9
FRS_setD_posA_109_posB_077_posC_090_record_107_frame_11.png,D,107,11,22,1.09,0.77,0.9
FRS_setD_posA_109_posB_077_posC_090_record_107_frame_12.png,D,107,12,24,1.09,0.77,0.9
FRS_setD_posA_109_posB_077_posC_090_record_107_frame_13.png,D,107,13,26,1.09,0.77,0.9
FRS_setD_posA_109_posB_077_posC_090_record_107_frame_14.png,D,107,14,28,1.09,0.77,0.9
FRS_setD_posA_109_posB_077_posC_090_record_107_frame_15.png,D,107,15,30,1.09,0.77,0.9
FRS_setD_posA_109_posB_077_posC_090_record_107_frame_16.png,D,107,16,32,1.09,0.77,0.9
FRS_setD_posA_109_posB_077_posC_090_record_107_frame_17.png,D,107,17,34,1.09,0.77,0.9
FRS_setD_posA_109_posB_077_posC_090_record_107_frame_18.png,D,107,18,36,1.09,0.77,0.9
FRS_setD_posA_109_posB_077_posC_090_record_107_frame_19.png,D,107,19,38,1.09,0.77,0.9
FRS_setD_posA_109_posB_078_posC_089_record_108_frame_00.png,D,108,0,0,1.09,0.78,0.89
FRS_setD_posA_109_posB_078_posC_089_record_108_frame_01.png,D,108,1,2,1.09,0.78,0.89
FRS_setD_posA_109_posB_078_posC_089_record_108_frame_02.png,D,108,2,4,1.09,0.78,0.89
FRS_setD_posA_109_posB_078_posC_089_record_108_frame_03.png,D,108,3,6,1.09,0.78,0.89
FRS_setD_posA_109_posB_078_posC_089_record_108_frame_04.png,D,108,4,8,1.09,0.78,0.89
FRS_setD_posA_109_posB_078_posC_089_record_108_frame_05.png,D,108,5,10,1.09,0.78,0.89
FRS_setD_posA_109_posB_078_posC_089_record_108_frame_06.png,D,108,6,12,1.09,0.78,0.89
FRS_setD_posA_109_posB_078_posC_089_record_108_frame_07.png,D,108,7,14,1.09,0.78,0.89
FRS_setD_posA_109_posB_078_posC_089_record_108_frame_08.png,D,108,8,16,1.09,0.78,0.89
FRS_setD_posA_109_posB_078_posC_089_record_108_frame_09.png,D,108,9,18,1.09,0.78,0.89
FRS_setD_posA_109_posB_078_posC_089_record_108_frame_10.png,D,108,10,20,1.09,0.78,0.89
FRS_setD_posA_109_posB_078_posC_089_record_108_frame_11.png,D,108,11,22,1.09,0.78,0.89
FRS_setD_posA_109_posB_078_posC_089_record_108_frame_12.png,D,108,12,24,1.09,0.78,0.89
FRS_setD_posA_109_posB_078_posC_089_record_108_frame_13.png,D,108,13,26,1.09,0.78,0.89
FRS_setD_posA_109_posB_078_posC_089_record_108_frame_14.png,D,108,14,28,1.09,0.78,0.89
FRS_setD_posA_109_posB_078_posC_089_record_108_frame_15.png,D,108,15,30,1.09,0.78,0.89
FRS_setD_posA_109_posB_078_posC_089_record_108_frame_16.png,D,108,16,32,1.09,0.78,0.89
FRS_setD_posA_109_posB_078_posC_089_record_108_frame_17.png,D,108,17,34,1.09,0.78,0.89
FRS_setD_posA_109_posB_078_posC_089_record_108_frame_18.png,D,108,18,36,1.09,0.78,0.89
FRS_setD_posA_109_posB_078_posC_089_record_108_frame_19.png,D,108,19,38,1.09,0.78,0.89
FRS_setD_posA_110_posB_079_posC_093_record_109_frame_00.png,D,109,0,0,1.1,0.79,0.93
FRS_setD_posA_110_posB_079_posC_093_record_109_frame_01.png,D,109,1,2,1.1,0.79,0.93
FRS_setD_posA_110_posB_079_posC_093_record_109_frame_02.png,D,109,2,4,1.1,0.79,0.93
FRS_setD_posA_110_posB_079_posC_093_record_109_frame_03.png,D,109,3,6,1.1,0.79,0.93
FRS_setD_posA_110_posB_079_posC_093_record_109_frame_04.png,D,109,4,8,1.1,0.79,0.93
FRS_setD_posA_110_posB_079_posC_093_record_109_frame_05.png,D,109,5,10,1.1,0.79,0.93
FRS_setD_posA_110_posB_079_posC_093_record_109_frame_06.png,D,109,6,12,1.1,0.79,0.93
FRS_setD_posA_110_posB_079_posC_093_record_109_frame_07.png,D,109,7,14,1.1,0.79,0.93
FRS_setD_posA_110_posB_079_posC_093_record_109_frame_08.png,D,109,8,16,1.1,0.79,0.93
FRS_setD_posA_110_posB_079_posC_093_record_109_frame_09.png,D,109,9,18,1.1,0.79,0.93
FRS_setD_posA_110_posB_079_posC_093_record_109_frame_10.png,D,109,10,20,1.1,0.79,0.93
FRS_setD_posA_110_posB_079_posC_093_record_109_frame_11.png,D,109,11,22,1.1,0.79,0.93
FRS_setD_posA_110_posB_079_posC_093_record_109_frame_12.png,D,109,12,24,1.1,0.79,0.93
FRS_setD_posA_110_posB_079_posC_093_record_109_frame_13.png,D,109,13,26,1.1,0.79,0.93
FRS_setD_posA_110_posB_079_posC_093_record_109_frame_14.png,D,109,14,28,1.1,0.79,0.93
FRS_setD_posA_110_posB_079_posC_093_record_109_frame_15.png,D,109,15,30,1.1,0.79,0.93
FRS_setD_posA_110_posB_079_posC_093_record_109_frame_16.png,D,109,16,32,1.1,0.79,0.93
FRS_setD_posA_110_posB_079_posC_093_record_109_frame_17.png,D,109,17,34,1.1,0.79,0.93
FRS_setD_posA_110_posB_079_posC_093_record_109_frame_18.png,D,109,18,36,1.1,0.79,0.93
FRS_setD_posA_110_posB_079_posC_093_record_109_frame_19.png,D,109,19,38,1.1,0.79,0.93
FRS_setD_posA_110_posB_079_posC_094_record_110_frame_00.png,D,110,0,0,1.1,0.79,0.94
FRS_setD_posA_110_posB_079_posC_094_record_110_frame_01.png,D,110,1,2,1.1,0.79,0.94
FRS_setD_posA_110_posB_079_posC_094_record_110_frame_02.png,D,110,2,4,1.1,0.79,0.94
FRS_setD_posA_110_posB_079_posC_094_record_110_frame_03.png,D,110,3,6,1.1,0.79,0.94
FRS_setD_posA_110_posB_079_posC_094_record_110_frame_04.png,D,110,4,8,1.1,0.79,0.94
FRS_setD_posA_110_posB_079_posC_094_record_110_frame_05.png,D,110,5,10,1.1,0.79,0.94
FRS_setD_posA_110_posB_079_posC_094_record_110_frame_06.png,D,110,6,12,1.1,0.79,0.94
FRS_setD_posA_110_posB_079_posC_094_record_110_frame_07.png,D,110,7,14,1.1,0.79,0.94
FRS_setD_posA_110_posB_079_posC_094_record_110_frame_08.png,D,110,8,16,1.1,0.79,0.94
FRS_setD_posA_110_posB_079_posC_094_record_110_frame_09.png,D,110,9,18,1.1,0.79,0.94
FRS_setD_posA_110_posB_079_posC_094_record_110_frame_10.png,D,110,10,20,1.1,0.79,0.94
FRS_setD_posA_110_posB_079_posC_094_record_110_frame_11.png,D,110,11,22,1.1,0.79,0.94
FRS_setD_posA_110_posB_079_posC_094_record_110_frame_12.png,D,110,12,24,1.1,0.79,0.94
FRS_setD_posA_110_posB_079_posC_094_record_110_frame_13.png,D,110,13,26,1.1,0.79,0.94
FRS_setD_posA_110_posB_079_posC_094_record_110_frame_14.png,D,110,14,28,1.1,0.79,0.94
FRS_setD_posA_110_posB_079_posC_094_record_110_frame_15.png,D,110,15,30,1.1,0.79,0.94
FRS_setD_posA_110_posB_079_posC_094_record_110_frame_16.png,D,110,16,32,1.1,0.79,0.94
FRS_setD_posA_110_posB_079_posC_094_record_110_frame_17.png,D,110,17,34,1.1,0.79,0.94
FRS_setD_posA_110_posB_079_posC_094_record_110_frame_18.png,D,110,18,36,1.1,0.79,0.94
FRS_setD_posA_110_posB_079_posC_094_record_110_frame_19.png,D,110,19,38,1.1,0.79,0.94
FRS_setD_posA_111_posB_080_posC_095_record_111_frame_00.png,D,111,0,0,1.11,0.8,0.95
FRS_setD_posA_111_posB_080_posC_095_record_111_frame_01.png,D,111,1,2,1.11,0.8,0.95
FRS_setD_posA_111_posB_080_posC_095_record_111_frame_02.png,D,111,2,4,1.11,0.8,0.95
FRS_setD_posA_111_posB_080_posC_095_record_111_frame_03.png,D,111,3,6,1.11,0.8,0.95
FRS_setD_posA_111_posB_080_posC_095_record_111_frame_04.png,D,111,4,8,1.11,0.8,0.95
FRS_setD_posA_111_posB_080_posC_095_record_111_frame_05.png,D,111,5,10,1.11,0.8,0.95
FRS_setD_posA_111_posB_080_posC_095_record_111_frame_06.png,D,111,6,12,1.11,0.8,0.95
FRS_setD_posA_111_posB_080_posC_095_record_111_frame_07.png,D,111,7,14,1.11,0.8,0.95
FRS_setD_posA_111_posB_080_posC_095_record_111_frame_08.png,D,111,8,16,1.11,0.8,0.95
FRS_setD_posA_111_posB_080_posC_095_record_111_frame_09.png,D,111,9,18,1.11,0.8,0.95
FRS_setD_posA_111_posB_080_posC_095_record_111_frame_10.png,D,111,10,20,1.11,0.8,0.95
FRS_setD_posA_111_posB_080_posC_095_record_111_frame_11.png,D,111,11,22,1.11,0.8,0.95
FRS_setD_posA_111_posB_080_posC_095_record_111_frame_12.png,D,111,12,24,1.11,0.8,0.95
FRS_setD_posA_111_posB_080_posC_095_record_111_frame_13.png,D,111,13,26,1.11,0.8,0.95
FRS_setD_posA_111_posB_080_posC_095_record_111_frame_14.png,D,111,14,28,1.11,0.8,0.95
FRS_setD_posA_111_posB_080_posC_095_record_111_frame_15.png,D,111,15,30,1.11,0.8,0.95
FRS_setD_posA_111_posB_080_posC_095_record_111_frame_16.png,D,111,16,32,1.11,0.8,0.95
FRS_setD_posA_111_posB_080_posC_095_record_111_frame_17.png,D,111,17,34,1.11,0.8,0.95
FRS_setD_posA_111_posB_080_posC_095_record_111_frame_18.png,D,111,18,36,1.11,0.8,0.95
FRS_setD_posA_111_posB_080_posC_095_record_111_frame_19.png,D,111,19,38,1.11,0.8,0.95
FRS_setD_posA_112_posB_081_posC_096_record_112_frame_00.png,D,112,0,0,1.12,0.81,0.96
FRS_setD_posA_112_posB_081_posC_096_record_112_frame_01.png,D,112,1,2,1.12,0.81,0.96
FRS_setD_posA_112_posB_081_posC_096_record_112_frame_02.png,D,112,2,4,1.12,0.81,0.96
FRS_setD_posA_112_posB_081_posC_096_record_112_frame_03.png,D,112,3,6,1.12,0.81,0.96
FRS_setD_posA_112_posB_081_posC_096_record_112_frame_04.png,D,112,4,8,1.12,0.81,0.96
FRS_setD_posA_112_posB_081_posC_096_record_112_frame_05.png,D,112,5,10,1.12,0.81,0.96
FRS_setD_posA_112_posB_081_posC_096_record_112_frame_06.png,D,112,6,12,1.12,0.81,0.96
FRS_setD_posA_112_posB_081_posC_096_record_112_frame_07.png,D,112,7,14,1.12,0.81,0.96
FRS_setD_posA_112_posB_081_posC_096_record_112_frame_08.png,D,112,8,16,1.12,0.81,0.96
FRS_setD_posA_112_posB_081_posC_096_record_112_frame_09.png,D,112,9,18,1.12,0.81,0.96
FRS_setD_posA_112_posB_081_posC_096_record_112_frame_10.png,D,112,10,20,1.12,0.81,0.96
FRS_setD_posA_112_posB_081_posC_096_record_112_frame_11.png,D,112,11,22,1.12,0.81,0.96
FRS_setD_posA_112_posB_081_posC_096_record_112_frame_12.png,D,112,12,24,1.12,0.81,0.96
FRS_setD_posA_112_posB_081_posC_096_record_112_frame_13.png,D,112,13,26,1.12,0.81,0.96
FRS_setD_posA_112_posB_081_posC_096_record_112_frame_14.png,D,112,14,28,1.12,0.81,0.96
FRS_setD_posA_112_posB_081_posC_096_record_112_frame_15.png,D,112,15,30,1.12,0.81,0.96
FRS_setD_posA_112_posB_081_posC_096_record_112_frame_16.png,D,112,16,32,1.12,0.81,0.96
FRS_setD_posA_112_posB_081_posC_096_record_112_frame_17.png,D,112,17,34,1.12,0.81,0.96
FRS_setD_posA_112_posB_081_posC_096_record_112_frame_18.png,D,112,18,36,1.12,0.81,0.96
FRS_setD_posA_112_posB_081_posC_096_record_112_frame_19.png,D,112,19,38,1.12,0.81,0.96
FRS_setD_posA_113_posB_079_posC_097_record_113_frame_00.png,D,113,0,0,1.13,0.79,0.97
FRS_setD_posA_113_posB_079_posC_097_record_113_frame_01.png,D,113,1,2,1.13,0.79,0.97
FRS_setD_posA_113_posB_079_posC_097_record_113_frame_02.png,D,113,2,4,1.13,0.79,0.97
FRS_setD_posA_113_posB_079_posC_097_record_113_frame_03.png,D,113,3,6,1.13,0.79,0.97
FRS_setD_posA_113_posB_079_posC_097_record_113_frame_04.png,D,113,4,8,1.13,0.79,0.97
FRS_setD_posA_113_posB_079_posC_097_record_113_frame_05.png,D,113,5,10,1.13,0.79,0.97
FRS_setD_posA_113_posB_079_posC_097_record_113_frame_06.png,D,113,6,12,1.13,0.79,0.97
FRS_setD_posA_113_posB_079_posC_097_record_113_frame_07.png,D,113,7,14,1.13,0.79,0.97
FRS_setD_posA_113_posB_079_posC_097_record_113_frame_08.png,D,113,8,16,1.13,0.79,0.97
FRS_setD_posA_113_posB_079_posC_097_record_113_frame_09.png,D,113,9,18,1.13,0.79,0.97
FRS_setD_posA_113_posB_079_posC_097_record_113_frame_10.png,D,113,10,20,1.13,0.79,0.97
FRS_setD_posA_113_posB_079_posC_097_record_113_frame_11.png,D,113,11,22,1.13,0.79,0.97
FRS_setD_posA_113_posB_079_posC_097_record_113_frame_12.png,D,113,12,24,1.13,0.79,0.97
FRS_setD_posA_113_posB_079_posC_097_record_113_frame_13.png,D,113,13,26,1.13,0.79,0.97
FRS_setD_posA_113_posB_079_posC_097_record_113_frame_14.png,D,113,14,28,1.13,0.79,0.97
FRS_setD_posA_113_posB_079_posC_097_record_113_frame_15.png,D,113,15,30,1.13,0.79,0.97
FRS_setD_posA_113_posB_079_posC_097_record_113_frame_16.png,D,113,16,32,1.13,0.79,0.97
FRS_setD_posA_113_posB_079_posC_097_record_113_frame_17.png,D,113,17,34,1.13,0.79,0.97
FRS_setD_posA_113_posB_079_posC_097_record_113_frame_18.png,D,113,18,36,1.13,0.79,0.97
FRS_setD_posA_113_posB_079_posC_097_record_113_frame_19.png,D,113,19,38,1.13,0.79,0.97
FRS_setD_posA_113_posB_081_posC_099_record_114_frame_00.png,D,114,0,0,1.13,0.81,0.99
FRS_setD_posA_113_posB_081_posC_099_record_114_frame_01.png,D,114,1,2,1.13,0.81,0.99
FRS_setD_posA_113_posB_081_posC_099_record_114_frame_02.png,D,114,2,4,1.13,0.81,0.99
FRS_setD_posA_113_posB_081_posC_099_record_114_frame_03.png,D,114,3,6,1.13,0.81,0.99
FRS_setD_posA_113_posB_081_posC_099_record_114_frame_04.png,D,114,4,8,1.13,0.81,0.99
FRS_setD_posA_113_posB_081_posC_099_record_114_frame_05.png,D,114,5,10,1.13,0.81,0.99
FRS_setD_posA_113_posB_081_posC_099_record_114_frame_06.png,D,114,6,12,1.13,0.81,0.99
FRS_setD_posA_113_posB_081_posC_099_record_114_frame_07.png,D,114,7,14,1.13,0.81,0.99
FRS_setD_posA_113_posB_081_posC_099_record_114_frame_08.png,D,114,8,16,1.13,0.81,0.99
FRS_setD_posA_113_posB_081_posC_099_record_114_frame_09.png,D,114,9,18,1.13,0.81,0.99
FRS_setD_posA_113_posB_081_posC_099_record_114_frame_10.png,D,114,10,20,1.13,0.81,0.99
FRS_setD_posA_113_posB_081_posC_099_record_114_frame_11.png,D,114,11,22,1.13,0.81,0.99
FRS_setD_posA_113_posB_081_posC_099_record_114_frame_12.png,D,114,12,24,1.13,0.81,0.99
FRS_setD_posA_113_posB_081_posC_099_record_114_frame_13.png,D,114,13,26,1.13,0.81,0.99
FRS_setD_posA_113_posB_081_posC_099_record_114_frame_14.png,D,114,14,28,1.13,0.81,0.99
FRS_setD_posA_113_posB_081_posC_099_record_114_frame_15.png,D,114,15,30,1.13,0.81,0.99
FRS_setD_posA_113_posB_081_posC_099_record_114_frame_16.png,D,114,16,32,1.13,0.81,0.99
FRS_setD_posA_113_posB_081_posC_099_record_114_frame_17.png,D,114,17,34,1.13,0.81,0.99
FRS_setD_posA_113_posB_081_posC_099_record_114_frame_18.png,D,114,18,36,1.13,0.81,0.99
FRS_setD_posA_113_posB_081_posC_099_record_114_frame_19.png,D,114,19,38,1.13,0.81,0.99
FRS_setD_posA_115_posB_082_posC_100_record_115_frame_00.png,D,115,0,0,1.15,0.82,1
FRS_setD_posA_115_posB_082_posC_100_record_115_frame_01.png,D,115,1,2,1.15,0.82,1
FRS_setD_posA_115_posB_082_posC_100_record_115_frame_02.png,D,115,2,4,1.15,0.82,1
FRS_setD_posA_115_posB_082_posC_100_record_115_frame_03.png,D,115,3,6,1.15,0.82,1
FRS_setD_posA_115_posB_082_posC_100_record_115_frame_04.png,D,115,4,8,1.15,0.82,1
FRS_setD_posA_115_posB_082_posC_100_record_115_frame_05.png,D,115,5,10,1.15,0.82,1
FRS_setD_posA_115_posB_082_posC_100_record_115_frame_06.png,D,115,6,12,1.15,0.82,1
FRS_setD_posA_115_posB_082_posC_100_record_115_frame_07.png,D,115,7,14,1.15,0.82,1
FRS_setD_posA_115_posB_082_posC_100_record_115_frame_08.png,D,115,8,16,1.15,0.82,1
FRS_setD_posA_115_posB_082_posC_100_record_115_frame_09.png,D,115,9,18,1.15,0.82,1
FRS_setD_posA_115_posB_082_posC_100_record_115_frame_10.png,D,115,10,20,1.15,0.82,1
FRS_setD_posA_115_posB_082_posC_100_record_115_frame_11.png,D,115,11,22,1.15,0.82,1
FRS_setD_posA_115_posB_082_posC_100_record_115_frame_12.png,D,115,12,24,1.15,0.82,1
FRS_setD_posA_115_posB_082_posC_100_record_115_frame_13.png,D,115,13,26,1.15,0.82,1
FRS_setD_posA_115_posB_082_posC_100_record_115_frame_14.png,D,115,14,28,1.15,0.82,1
FRS_setD_posA_115_posB_082_posC_100_record_115_frame_15.png,D,115,15,30,1.15,0.82,1
FRS_setD_posA_115_posB_082_posC_100_record_115_frame_16.png,D,115,16,32,1.15,0.82,1
FRS_setD_posA_115_posB_082_posC_100_record_115_frame_17.png,D,115,17,34,1.15,0.82,1
FRS_setD_posA_115_posB_082_posC_100_record_115_frame_18.png,D,115,18,36,1.15,0.82,1
FRS_setD_posA_115_posB_082_posC_100_record_115_frame_19.png,D,115,19,38,1.15,0.82,1
FRS_setD_posA_116_posB_082_posC_101_record_116_frame_00.png,D,116,0,0,1.16,0.82,1.01
FRS_setD_posA_116_posB_082_posC_101_record_116_frame_01.png,D,116,1,2,1.16,0.82,1.01
FRS_setD_posA_116_posB_082_posC_101_record_116_frame_02.png,D,116,2,4,1.16,0.82,1.01
FRS_setD_posA_116_posB_082_posC_101_record_116_frame_03.png,D,116,3,6,1.16,0.82,1.01
FRS_setD_posA_116_posB_082_posC_101_record_116_frame_04.png,D,116,4,8,1.16,0.82,1.01
FRS_setD_posA_116_posB_082_posC_101_record_116_frame_05.png,D,116,5,10,1.16,0.82,1.01
FRS_setD_posA_116_posB_082_posC_101_record_116_frame_06.png,D,116,6,12,1.16,0.82,1.01
FRS_setD_posA_116_posB_082_posC_101_record_116_frame_07.png,D,116,7,14,1.16,0.82,1.01
FRS_setD_posA_116_posB_082_posC_101_record_116_frame_08.png,D,116,8,16,1.16,0.82,1.01
FRS_setD_posA_116_posB_082_posC_101_record_116_frame_09.png,D,116,9,18,1.16,0.82,1.01
FRS_setD_posA_116_posB_082_posC_101_record_116_frame_10.png,D,116,10,20,1.16,0.82,1.01
FRS_setD_posA_116_posB_082_posC_101_record_116_frame_11.png,D,116,11,22,1.16,0.82,1.01
FRS_setD_posA_116_posB_082_posC_101_record_116_frame_12.png,D,116,12,24,1.16,0.82,1.01
FRS_setD_posA_116_posB_082_posC_101_record_116_frame_13.png,D,116,13,26,1.16,0.82,1.01
FRS_setD_posA_116_posB_082_posC_101_record_116_frame_14.png,D,116,14,28,1.16,0.82,1.01
FRS_setD_posA_116_posB_082_posC_101_record_116_frame_15.png,D,116,15,30,1.16,0.82,1.01
FRS_setD_posA_116_posB_082_posC_101_record_116_frame_16.png,D,116,16,32,1.16,0.82,1.01
FRS_setD_posA_116_posB_082_posC_101_record_116_frame_17.png,D,116,17,34,1.16,0.82,1.01
FRS_setD_posA_116_posB_082_posC_101_record_116_frame_18.png,D,116,18,36,1.16,0.82,1.01
FRS_setD_posA_116_posB_082_posC_101_record_116_frame_19.png,D,116,19,38,1.16,0.82,1.01
FRS_setD_posA_117_posB_083_posC_103_record_117_frame_00.png,D,117,0,0,1.17,0.83,1.03
FRS_setD_posA_117_posB_083_posC_103_record_117_frame_01.png,D,117,1,2,1.17,0.83,1.03
FRS_setD_posA_117_posB_083_posC_103_record_117_frame_02.png,D,117,2,4,1.17,0.83,1.03
FRS_setD_posA_117_posB_083_posC_103_record_117_frame_03.png,D,117,3,6,1.17,0.83,1.03
FRS_setD_posA_117_posB_083_posC_103_record_117_frame_04.png,D,117,4,8,1.17,0.83,1.03
FRS_setD_posA_117_posB_083_posC_103_record_117_frame_05.png,D,117,5,10,1.17,0.83,1.03
FRS_setD_posA_117_posB_083_posC_103_record_117_frame_06.png,D,117,6,12,1.17,0.83,1.03
FRS_setD_posA_117_posB_083_posC_103_record_117_frame_07.png,D,117,7,14,1.17,0.83,1.03
FRS_setD_posA_117_posB_083_posC_103_record_117_frame_08.png,D,117,8,16,1.17,0.83,1.03
FRS_setD_posA_117_posB_083_posC_103_record_117_frame_09.png,D,117,9,18,1.17,0.83,1.03
FRS_setD_posA_117_posB_083_posC_103_record_117_frame_10.png,D,117,10,20,1.17,0.83,1.03
FRS_setD_posA_117_posB_083_posC_103_record_117_frame_11.png,D,117,11,22,1.17,0.83,1.03
FRS_setD_posA_117_posB_083_posC_103_record_117_frame_12.png,D,117,12,24,1.17,0.83,1.03
FRS_setD_posA_117_posB_083_posC_103_record_117_frame_13.png,D,117,13,26,1.17,0.83,1.03
FRS_setD_posA_117_posB_083_posC_103_record_117_frame_14.png,D,117,14,28,1.17,0.83,1.03
FRS_setD_posA_117_posB_083_posC_103_record_117_frame_15.png,D,117,15,30,1.17,0.83,1.03
FRS_setD_posA_117_posB_083_posC_103_record_117_frame_16.png,D,117,16,32,1.17,0.83,1.03
FRS_setD_posA_117_posB_083_posC_103_record_117_frame_17.png,D,117,17,34,1.17,0.83,1.03
FRS_setD_posA_117_posB_083_posC_103_record_117_frame_18.png,D,117,18,36,1.17,0.83,1.03
FRS_setD_posA_117_posB_083_posC_103_record_117_frame_19.png,D,117,19,38,1.17,0.83,1.03
FRS_setD_posA_119_posB_084_posC_103_record_118_frame_00.png,D,118,0,0,1.19,0.84,1.03
FRS_setD_posA_119_posB_084_posC_103_record_118_frame_01.png,D,118,1,2,1.19,0.84,1.03
FRS_setD_posA_119_posB_084_posC_103_record_118_frame_02.png,D,118,2,4,1.19,0.84,1.03
FRS_setD_posA_119_posB_084_posC_103_record_118_frame_03.png,D,118,3,6,1.19,0.84,1.03
FRS_setD_posA_119_posB_084_posC_103_record_118_frame_04.png,D,118,4,8,1.19,0.84,1.03
FRS_setD_posA_119_posB_084_posC_103_record_118_frame_05.png,D,118,5,10,1.19,0.84,1.03
FRS_setD_posA_119_posB_084_posC_103_record_118_frame_06.png,D,118,6,12,1.19,0.84,1.03
FRS_setD_posA_119_posB_084_posC_103_record_118_frame_07.png,D,118,7,14,1.19,0.84,1.03
FRS_setD_posA_119_posB_084_posC_103_record_118_frame_08.png,D,118,8,16,1.19,0.84,1.03
FRS_setD_posA_119_posB_084_posC_103_record_118_frame_09.png,D,118,9,18,1.19,0.84,1.03
FRS_setD_posA_119_posB_084_posC_103_record_118_frame_10.png,D,118,10,20,1.19,0.84,1.03
FRS_setD_posA_119_posB_084_posC_103_record_118_frame_11.png,D,118,11,22,1.19,0.84,1.03
FRS_setD_posA_119_posB_084_posC_103_record_118_frame_12.png,D,118,12,24,1.19,0.84,1.03
FRS_setD_posA_119_posB_084_posC_103_record_118_frame_13.png,D,118,13,26,1.19,0.84,1.03
FRS_setD_posA_119_posB_084_posC_103_record_118_frame_14.png,D,118,14,28,1.19,0.84,1.03
FRS_setD_posA_119_posB_084_posC_103_record_118_frame_15.png,D,118,15,30,1.19,0.84,1.03
FRS_setD_posA_119_posB_084_posC_103_record_118_frame_16.png,D,118,16,32,1.19,0.84,1.03
FRS_setD_posA_119_posB_084_posC_103_record_118_frame_17.png,D,118,17,34,1.19,0.84,1.03
FRS_setD_posA_119_posB_084_posC_103_record_118_frame_18.png,D,118,18,36,1.19,0.84,1.03
FRS_setD_posA_119_posB_084_posC_103_record_118_frame_19.png,D,118,19,38,1.19,0.84,1.03
FRS_setD_posA_119_posB_084_posC_104_record_119_frame_00.png,D,119,0,0,1.19,0.84,1.04
FRS_setD_posA_119_posB_084_posC_104_record_119_frame_01.png,D,119,1,2,1.19,0.84,1.04
FRS_setD_posA_119_posB_084_posC_104_record_119_frame_02.png,D,119,2,4,1.19,0.84,1.04
FRS_setD_posA_119_posB_084_posC_104_record_119_frame_03.png,D,119,3,6,1.19,0.84,1.04
FRS_setD_posA_119_posB_084_posC_104_record_119_frame_04.png,D,119,4,8,1.19,0.84,1.04
FRS_setD_posA_119_posB_084_posC_104_record_119_frame_05.png,D,119,5,10,1.19,0.84,1.04
FRS_setD_posA_119_posB_084_posC_104_record_119_frame_06.png,D,119,6,12,1.19,0.84,1.04
FRS_setD_posA_119_posB_084_posC_104_record_119_frame_07.png,D,119,7,14,1.19,0.84,1.04
FRS_setD_posA_119_posB_084_posC_104_record_119_frame_08.png,D,119,8,16,1.19,0.84,1.04
FRS_setD_posA_119_posB_084_posC_104_record_119_frame_09.png,D,119,9,18,1.19,0.84,1.04
FRS_setD_posA_119_posB_084_posC_104_record_119_frame_10.png,D,119,10,20,1.19,0.84,1.04
FRS_setD_posA_119_posB_084_posC_104_record_119_frame_11.png,D,119,11,22,1.19,0.84,1.04
FRS_setD_posA_119_posB_084_posC_104_record_119_frame_12.png,D,119,12,24,1.19,0.84,1.04
FRS_setD_posA_119_posB_084_posC_104_record_119_frame_13.png,D,119,13,26,1.19,0.84,1.04
FRS_setD_posA_119_posB_084_posC_104_record_119_frame_14.png,D,119,14,28,1.19,0.84,1.04
FRS_setD_posA_119_posB_084_posC_104_record_119_frame_15.png,D,119,15,30,1.19,0.84,1.04
FRS_setD_posA_119_posB_084_posC_104_record_119_frame_16.png,D,119,16,32,1.19,0.84,1.04
FRS_setD_posA_119_posB_084_posC_104_record_119_frame_17.png,D,119,17,34,1.19,0.84,1.04
FRS_setD_posA_119_posB_084_posC_104_record_119_frame_18.png,D,119,18,36,1.19,0.84,1.04
FRS_setD_posA_119_posB_084_posC_104_record_119_frame_19.png,D,119,19,38,1.19,0.84,1.04
FRS_setD_posA_120_posB_085_posC_106_record_120_frame_00.png,D,120,0,0,1.2,0.85,1.06
FRS_setD_posA_120_posB_085_posC_106_record_120_frame_01.png,D,120,1,2,1.2,0.85,1.06
FRS_setD_posA_120_posB_085_posC_106_record_120_frame_02.png,D,120,2,4,1.2,0.85,1.06
FRS_setD_posA_120_posB_085_posC_106_record_120_frame_03.png,D,120,3,6,1.2,0.85,1.06
FRS_setD_posA_120_posB_085_posC_106_record_120_frame_04.png,D,120,4,8,1.2,0.85,1.06
FRS_setD_posA_120_posB_085_posC_106_record_120_frame_05.png,D,120,5,10,1.2,0.85,1.06
FRS_setD_posA_120_posB_085_posC_106_record_120_frame_06.png,D,120,6,12,1.2,0.85,1.06
FRS_setD_posA_120_posB_085_posC_106_record_120_frame_07.png,D,120,7,14,1.2,0.85,1.06
FRS_setD_posA_120_posB_085_posC_106_record_120_frame_08.png,D,120,8,16,1.2,0.85,1.06
FRS_setD_posA_120_posB_085_posC_106_record_120_frame_09.png,D,120,9,18,1.2,0.85,1.06
FRS_setD_posA_120_posB_085_posC_106_record_120_frame_10.png,D,120,10,20,1.2,0.85,1.06
FRS_setD_posA_120_posB_085_posC_106_record_120_frame_11.png,D,120,11,22,1.2,0.85,1.06
FRS_setD_posA_120_posB_085_posC_106_record_120_frame_12.png,D,120,12,24,1.2,0.85,1.06
FRS_setD_posA_120_posB_085_posC_106_record_120_frame_13.png,D,120,13,26,1.2,0.85,1.06
FRS_setD_posA_120_posB_085_posC_106_record_120_frame_14.png,D,120,14,28,1.2,0.85,1.06
FRS_setD_posA_120_posB_085_posC_106_record_120_frame_15.png,D,120,15,30,1.2,0.85,1.06
FRS_setD_posA_120_posB_085_posC_106_record_120_frame_16.png,D,120,16,32,1.2,0.85,1.06
FRS_setD_posA_120_posB_085_posC_106_record_120_frame_17.png,D,120,17,34,1.2,0.85,1.06
FRS_setD_posA_120_posB_085_posC_106_record_120_frame_18.png,D,120,18,36,1.2,0.85,1.06
FRS_setD_posA_120_posB_085_posC_106_record_120_frame_19.png,D,120,19,38,1.2,0.85,1.06
FRS_setD_posA_120_posB_086_posC_109_record_121_frame_00.png,D,121,0,0,1.2,0.86,1.09
FRS_setD_posA_120_posB_086_posC_109_record_121_frame_01.png,D,121,1,2,1.2,0.86,1.09
FRS_setD_posA_120_posB_086_posC_109_record_121_frame_02.png,D,121,2,4,1.2,0.86,1.09
FRS_setD_posA_120_posB_086_posC_109_record_121_frame_03.png,D,121,3,6,1.2,0.86,1.09
FRS_setD_posA_120_posB_086_posC_109_record_121_frame_04.png,D,121,4,8,1.2,0.86,1.09
FRS_setD_posA_120_posB_086_posC_109_record_121_frame_05.png,D,121,5,10,1.2,0.86,1.09
FRS_setD_posA_120_posB_086_posC_109_record_121_frame_06.png,D,121,6,12,1.2,0.86,1.09
FRS_setD_posA_120_posB_086_posC_109_record_121_frame_07.png,D,121,7,14,1.2,0.86,1.09
FRS_setD_posA_120_posB_086_posC_109_record_121_frame_08.png,D,121,8,16,1.2,0.86,1.09
FRS_setD_posA_120_posB_086_posC_109_record_121_frame_09.png,D,121,9,18,1.2,0.86,1.09
FRS_setD_posA_120_posB_086_posC_109_record_121_frame_10.png,D,121,10,20,1.2,0.86,1.09
FRS_setD_posA_120_posB_086_posC_109_record_121_frame_11.png,D,121,11,22,1.2,0.86,1.09
FRS_setD_posA_120_posB_086_posC_109_record_121_frame_12.png,D,121,12,24,1.2,0.86,1.09
FRS_setD_posA_120_posB_086_posC_109_record_121_frame_13.png,D,121,13,26,1.2,0.86,1.09
FRS_setD_posA_120_posB_086_posC_109_record_121_frame_14.png,D,121,14,28,1.2,0.86,1.09
FRS_setD_posA_120_posB_086_posC_109_record_121_frame_15.png,D,121,15,30,1.2,0.86,1.09
FRS_setD_posA_120_posB_086_posC_109_record_121_frame_16.png,D,121,16,32,1.2,0.86,1.09
FRS_setD_posA_120_posB_086_posC_109_record_121_frame_17.png,D,121,17,34,1.2,0.86,1.09
FRS_setD_posA_120_posB_086_posC_109_record_121_frame_18.png,D,121,18,36,1.2,0.86,1.09
FRS_setD_posA_120_posB_086_posC_109_record_121_frame_19.png,D,121,19,38,1.2,0.86,1.09
FRS_setD_posA_122_posB_086_posC_107_record_122_frame_00.png,D,122,0,0,1.22,0.86,1.07
FRS_setD_posA_122_posB_086_posC_107_record_122_frame_01.png,D,122,1,2,1.22,0.86,1.07
FRS_setD_posA_122_posB_086_posC_107_record_122_frame_02.png,D,122,2,4,1.22,0.86,1.07
FRS_setD_posA_122_posB_086_posC_107_record_122_frame_03.png,D,122,3,6,1.22,0.86,1.07
FRS_setD_posA_122_posB_086_posC_107_record_122_frame_04.png,D,122,4,8,1.22,0.86,1.07
FRS_setD_posA_122_posB_086_posC_107_record_122_frame_05.png,D,122,5,10,1.22,0.86,1.07
FRS_setD_posA_122_posB_086_posC_107_record_122_frame_06.png,D,122,6,12,1.22,0.86,1.07
FRS_setD_posA_122_posB_086_posC_107_record_122_frame_07.png,D,122,7,14,1.22,0.86,1.07
FRS_setD_posA_122_posB_086_posC_107_record_122_frame_08.png,D,122,8,16,1.22,0.86,1.07
FRS_setD_posA_122_posB_086_posC_107_record_122_frame_09.png,D,122,9,18,1.22,0.86,1.07
FRS_setD_posA_122_posB_086_posC_107_record_122_frame_10.png,D,122,10,20,1.22,0.86,1.07
FRS_setD_posA_122_posB_086_posC_107_record_122_frame_11.png,D,122,11,22,1.22,0.86,1.07
FRS_setD_posA_122_posB_086_posC_107_record_122_frame_12.png,D,122,12,24,1.22,0.86,1.07
FRS_setD_posA_122_posB_086_posC_107_record_122_frame_13.png,D,122,13,26,1.22,0.86,1.07
FRS_setD_posA_122_posB_086_posC_107_record_122_frame_14.png,D,122,14,28,1.22,0.86,1.07
FRS_setD_posA_122_posB_086_posC_107_record_122_frame_15.png,D,122,15,30,1.22,0.86,1.07
FRS_setD_posA_122_posB_086_posC_107_record_122_frame_16.png,D,122,16,32,1.22,0.86,1.07
FRS_setD_posA_122_posB_086_posC_107_record_122_frame_17.png,D,122,17,34,1.22,0.86,1.07
FRS_setD_posA_122_posB_086_posC_107_record_122_frame_18.png,D,122,18,36,1.22,0.86,1.07
FRS_setD_posA_122_posB_086_posC_107_record_122_frame_19.png,D,122,19,38,1.22,0.86,1.07
FRS_setD_posA_123_posB_087_posC_109_record_123_frame_00.png,D,123,0,0,1.23,0.87,1.09
FRS_setD_posA_123_posB_087_posC_109_record_123_frame_01.png,D,123,1,2,1.23,0.87,1.09
FRS_setD_posA_123_posB_087_posC_109_record_123_frame_02.png,D,123,2,4,1.23,0.87,1.09
FRS_setD_posA_123_posB_087_posC_109_record_123_frame_03.png,D,123,3,6,1.23,0.87,1.09
FRS_setD_posA_123_posB_087_posC_109_record_123_frame_04.png,D,123,4,8,1.23,0.87,1.09
FRS_setD_posA_123_posB_087_posC_109_record_123_frame_05.png,D,123,5,10,1.23,0.87,1.09
FRS_setD_posA_123_posB_087_posC_109_record_123_frame_06.png,D,123,6,12,1.23,0.87,1.09
FRS_setD_posA_123_posB_087_posC_109_record_123_frame_07.png,D,123,7,14,1.23,0.87,1.09
FRS_setD_posA_123_posB_087_posC_109_record_123_frame_08.png,D,123,8,16,1.23,0.87,1.09
FRS_setD_posA_123_posB_087_posC_109_record_123_frame_09.png,D,123,9,18,1.23,0.87,1.09
FRS_setD_posA_123_posB_087_posC_109_record_123_frame_10.png,D,123,10,20,1.23,0.87,1.09
FRS_setD_posA_123_posB_087_posC_109_record_123_frame_11.png,D,123,11,22,1.23,0.87,1.09
FRS_setD_posA_123_posB_087_posC_109_record_123_frame_12.png,D,123,12,24,1.23,0.87,1.09
FRS_setD_posA_123_posB_087_posC_109_record_123_frame_13.png,D,123,13,26,1.23,0.87,1.09
FRS_setD_posA_123_posB_087_posC_109_record_123_frame_14.png,D,123,14,28,1.23,0.87,1.09
FRS_setD_posA_123_posB_087_posC_109_record_123_frame_15.png,D,123,15,30,1.23,0.87,1.09
FRS_setD_posA_123_posB_087_posC_109_record_123_frame_16.png,D,123,16,32,1.23,0.87,1.09
FRS_setD_posA_123_posB_087_posC_109_record_123_frame_17.png,D,123,17,34,1.23,0.87,1.09
FRS_setD_posA_123_posB_087_posC_109_record_123_frame_18.png,D,123,18,36,1.23,0.87,1.09
FRS_setD_posA_123_posB_087_posC_109_record_123_frame_19.png,D,123,19,38,1.23,0.87,1.09
FRS_setD_posA_125_posB_088_posC_109_record_124_frame_00.png,D,124,0,0,1.25,0.88,1.09
FRS_setD_posA_125_posB_088_posC_109_record_124_frame_01.png,D,124,1,2,1.25,0.88,1.09
FRS_setD_posA_125_posB_088_posC_109_record_124_frame_02.png,D,124,2,4,1.25,0.88,1.09
FRS_setD_posA_125_posB_088_posC_109_record_124_frame_03.png,D,124,3,6,1.25,0.88,1.09
FRS_setD_posA_125_posB_088_posC_109_record_124_frame_04.png,D,124,4,8,1.25,0.88,1.09
FRS_setD_posA_125_posB_088_posC_109_record_124_frame_05.png,D,124,5,10,1.25,0.88,1.09
FRS_setD_posA_125_posB_088_posC_109_record_124_frame_06.png,D,124,6,12,1.25,0.88,1.09
FRS_setD_posA_125_posB_088_posC_109_record_124_frame_07.png,D,124,7,14,1.25,0.88,1.09
FRS_setD_posA_125_posB_088_posC_109_record_124_frame_08.png,D,124,8,16,1.25,0.88,1.09
FRS_setD_posA_125_posB_088_posC_109_record_124_frame_09.png,D,124,9,18,1.25,0.88,1.09
FRS_setD_posA_125_posB_088_posC_109_record_124_frame_10.png,D,124,10,20,1.25,0.88,1.09
FRS_setD_posA_125_posB_088_posC_109_record_124_frame_11.png,D,124,11,22,1.25,0.88,1.09
FRS_setD_posA_125_posB_088_posC_109_record_124_frame_12.png,D,124,12,24,1.25,0.88,1.09
FRS_setD_posA_125_posB_088_posC_109_record_124_frame_13.png,D,124,13,26,1.25,0.88,1.09
FRS_setD_posA_125_posB_088_posC_109_record_124_frame_14.png,D,124,14,28,1.25,0.88,1.09
FRS_setD_posA_125_posB_088_posC_109_record_124_frame_15.png,D,124,15,30,1.25,0.88,1.09
FRS_setD_posA_125_posB_088_posC_109_record_124_frame_16.png,D,124,16,32,1.25,0.88,1.09
FRS_setD_posA_125_posB_088_posC_109_record_124_frame_17.png,D,124,17,34,1.25,0.88,1.09
FRS_setD_posA_125_posB_088_posC_109_record_124_frame_18.png,D,124,18,36,1.25,0.88,1.09
FRS_setD_posA_125_posB_088_posC_109_record_124_frame_19.png,D,124,19,38,1.25,0.88,1.09
FRS_setD_posA_125_posB_088_posC_112_record_125_frame_00.png,D,125,0,0,1.25,0.88,1.12
FRS_setD_posA_125_posB_088_posC_112_record_125_frame_01.png,D,125,1,2,1.25,0.88,1.12
FRS_setD_posA_125_posB_088_posC_112_record_125_frame_02.png,D,125,2,4,1.25,0.88,1.12
FRS_setD_posA_125_posB_088_posC_112_record_125_frame_03.png,D,125,3,6,1.25,0.88,1.12
FRS_setD_posA_125_posB_088_posC_112_record_125_frame_04.png,D,125,4,8,1.25,0.88,1.12
FRS_setD_posA_125_posB_088_posC_112_record_125_frame_05.png,D,125,5,10,1.25,0.88,1.12
FRS_setD_posA_125_posB_088_posC_112_record_125_frame_06.png,D,125,6,12,1.25,0.88,1.12
FRS_setD_posA_125_posB_088_posC_112_record_125_frame_07.png,D,125,7,14,1.25,0.88,1.12
FRS_setD_posA_125_posB_088_posC_112_record_125_frame_08.png,D,125,8,16,1.25,0.88,1.12
FRS_setD_posA_125_posB_088_posC_112_record_125_frame_09.png,D,125,9,18,1.25,0.88,1.12
FRS_setD_posA_125_posB_088_posC_112_record_125_frame_10.png,D,125,10,20,1.25,0.88,1.12
FRS_setD_posA_125_posB_088_posC_112_record_125_frame_11.png,D,125,11,22,1.25,0.88,1.12
FRS_setD_posA_125_posB_088_posC_112_record_125_frame_12.png,D,125,12,24,1.25,0.88,1.12
FRS_setD_posA_125_posB_088_posC_112_record_125_frame_13.png,D,125,13,26,1.25,0.88,1.12
FRS_setD_posA_125_posB_088_posC_112_record_125_frame_14.png,D,125,14,28,1.25,0.88,1.12
FRS_setD_posA_125_posB_088_posC_112_record_125_frame_15.png,D,125,15,30,1.25,0.88,1.12
FRS_setD_posA_125_posB_088_posC_112_record_125_frame_16.png,D,125,16,32,1.25,0.88,1.12
FRS_setD_posA_125_posB_088_posC_112_record_125_frame_17.png,D,125,17,34,1.25,0.88,1.12
FRS_setD_posA_125_posB_088_posC_112_record_125_frame_18.png,D,125,18,36,1.25,0.88,1.12
FRS_setD_posA_125_posB_088_posC_112_record_125_frame_19.png,D,125,19,38,1.25,0.88,1.12
FRS_setD_posA_126_posB_088_posC_112_record_126_frame_00.png,D,126,0,0,1.26,0.88,1.12
FRS_setD_posA_126_posB_088_posC_112_record_126_frame_01.png,D,126,1,2,1.26,0.88,1.12
FRS_setD_posA_126_posB_088_posC_112_record_126_frame_02.png,D,126,2,4,1.26,0.88,1.12
FRS_setD_posA_126_posB_088_posC_112_record_126_frame_03.png,D,126,3,6,1.26,0.88,1.12
FRS_setD_posA_126_posB_088_posC_112_record_126_frame_04.png,D,126,4,8,1.26,0.88,1.12
FRS_setD_posA_126_posB_088_posC_112_record_126_frame_05.png,D,126,5,10,1.26,0.88,1.12
FRS_setD_posA_126_posB_088_posC_112_record_126_frame_06.png,D,126,6,12,1.26,0.88,1.12
FRS_setD_posA_126_posB_088_posC_112_record_126_frame_07.png,D,126,7,14,1.26,0.88,1.12
FRS_setD_posA_126_posB_088_posC_112_record_126_frame_08.png,D,126,8,16,1.26,0.88,1.12
FRS_setD_posA_126_posB_088_posC_112_record_126_frame_09.png,D,126,9,18,1.26,0.88,1.12
FRS_setD_posA_126_posB_088_posC_112_record_126_frame_10.png,D,126,10,20,1.26,0.88,1.12
FRS_setD_posA_126_posB_088_posC_112_record_126_frame_11.png,D,126,11,22,1.26,0.88,1.12
FRS_setD_posA_126_posB_088_posC_112_record_126_frame_12.png,D,126,12,24,1.26,0.88,1.12
FRS_setD_posA_126_posB_088_posC_112_record_126_frame_13.png,D,126,13,26,1.26,0.88,1.12
FRS_setD_posA_126_posB_088_posC_112_record_126_frame_14.png,D,126,14,28,1.26,0.88,1.12
FRS_setD_posA_126_posB_088_posC_112_record_126_frame_15.png,D,126,15,30,1.26,0.88,1.12
FRS_setD_posA_126_posB_088_posC_112_record_126_frame_16.png,D,126,16,32,1.26,0.88,1.12
FRS_setD_posA_126_posB_088_posC_112_record_126_frame_17.png,D,126,17,34,1.26,0.88,1.12
FRS_setD_posA_126_posB_088_posC_112_record_126_frame_18.png,D,126,18,36,1.26,0.88,1.12
FRS_setD_posA_126_posB_088_posC_112_record_126_frame_19.png,D,126,19,38,1.26,0.88,1.12
FRS_setD_posA_126_posB_088_posC_113_record_127_frame_00.png,D,127,0,0,1.26,0.88,1.13
FRS_setD_posA_126_posB_088_posC_113_record_127_frame_01.png,D,127,1,2,1.26,0.88,1.13
FRS_setD_posA_126_posB_088_posC_113_record_127_frame_02.png,D,127,2,4,1.26,0.88,1.13
FRS_setD_posA_126_posB_088_posC_113_record_127_frame_03.png,D,127,3,6,1.26,0.88,1.13
FRS_setD_posA_126_posB_088_posC_113_record_127_frame_04.png,D,127,4,8,1.26,0.88,1.13
FRS_setD_posA_126_posB_088_posC_113_record_127_frame_05.png,D,127,5,10,1.26,0.88,1.13
FRS_setD_posA_126_posB_088_posC_113_record_127_frame_06.png,D,127,6,12,1.26,0.88,1.13
FRS_setD_posA_126_posB_088_posC_113_record_127_frame_07.png,D,127,7,14,1.26,0.88,1.13
FRS_setD_posA_126_posB_088_posC_113_record_127_frame_08.png,D,127,8,16,1.26,0.88,1.13
FRS_setD_posA_126_posB_088_posC_113_record_127_frame_09.png,D,127,9,18,1.26,0.88,1.13
FRS_setD_posA_126_posB_088_posC_113_record_127_frame_10.png,D,127,10,20,1.26,0.88,1.13
FRS_setD_posA_126_posB_088_posC_113_record_127_frame_11.png,D,127,11,22,1.26,0.88,1.13
FRS_setD_posA_126_posB_088_posC_113_record_127_frame_12.png,D,127,12,24,1.26,0.88,1.13
FRS_setD_posA_126_posB_088_posC_113_record_127_frame_13.png,D,127,13,26,1.26,0.88,1.13
FRS_setD_posA_126_posB_088_posC_113_record_127_frame_14.png,D,127,14,28,1.26,0.88,1.13
FRS_setD_posA_126_posB_088_posC_113_record_127_frame_15.png,D,127,15,30,1.26,0.88,1.13
FRS_setD_posA_126_posB_088_posC_113_record_127_frame_16.png,D,127,16,32,1.26,0.88,1.13
FRS_setD_posA_126_posB_088_posC_113_record_127_frame_17.png,D,127,17,34,1.26,0.88,1.13
FRS_setD_posA_126_posB_088_posC_113_record_127_frame_18.png,D,127,18,36,1.26,0.88,1.13
FRS_setD_posA_126_posB_088_posC_113_record_127_frame_19.png,D,127,19,38,1.26,0.88,1.13
FRS_setE_posA_026_posB_026_posC_030_record_001_frame_00.png,E,1,0,0,0.26,0.26,0.3
FRS_setE_posA_026_posB_026_posC_030_record_001_frame_01.png,E,1,1,2,0.26,0.26,0.3
FRS_setE_posA_026_posB_026_posC_030_record_001_frame_02.png,E,1,2,4,0.26,0.26,0.3
FRS_setE_posA_026_posB_026_posC_030_record_001_frame_03.png,E,1,3,6,0.26,0.26,0.3
FRS_setE_posA_026_posB_026_posC_030_record_001_frame_04.png,E,1,4,8,0.26,0.26,0.3
FRS_setE_posA_026_posB_026_posC_030_record_001_frame_05.png,E,1,5,10,0.26,0.26,0.3
FRS_setE_posA_026_posB_026_posC_030_record_001_frame_06.png,E,1,6,12,0.26,0.26,0.3
FRS_setE_posA_026_posB_026_posC_030_record_001_frame_07.png,E,1,7,14,0.26,0.26,0.3
FRS_setE_posA_026_posB_026_posC_030_record_001_frame_08.png,E,1,8,16,0.26,0.26,0.3
FRS_setE_posA_026_posB_026_posC_030_record_001_frame_09.png,E,1,9,18,0.26,0.26,0.3
FRS_setE_posA_026_posB_026_posC_030_record_001_frame_10.png,E,1,10,20,0.26,0.26,0.3
FRS_setE_posA_026_posB_026_posC_030_record_001_frame_11.png,E,1,11,22,0.26,0.26,0.3
FRS_setE_posA_026_posB_026_posC_030_record_001_frame_12.png,E,1,12,24,0.26,0.26,0.3
FRS_setE_posA_026_posB_026_posC_030_record_001_frame_13.png,E,1,13,26,0.26,0.26,0.3
FRS_setE_posA_026_posB_026_posC_030_record_001_frame_14.png,E,1,14,28,0.26,0.26,0.3
FRS_setE_posA_026_posB_026_posC_030_record_001_frame_15.png,E,1,15,30,0.26,0.26,0.3
FRS_setE_posA_026_posB_026_posC_030_record_001_frame_16.png,E,1,16,32,0.26,0.26,0.3
FRS_setE_posA_026_posB_026_posC_030_record_001_frame_17.png,E,1,17,34,0.26,0.26,0.3
FRS_setE_posA_026_posB_026_posC_030_record_001_frame_18.png,E,1,18,36,0.26,0.26,0.3
FRS_setE_posA_026_posB_026_posC_030_record_001_frame_19.png,E,1,19,38,0.26,0.26,0.3
FRS_setE_posA_026_posB_027_posC_030_record_002_frame_00.png,E,2,0,0,0.26,0.27,0.3
FRS_setE_posA_026_posB_027_posC_030_record_002_frame_01.png,E,2,1,2,0.26,0.27,0.3
FRS_setE_posA_026_posB_027_posC_030_record_002_frame_02.png,E,2,2,4,0.26,0.27,0.3
FRS_setE_posA_026_posB_027_posC_030_record_002_frame_03.png,E,2,3,6,0.26,0.27,0.3
FRS_setE_posA_026_posB_027_posC_030_record_002_frame_04.png,E,2,4,8,0.26,0.27,0.3
FRS_setE_posA_026_posB_027_posC_030_record_002_frame_05.png,E,2,5,10,0.26,0.27,0.3
FRS_setE_posA_026_posB_027_posC_030_record_002_frame_06.png,E,2,6,12,0.26,0.27,0.3
FRS_setE_posA_026_posB_027_posC_030_record_002_frame_07.png,E,2,7,14,0.26,0.27,0.3
FRS_setE_posA_026_posB_027_posC_030_record_002_frame_08.png,E,2,8,16,0.26,0.27,0.3
FRS_setE_posA_026_posB_027_posC_030_record_002_frame_09.png,E,2,9,18,0.26,0.27,0.3
FRS_setE_posA_026_posB_027_posC_030_record_002_frame_10.png,E,2,10,20,0.26,0.27,0.3
FRS_setE_posA_026_posB_027_posC_030_record_002_frame_11.png,E,2,11,22,0.26,0.27,0.3
FRS_setE_posA_026_posB_027_posC_030_record_002_frame_12.png,E,2,12,24,0.26,0.27,0.3
FRS_setE_posA_026_posB_027_posC_030_record_002_frame_13.png,E,2,13,26,0.26,0.27,0.3
FRS_setE_posA_026_posB_027_posC_030_record_002_frame_14.png,E,2,14,28,0.26,0.27,0.3
FRS_setE_posA_026_posB_027_posC_030_record_002_frame_15.png,E,2,15,30,0.26,0.27,0.3
FRS_setE_posA_026_posB_027_posC_030_record_002_frame_16.png,E,2,16,32,0.26,0.27,0.3
FRS_setE_posA_026_posB_027_posC_030_record_002_frame_17.png,E,2,17,34,0.26,0.27,0.3
FRS_setE_posA_026_posB_027_posC_030_record_002_frame_18.png,E,2,18,36,0.26,0.27,0.3
FRS_setE_posA_026_posB_027_posC_030_record_002_frame_19.png,E,2,19,38,0.26,0.27,0.3
FRS_setE_posA_027_posB_027_posC_030_record_003_frame_00.png,E,3,0,0,0.27,0.27,0.3
FRS_setE_posA_027_posB_027_posC_030_record_003_frame_01.png,E,3,1,2,0.27,0.27,0.3
FRS_setE_posA_027_posB_027_posC_030_record_003_frame_02.png,E,3,2,4,0.27,0.27,0.3
FRS_setE_posA_027_posB_027_posC_030_record_003_frame_03.png,E,3,3,6,0.27,0.27,0.3
FRS_setE_posA_027_posB_027_posC_030_record_003_frame_04.png,E,3,4,8,0.27,0.27,0.3
FRS_setE_posA_027_posB_027_posC_030_record_003_frame_05.png,E,3,5,10,0.27,0.27,0.3
FRS_setE_posA_027_posB_027_posC_030_record_003_frame_06.png,E,3,6,12,0.27,0.27,0.3
FRS_setE_posA_027_posB_027_posC_030_record_003_frame_07.png,E,3,7,14,0.27,0.27,0.3
FRS_setE_posA_027_posB_027_posC_030_record_003_frame_08.png,E,3,8,16,0.27,0.27,0.3
FRS_setE_posA_027_posB_027_posC_030_record_003_frame_09.png,E,3,9,18,0.27,0.27,0.3
FRS_setE_posA_027_posB_027_posC_030_record_003_frame_10.png,E,3,10,20,0.27,0.27,0.3
FRS_setE_posA_027_posB_027_posC_030_record_003_frame_11.png,E,3,11,22,0.27,0.27,0.3
FRS_setE_posA_027_posB_027_posC_030_record_003_frame_12.png,E,3,12,24,0.27,0.27,0.3
FRS_setE_posA_027_posB_027_posC_030_record_003_frame_13.png,E,3,13,26,0.27,0.27,0.3
FRS_setE_posA_027_posB_027_posC_030_record_003_frame_14.png,E,3,14,28,0.27,0.27,0.3
FRS_setE_posA_027_posB_027_posC_030_record_003_frame_15.png,E,3,15,30,0.27,0.27,0.3
FRS_setE_posA_027_posB_027_posC_030_record_003_frame_16.png,E,3,16,32,0.27,0.27,0.3
FRS_setE_posA_027_posB_027_posC_030_record_003_frame_17.png,E,3,17,34,0.27,0.27,0.3
FRS_setE_posA_027_posB_027_posC_030_record_003_frame_18.png,E,3,18,36,0.27,0.27,0.3
FRS_setE_posA_027_posB_027_posC_030_record_003_frame_19.png,E,3,19,38,0.27,0.27,0.3
FRS_setE_posA_027_posB_028_posC_030_record_004_frame_00.png,E,4,0,0,0.27,0.28,0.3
FRS_setE_posA_027_posB_028_posC_030_record_004_frame_01.png,E,4,1,2,0.27,0.28,0.3
FRS_setE_posA_027_posB_028_posC_030_record_004_frame_02.png,E,4,2,4,0.27,0.28,0.3
FRS_setE_posA_027_posB_028_posC_030_record_004_frame_03.png,E,4,3,6,0.27,0.28,0.3
FRS_setE_posA_027_posB_028_posC_030_record_004_frame_04.png,E,4,4,8,0.27,0.28,0.3
FRS_setE_posA_027_posB_028_posC_030_record_004_frame_05.png,E,4,5,10,0.27,0.28,0.3
FRS_setE_posA_027_posB_028_posC_030_record_004_frame_06.png,E,4,6,12,0.27,0.28,0.3
FRS_setE_posA_027_posB_028_posC_030_record_004_frame_07.png,E,4,7,14,0.27,0.28,0.3
FRS_setE_posA_027_posB_028_posC_030_record_004_frame_08.png,E,4,8,16,0.27,0.28,0.3
FRS_setE_posA_027_posB_028_posC_030_record_004_frame_09.png,E,4,9,18,0.27,0.28,0.3
FRS_setE_posA_027_posB_028_posC_030_record_004_frame_10.png,E,4,10,20,0.27,0.28,0.3
FRS_setE_posA_027_posB_028_posC_030_record_004_frame_11.png,E,4,11,22,0.27,0.28,0.3
FRS_setE_posA_027_posB_028_posC_030_record_004_frame_12.png,E,4,12,24,0.27,0.28,0.3
FRS_setE_posA_027_posB_028_posC_030_record_004_frame_13.png,E,4,13,26,0.27,0.28,0.3
FRS_setE_posA_027_posB_028_posC_030_record_004_frame_14.png,E,4,14,28,0.27,0.28,0.3
FRS_setE_posA_027_posB_028_posC_030_record_004_frame_15.png,E,4,15,30,0.27,0.28,0.3
FRS_setE_posA_027_posB_028_posC_030_record_004_frame_16.png,E,4,16,32,0.27,0.28,0.3
FRS_setE_posA_027_posB_028_posC_030_record_004_frame_17.png,E,4,17,34,0.27,0.28,0.3
FRS_setE_posA_027_posB_028_posC_030_record_004_frame_18.png,E,4,18,36,0.27,0.28,0.3
FRS_setE_posA_027_posB_028_posC_030_record_004_frame_19.png,E,4,19,38,0.27,0.28,0.3
FRS_setE_posA_028_posB_028_posC_030_record_005_frame_00.png,E,5,0,0,0.28,0.28,0.3
FRS_setE_posA_028_posB_028_posC_030_record_005_frame_01.png,E,5,1,2,0.28,0.28,0.3
FRS_setE_posA_028_posB_028_posC_030_record_005_frame_02.png,E,5,2,4,0.28,0.28,0.3
FRS_setE_posA_028_posB_028_posC_030_record_005_frame_03.png,E,5,3,6,0.28,0.28,0.3
FRS_setE_posA_028_posB_028_posC_030_record_005_frame_04.png,E,5,4,8,0.28,0.28,0.3
FRS_setE_posA_028_posB_028_posC_030_record_005_frame_05.png,E,5,5,10,0.28,0.28,0.3
FRS_setE_posA_028_posB_028_posC_030_record_005_frame_06.png,E,5,6,12,0.28,0.28,0.3
FRS_setE_posA_028_posB_028_posC_030_record_005_frame_07.png,E,5,7,14,0.28,0.28,0.3
FRS_setE_posA_028_posB_028_posC_030_record_005_frame_08.png,E,5,8,16,0.28,0.28,0.3
FRS_setE_posA_028_posB_028_posC_030_record_005_frame_09.png,E,5,9,18,0.28,0.28,0.3
FRS_setE_posA_028_posB_028_posC_030_record_005_frame_10.png,E,5,10,20,0.28,0.28,0.3
FRS_setE_posA_028_posB_028_posC_030_record_005_frame_11.png,E,5,11,22,0.28,0.28,0.3
FRS_setE_posA_028_posB_028_posC_030_record_005_frame_12.png,E,5,12,24,0.28,0.28,0.3
FRS_setE_posA_028_posB_028_posC_030_record_005_frame_13.png,E,5,13,26,0.28,0.28,0.3
FRS_setE_posA_028_posB_028_posC_030_record_005_frame_14.png,E,5,14,28,0.28,0.28,0.3
FRS_setE_posA_028_posB_028_posC_030_record_005_frame_15.png,E,5,15,30,0.28,0.28,0.3
FRS_setE_posA_028_posB_028_posC_030_record_005_frame_16.png,E,5,16,32,0.28,0.28,0.3
FRS_setE_posA_028_posB_028_posC_030_record_005_frame_17.png,E,5,17,34,0.28,0.28,0.3
FRS_setE_posA_028_posB_028_posC_030_record_005_frame_18.png,E,5,18,36,0.28,0.28,0.3
FRS_setE_posA_028_posB_028_posC_030_record_005_frame_19.png,E,5,19,38,0.28,0.28,0.3
FRS_setE_posA_028_posB_029_posC_030_record_006_frame_00.png,E,6,0,0,0.28,0.29,0.3
FRS_setE_posA_028_posB_029_posC_030_record_006_frame_01.png,E,6,1,2,0.28,0.29,0.3
FRS_setE_posA_028_posB_029_posC_030_record_006_frame_02.png,E,6,2,4,0.28,0.29,0.3
FRS_setE_posA_028_posB_029_posC_030_record_006_frame_03.png,E,6,3,6,0.28,0.29,0.3
FRS_setE_posA_028_posB_029_posC_030_record_006_frame_04.png,E,6,4,8,0.28,0.29,0.3
FRS_setE_posA_028_posB_029_posC_030_record_006_frame_05.png,E,6,5,10,0.28,0.29,0.3
FRS_setE_posA_028_posB_029_posC_030_record_006_frame_06.png,E,6,6,12,0.28,0.29,0.3
FRS_setE_posA_028_posB_029_posC_030_record_006_frame_07.png,E,6,7,14,0.28,0.29,0.3
FRS_setE_posA_028_posB_029_posC_030_record_006_frame_08.png,E,6,8,16,0.28,0.29,0.3
FRS_setE_posA_028_posB_029_posC_030_record_006_frame_09.png,E,6,9,18,0.28,0.29,0.3
FRS_setE_posA_028_posB_029_posC_030_record_006_frame_10.png,E,6,10,20,0.28,0.29,0.3
FRS_setE_posA_028_posB_029_posC_030_record_006_frame_11.png,E,6,11,22,0.28,0.29,0.3
FRS_setE_posA_028_posB_029_posC_030_record_006_frame_12.png,E,6,12,24,0.28,0.29,0.3
FRS_setE_posA_028_posB_029_posC_030_record_006_frame_13.png,E,6,13,26,0.28,0.29,0.3
FRS_setE_posA_028_posB_029_posC_030_record_006_frame_14.png,E,6,14,28,0.28,0.29,0.3
FRS_setE_posA_028_posB_029_posC_030_record_006_frame_15.png,E,6,15,30,0.28,0.29,0.3
FRS_setE_posA_028_posB_029_posC_030_record_006_frame_16.png,E,6,16,32,0.28,0.29,0.3
FRS_setE_posA_028_posB_029_posC_030_record_006_frame_17.png,E,6,17,34,0.28,0.29,0.3
FRS_setE_posA_028_posB_029_posC_030_record_006_frame_18.png,E,6,18,36,0.28,0.29,0.3
FRS_setE_posA_028_posB_029_posC_030_record_006_frame_19.png,E,6,19,38,0.28,0.29,0.3
FRS_setE_posA_029_posB_029_posC_030_record_007_frame_00.png,E,7,0,0,0.29,0.29,0.3
FRS_setE_posA_029_posB_029_posC_030_record_007_frame_01.png,E,7,1,2,0.29,0.29,0.3
FRS_setE_posA_029_posB_029_posC_030_record_007_frame_02.png,E,7,2,4,0.29,0.29,0.3
FRS_setE_posA_029_posB_029_posC_030_record_007_frame_03.png,E,7,3,6,0.29,0.29,0.3
FRS_setE_posA_029_posB_029_posC_030_record_007_frame_04.png,E,7,4,8,0.29,0.29,0.3
FRS_setE_posA_029_posB_029_posC_030_record_007_frame_05.png,E,7,5,10,0.29,0.29,0.3
FRS_setE_posA_029_posB_029_posC_030_record_007_frame_06.png,E,7,6,12,0.29,0.29,0.3
FRS_setE_posA_029_posB_029_posC_030_record_007_frame_07.png,E,7,7,14,0.29,0.29,0.3
FRS_setE_posA_029_posB_029_posC_030_record_007_frame_08.png,E,7,8,16,0.29,0.29,0.3
FRS_setE_posA_029_posB_029_posC_030_record_007_frame_09.png,E,7,9,18,0.29,0.29,0.3
FRS_setE_posA_029_posB_029_posC_030_record_007_frame_10.png,E,7,10,20,0.29,0.29,0.3
FRS_setE_posA_029_posB_029_posC_030_record_007_frame_11.png,E,7,11,22,0.29,0.29,0.3
FRS_setE_posA_029_posB_029_posC_030_record_007_frame_12.png,E,7,12,24,0.29,0.29,0.3
FRS_setE_posA_029_posB_029_posC_030_record_007_frame_13.png,E,7,13,26,0.29,0.29,0.3
FRS_setE_posA_029_posB_029_posC_030_record_007_frame_14.png,E,7,14,28,0.29,0.29,0.3
FRS_setE_posA_029_posB_029_posC_030_record_007_frame_15.png,E,7,15,30,0.29,0.29,0.3
FRS_setE_posA_029_posB_029_posC_030_record_007_frame_16.png,E,7,16,32,0.29,0.29,0.3
FRS_setE_posA_029_posB_029_posC_030_record_007_frame_17.png,E,7,17,34,0.29,0.29,0.3
FRS_setE_posA_029_posB_029_posC_030_record_007_frame_18.png,E,7,18,36,0.29,0.29,0.3
FRS_setE_posA_029_posB_029_posC_030_record_007_frame_19.png,E,7,19,38,0.29,0.29,0.3
FRS_setE_posA_030_posB_030_posC_031_record_008_frame_00.png,E,8,0,0,0.3,0.3,0.31
FRS_setE_posA_030_posB_030_posC_031_record_008_frame_01.png,E,8,1,2,0.3,0.3,0.31
FRS_setE_posA_030_posB_030_posC_031_record_008_frame_02.png,E,8,2,4,0.3,0.3,0.31
FRS_setE_posA_030_posB_030_posC_031_record_008_frame_03.png,E,8,3,6,0.3,0.3,0.31
FRS_setE_posA_030_posB_030_posC_031_record_008_frame_04.png,E,8,4,8,0.3,0.3,0.31
FRS_setE_posA_030_posB_030_posC_031_record_008_frame_05.png,E,8,5,10,0.3,0.3,0.31
FRS_setE_posA_030_posB_030_posC_031_record_008_frame_06.png,E,8,6,12,0.3,0.3,0.31
FRS_setE_posA_030_posB_030_posC_031_record_008_frame_07.png,E,8,7,14,0.3,0.3,0.31
FRS_setE_posA_030_posB_030_posC_031_record_008_frame_08.png,E,8,8,16,0.3,0.3,0.31
FRS_setE_posA_030_posB_030_posC_031_record_008_frame_09.png,E,8,9,18,0.3,0.3,0.31
FRS_setE_posA_030_posB_030_posC_031_record_008_frame_10.png,E,8,10,20,0.3,0.3,0.31
FRS_setE_posA_030_posB_030_posC_031_record_008_frame_11.png,E,8,11,22,0.3,0.3,0.31
FRS_setE_posA_030_posB_030_posC_031_record_008_frame_12.png,E,8,12,24,0.3,0.3,0.31
FRS_setE_posA_030_posB_030_posC_031_record_008_frame_13.png,E,8,13,26,0.3,0.3,0.31
FRS_setE_posA_030_posB_030_posC_031_record_008_frame_14.png,E,8,14,28,0.3,0.3,0.31
FRS_setE_posA_030_posB_030_posC_031_record_008_frame_15.png,E,8,15,30,0.3,0.3,0.31
FRS_setE_posA_030_posB_030_posC_031_record_008_frame_16.png,E,8,16,32,0.3,0.3,0.31
FRS_setE_posA_030_posB_030_posC_031_record_008_frame_17.png,E,8,17,34,0.3,0.3,0.31
FRS_setE_posA_030_posB_030_posC_031_record_008_frame_18.png,E,8,18,36,0.3,0.3,0.31
FRS_setE_posA_030_posB_030_posC_031_record_008_frame_19.png,E,8,19,38,0.3,0.3,0.31
FRS_setE_posA_030_posB_031_posC_031_record_009_frame_00.png,E,9,0,0,0.3,0.31,0.31
FRS_setE_posA_030_posB_031_posC_031_record_009_frame_01.png,E,9,1,2,0.3,0.31,0.31
FRS_setE_posA_030_posB_031_posC_031_record_009_frame_02.png,E,9,2,4,0.3,0.31,0.31
FRS_setE_posA_030_posB_031_posC_031_record_009_frame_03.png,E,9,3,6,0.3,0.31,0.31
FRS_setE_posA_030_posB_031_posC_031_record_009_frame_04.png,E,9,4,8,0.3,0.31,0.31
FRS_setE_posA_030_posB_031_posC_031_record_009_frame_05.png,E,9,5,10,0.3,0.31,0.31
FRS_setE_posA_030_posB_031_posC_031_record_009_frame_06.png,E,9,6,12,0.3,0.31,0.31
FRS_setE_posA_030_posB_031_posC_031_record_009_frame_07.png,E,9,7,14,0.3,0.31,0.31
FRS_setE_posA_030_posB_031_posC_031_record_009_frame_08.png,E,9,8,16,0.3,0.31,0.31
FRS_setE_posA_030_posB_031_posC_031_record_009_frame_09.png,E,9,9,18,0.3,0.31,0.31
FRS_setE_posA_030_posB_031_posC_031_record_009_frame_10.png,E,9,10,20,0.3,0.31,0.31
FRS_setE_posA_030_posB_031_posC_031_record_009_frame_11.png,E,9,11,22,0.3,0.31,0.31
FRS_setE_posA_030_posB_031_posC_031_record_009_frame_12.png,E,9,12,24,0.3,0.31,0.31
FRS_setE_posA_030_posB_031_posC_031_record_009_frame_13.png,E,9,13,26,0.3,0.31,0.31
FRS_setE_posA_030_posB_031_posC_031_record_009_frame_14.png,E,9,14,28,0.3,0.31,0.31
FRS_setE_posA_030_posB_031_posC_031_record_009_frame_15.png,E,9,15,30,0.3,0.31,0.31
FRS_setE_posA_030_posB_031_posC_031_record_009_frame_16.png,E,9,16,32,0.3,0.31,0.31
FRS_setE_posA_030_posB_031_posC_031_record_009_frame_17.png,E,9,17,34,0.3,0.31,0.31
FRS_setE_posA_030_posB_031_posC_031_record_009_frame_18.png,E,9,18,36,0.3,0.31,0.31
FRS_setE_posA_030_posB_031_posC_031_record_009_frame_19.png,E,9,19,38,0.3,0.31,0.31
FRS_setE_posA_031_posB_031_posC_031_record_010_frame_00.png,E,10,0,0,0.31,0.31,0.31
FRS_setE_posA_031_posB_031_posC_031_record_010_frame_01.png,E,10,1,2,0.31,0.31,0.31
FRS_setE_posA_031_posB_031_posC_031_record_010_frame_02.png,E,10,2,4,0.31,0.31,0.31
FRS_setE_posA_031_posB_031_posC_031_record_010_frame_03.png,E,10,3,6,0.31,0.31,0.31
FRS_setE_posA_031_posB_031_posC_031_record_010_frame_04.png,E,10,4,8,0.31,0.31,0.31
FRS_setE_posA_031_posB_031_posC_031_record_010_frame_05.png,E,10,5,10,0.31,0.31,0.31
FRS_setE_posA_031_posB_031_posC_031_record_010_frame_06.png,E,10,6,12,0.31,0.31,0.31
FRS_setE_posA_031_posB_031_posC_031_record_010_frame_07.png,E,10,7,14,0.31,0.31,0.31
FRS_setE_posA_031_posB_031_posC_031_record_010_frame_08.png,E,10,8,16,0.31,0.31,0.31
FRS_setE_posA_031_posB_031_posC_031_record_010_frame_09.png,E,10,9,18,0.31,0.31,0.31
FRS_setE_posA_031_posB_031_posC_031_record_010_frame_10.png,E,10,10,20,0.31,0.31,0.31
FRS_setE_posA_031_posB_031_posC_031_record_010_frame_11.png,E,10,11,22,0.31,0.31,0.31
FRS_setE_posA_031_posB_031_posC_031_record_010_frame_12.png,E,10,12,24,0.31,0.31,0.31
FRS_setE_posA_031_posB_031_posC_031_record_010_frame_13.png,E,10,13,26,0.31,0.31,0.31
FRS_setE_posA_031_posB_031_posC_031_record_010_frame_14.png,E,10,14,28,0.31,0.31,0.31
FRS_setE_posA_031_posB_031_posC_031_record_010_frame_15.png,E,10,15,30,0.31,0.31,0.31
FRS_setE_posA_031_posB_031_posC_031_record_010_frame_16.png,E,10,16,32,0.31,0.31,0.31
FRS_setE_posA_031_posB_031_posC_031_record_010_frame_17.png,E,10,17,34,0.31,0.31,0.31
FRS_setE_posA_031_posB_031_posC_031_record_010_frame_18.png,E,10,18,36,0.31,0.31,0.31
FRS_setE_posA_031_posB_031_posC_031_record_010_frame_19.png,E,10,19,38,0.31,0.31,0.31
FRS_setE_posA_031_posB_032_posC_031_record_011_frame_00.png,E,11,0,0,0.31,0.32,0.31
FRS_setE_posA_031_posB_032_posC_031_record_011_frame_01.png,E,11,1,2,0.31,0.32,0.31
FRS_setE_posA_031_posB_032_posC_031_record_011_frame_02.png,E,11,2,4,0.31,0.32,0.31
FRS_setE_posA_031_posB_032_posC_031_record_011_frame_03.png,E,11,3,6,0.31,0.32,0.31
FRS_setE_posA_031_posB_032_posC_031_record_011_frame_04.png,E,11,4,8,0.31,0.32,0.31
FRS_setE_posA_031_posB_032_posC_031_record_011_frame_05.png,E,11,5,10,0.31,0.32,0.31
FRS_setE_posA_031_posB_032_posC_031_record_011_frame_06.png,E,11,6,12,0.31,0.32,0.31
FRS_setE_posA_031_posB_032_posC_031_record_011_frame_07.png,E,11,7,14,0.31,0.32,0.31
FRS_setE_posA_031_posB_032_posC_031_record_011_frame_08.png,E,11,8,16,0.31,0.32,0.31
FRS_setE_posA_031_posB_032_posC_031_record_011_frame_09.png,E,11,9,18,0.31,0.32,0.31
FRS_setE_posA_031_posB_032_posC_031_record_011_frame_10.png,E,11,10,20,0.31,0.32,0.31
FRS_setE_posA_031_posB_032_posC_031_record_011_frame_11.png,E,11,11,22,0.31,0.32,0.31
FRS_setE_posA_031_posB_032_posC_031_record_011_frame_12.png,E,11,12,24,0.31,0.32,0.31
FRS_setE_posA_031_posB_032_posC_031_record_011_frame_13.png,E,11,13,26,0.31,0.32,0.31
FRS_setE_posA_031_posB_032_posC_031_record_011_frame_14.png,E,11,14,28,0.31,0.32,0.31
FRS_setE_posA_031_posB_032_posC_031_record_011_frame_15.png,E,11,15,30,0.31,0.32,0.31
FRS_setE_posA_031_posB_032_posC_031_record_011_frame_16.png,E,11,16,32,0.31,0.32,0.31
FRS_setE_posA_031_posB_032_posC_031_record_011_frame_17.png,E,11,17,34,0.31,0.32,0.31
FRS_setE_posA_031_posB_032_posC_031_record_011_frame_18.png,E,11,18,36,0.31,0.32,0.31
FRS_setE_posA_031_posB_032_posC_031_record_011_frame_19.png,E,11,19,38,0.31,0.32,0.31
FRS_setE_posA_032_posB_032_posC_031_record_012_frame_00.png,E,12,0,0,0.32,0.32,0.31
FRS_setE_posA_032_posB_032_posC_031_record_012_frame_01.png,E,12,1,2,0.32,0.32,0.31
FRS_setE_posA_032_posB_032_posC_031_record_012_frame_02.png,E,12,2,4,0.32,0.32,0.31
FRS_setE_posA_032_posB_032_posC_031_record_012_frame_03.png,E,12,3,6,0.32,0.32,0.31
FRS_setE_posA_032_posB_032_posC_031_record_012_frame_04.png,E,12,4,8,0.32,0.32,0.31
FRS_setE_posA_032_posB_032_posC_031_record_012_frame_05.png,E,12,5,10,0.32,0.32,0.31
FRS_setE_posA_032_posB_032_posC_031_record_012_frame_06.png,E,12,6,12,0.32,0.32,0.31
FRS_setE_posA_032_posB_032_posC_031_record_012_frame_07.png,E,12,7,14,0.32,0.32,0.31
FRS_setE_posA_032_posB_032_posC_031_record_012_frame_08.png,E,12,8,16,0.32,0.32,0.31
FRS_setE_posA_032_posB_032_posC_031_record_012_frame_09.png,E,12,9,18,0.32,0.32,0.31
FRS_setE_posA_032_posB_032_posC_031_record_012_frame_10.png,E,12,10,20,0.32,0.32,0.31
FRS_setE_posA_032_posB_032_posC_031_record_012_frame_11.png,E,12,11,22,0.32,0.32,0.31
FRS_setE_posA_032_posB_032_posC_031_record_012_frame_12.png,E,12,12,24,0.32,0.32,0.31
FRS_setE_posA_032_posB_032_posC_031_record_012_frame_13.png,E,12,13,26,0.32,0.32,0.31
FRS_setE_posA_032_posB_032_posC_031_record_012_frame_14.png,E,12,14,28,0.32,0.32,0.31
FRS_setE_posA_032_posB_032_posC_031_record_012_frame_15.png,E,12,15,30,0.32,0.32,0.31
FRS_setE_posA_032_posB_032_posC_031_record_012_frame_16.png,E,12,16,32,0.32,0.32,0.31
FRS_setE_posA_032_posB_032_posC_031_record_012_frame_17.png,E,12,17,34,0.32,0.32,0.31
FRS_setE_posA_032_posB_032_posC_031_record_012_frame_18.png,E,12,18,36,0.32,0.32,0.31
FRS_setE_posA_032_posB_032_posC_031_record_012_frame_19.png,E,12,19,38,0.32,0.32,0.31
FRS_setE_posA_032_posB_032_posC_032_record_013_frame_00.png,E,13,0,0,0.32,0.32,0.32
FRS_setE_posA_032_posB_032_posC_032_record_013_frame_01.png,E,13,1,2,0.32,0.32,0.32
FRS_setE_posA_032_posB_032_posC_032_record_013_frame_02.png,E,13,2,4,0.32,0.32,0.32
FRS_setE_posA_032_posB_032_posC_032_record_013_frame_03.png,E,13,3,6,0.32,0.32,0.32
FRS_setE_posA_032_posB_032_posC_032_record_013_frame_04.png,E,13,4,8,0.32,0.32,0.32
FRS_setE_posA_032_posB_032_posC_032_record_013_frame_05.png,E,13,5,10,0.32,0.32,0.32
FRS_setE_posA_032_posB_032_posC_032_record_013_frame_06.png,E,13,6,12,0.32,0.32,0.32
FRS_setE_posA_032_posB_032_posC_032_record_013_frame_07.png,E,13,7,14,0.32,0.32,0.32
FRS_setE_posA_032_posB_032_posC_032_record_013_frame_08.png,E,13,8,16,0.32,0.32,0.32
FRS_setE_posA_032_posB_032_posC_032_record_013_frame_09.png,E,13,9,18,0.32,0.32,0.32
FRS_setE_posA_032_posB_032_posC_032_record_013_frame_10.png,E,13,10,20,0.32,0.32,0.32
FRS_setE_posA_032_posB_032_posC_032_record_013_frame_11.png,E,13,11,22,0.32,0.32,0.32
FRS_setE_posA_032_posB_032_posC_032_record_013_frame_12.png,E,13,12,24,0.32,0.32,0.32
FRS_setE_posA_032_posB_032_posC_032_record_013_frame_13.png,E,13,13,26,0.32,0.32,0.32
FRS_setE_posA_032_posB_032_posC_032_record_013_frame_14.png,E,13,14,28,0.32,0.32,0.32
FRS_setE_posA_032_posB_032_posC_032_record_013_frame_15.png,E,13,15,30,0.32,0.32,0.32
FRS_setE_posA_032_posB_032_posC_032_record_013_frame_16.png,E,13,16,32,0.32,0.32,0.32
FRS_setE_posA_032_posB_032_posC_032_record_013_frame_17.png,E,13,17,34,0.32,0.32,0.32
FRS_setE_posA_032_posB_032_posC_032_record_013_frame_18.png,E,13,18,36,0.32,0.32,0.32
FRS_setE_posA_032_posB_032_posC_032_record_013_frame_19.png,E,13,19,38,0.32,0.32,0.32
FRS_setE_posA_032_posB_033_posC_032_record_014_frame_00.png,E,14,0,0,0.32,0.33,0.32
FRS_setE_posA_032_posB_033_posC_032_record_014_frame_01.png,E,14,1,2,0.32,0.33,0.32
FRS_setE_posA_032_posB_033_posC_032_record_014_frame_02.png,E,14,2,4,0.32,0.33,0.32
FRS_setE_posA_032_posB_033_posC_032_record_014_frame_03.png,E,14,3,6,0.32,0.33,0.32
FRS_setE_posA_032_posB_033_posC_032_record_014_frame_04.png,E,14,4,8,0.32,0.33,0.32
FRS_setE_posA_032_posB_033_posC_032_record_014_frame_05.png,E,14,5,10,0.32,0.33,0.32
FRS_setE_posA_032_posB_033_posC_032_record_014_frame_06.png,E,14,6,12,0.32,0.33,0.32
FRS_setE_posA_032_posB_033_posC_032_record_014_frame_07.png,E,14,7,14,0.32,0.33,0.32
FRS_setE_posA_032_posB_033_posC_032_record_014_frame_08.png,E,14,8,16,0.32,0.33,0.32
FRS_setE_posA_032_posB_033_posC_032_record_014_frame_09.png,E,14,9,18,0.32,0.33,0.32
FRS_setE_posA_032_posB_033_posC_032_record_014_frame_10.png,E,14,10,20,0.32,0.33,0.32
FRS_setE_posA_032_posB_033_posC_032_record_014_frame_11.png,E,14,11,22,0.32,0.33,0.32
FRS_setE_posA_032_posB_033_posC_032_record_014_frame_12.png,E,14,12,24,0.32,0.33,0.32
FRS_setE_posA_032_posB_033_posC_032_record_014_frame_13.png,E,14,13,26,0.32,0.33,0.32
FRS_setE_posA_032_posB_033_posC_032_record_014_frame_14.png,E,14,14,28,0.32,0.33,0.32
FRS_setE_posA_032_posB_033_posC_032_record_014_frame_15.png,E,14,15,30,0.32,0.33,0.32
FRS_setE_posA_032_posB_033_posC_032_record_014_frame_16.png,E,14,16,32,0.32,0.33,0.32
FRS_setE_posA_032_posB_033_posC_032_record_014_frame_17.png,E,14,17,34,0.32,0.33,0.32
FRS_setE_posA_032_posB_033_posC_032_record_014_frame_18.png,E,14,18,36,0.32,0.33,0.32
FRS_setE_posA_032_posB_033_posC_032_record_014_frame_19.png,E,14,19,38,0.32,0.33,0.32
FRS_setE_posA_033_posB_033_posC_032_record_015_frame_00.png,E,15,0,0,0.33,0.33,0.32
FRS_setE_posA_033_posB_033_posC_032_record_015_frame_01.png,E,15,1,2,0.33,0.33,0.32
FRS_setE_posA_033_posB_033_posC_032_record_015_frame_02.png,E,15,2,4,0.33,0.33,0.32
FRS_setE_posA_033_posB_033_posC_032_record_015_frame_03.png,E,15,3,6,0.33,0.33,0.32
FRS_setE_posA_033_posB_033_posC_032_record_015_frame_04.png,E,15,4,8,0.33,0.33,0.32
FRS_setE_posA_033_posB_033_posC_032_record_015_frame_05.png,E,15,5,10,0.33,0.33,0.32
FRS_setE_posA_033_posB_033_posC_032_record_015_frame_06.png,E,15,6,12,0.33,0.33,0.32
FRS_setE_posA_033_posB_033_posC_032_record_015_frame_07.png,E,15,7,14,0.33,0.33,0.32
FRS_setE_posA_033_posB_033_posC_032_record_015_frame_08.png,E,15,8,16,0.33,0.33,0.32
FRS_setE_posA_033_posB_033_posC_032_record_015_frame_09.png,E,15,9,18,0.33,0.33,0.32
FRS_setE_posA_033_posB_033_posC_032_record_015_frame_10.png,E,15,10,20,0.33,0.33,0.32
FRS_setE_posA_033_posB_033_posC_032_record_015_frame_11.png,E,15,11,22,0.33,0.33,0.32
FRS_setE_posA_033_posB_033_posC_032_record_015_frame_12.png,E,15,12,24,0.33,0.33,0.32
FRS_setE_posA_033_posB_033_posC_032_record_015_frame_13.png,E,15,13,26,0.33,0.33,0.32
FRS_setE_posA_033_posB_033_posC_032_record_015_frame_14.png,E,15,14,28,0.33,0.33,0.32
FRS_setE_posA_033_posB_033_posC_032_record_015_frame_15.png,E,15,15,30,0.33,0.33,0.32
FRS_setE_posA_033_posB_033_posC_032_record_015_frame_16.png,E,15,16,32,0.33,0.33,0.32
FRS_setE_posA_033_posB_033_posC_032_record_015_frame_17.png,E,15,17,34,0.33,0.33,0.32
FRS_setE_posA_033_posB_033_posC_032_record_015_frame_18.png,E,15,18,36,0.33,0.33,0.32
FRS_setE_posA_033_posB_033_posC_032_record_015_frame_19.png,E,15,19,38,0.33,0.33,0.32
FRS_setE_posA_033_posB_034_posC_032_record_016_frame_00.png,E,16,0,0,0.33,0.34,0.32
FRS_setE_posA_033_posB_034_posC_032_record_016_frame_01.png,E,16,1,2,0.33,0.34,0.32
FRS_setE_posA_033_posB_034_posC_032_record_016_frame_02.png,E,16,2,4,0.33,0.34,0.32
FRS_setE_posA_033_posB_034_posC_032_record_016_frame_03.png,E,16,3,6,0.33,0.34,0.32
FRS_setE_posA_033_posB_034_posC_032_record_016_frame_04.png,E,16,4,8,0.33,0.34,0.32
FRS_setE_posA_033_posB_034_posC_032_record_016_frame_05.png,E,16,5,10,0.33,0.34,0.32
FRS_setE_posA_033_posB_034_posC_032_record_016_frame_06.png,E,16,6,12,0.33,0.34,0.32
FRS_setE_posA_033_posB_034_posC_032_record_016_frame_07.png,E,16,7,14,0.33,0.34,0.32
FRS_setE_posA_033_posB_034_posC_032_record_016_frame_08.png,E,16,8,16,0.33,0.34,0.32
FRS_setE_posA_033_posB_034_posC_032_record_016_frame_09.png,E,16,9,18,0.33,0.34,0.32
FRS_setE_posA_033_posB_034_posC_032_record_016_frame_10.png,E,16,10,20,0.33,0.34,0.32
FRS_setE_posA_033_posB_034_posC_032_record_016_frame_11.png,E,16,11,22,0.33,0.34,0.32
FRS_setE_posA_033_posB_034_posC_032_record_016_frame_12.png,E,16,12,24,0.33,0.34,0.32
FRS_setE_posA_033_posB_034_posC_032_record_016_frame_13.png,E,16,13,26,0.33,0.34,0.32
FRS_setE_posA_033_posB_034_posC_032_record_016_frame_14.png,E,16,14,28,0.33,0.34,0.32
FRS_setE_posA_033_posB_034_posC_032_record_016_frame_15.png,E,16,15,30,0.33,0.34,0.32
FRS_setE_posA_033_posB_034_posC_032_record_016_frame_16.png,E,16,16,32,0.33,0.34,0.32
FRS_setE_posA_033_posB_034_posC_032_record_016_frame_17.png,E,16,17,34,0.33,0.34,0.32
FRS_setE_posA_033_posB_034_posC_032_record_016_frame_18.png,E,16,18,36,0.33,0.34,0.32
FRS_setE_posA_033_posB_034_posC_032_record_016_frame_19.png,E,16,19,38,0.33,0.34,0.32
FRS_setE_posA_034_posB_034_posC_033_record_017_frame_00.png,E,17,0,0,0.34,0.34,0.33
FRS_setE_posA_034_posB_034_posC_033_record_017_frame_01.png,E,17,1,2,0.34,0.34,0.33
FRS_setE_posA_034_posB_034_posC_033_record_017_frame_02.png,E,17,2,4,0.34,0.34,0.33
FRS_setE_posA_034_posB_034_posC_033_record_017_frame_03.png,E,17,3,6,0.34,0.34,0.33
FRS_setE_posA_034_posB_034_posC_033_record_017_frame_04.png,E,17,4,8,0.34,0.34,0.33
FRS_setE_posA_034_posB_034_posC_033_record_017_frame_05.png,E,17,5,10,0.34,0.34,0.33
FRS_setE_posA_034_posB_034_posC_033_record_017_frame_06.png,E,17,6,12,0.34,0.34,0.33
FRS_setE_posA_034_posB_034_posC_033_record_017_frame_07.png,E,17,7,14,0.34,0.34,0.33
FRS_setE_posA_034_posB_034_posC_033_record_017_frame_08.png,E,17,8,16,0.34,0.34,0.33
FRS_setE_posA_034_posB_034_posC_033_record_017_frame_09.png,E,17,9,18,0.34,0.34,0.33
FRS_setE_posA_034_posB_034_posC_033_record_017_frame_10.png,E,17,10,20,0.34,0.34,0.33
FRS_setE_posA_034_posB_034_posC_033_record_017_frame_11.png,E,17,11,22,0.34,0.34,0.33
FRS_setE_posA_034_posB_034_posC_033_record_017_frame_12.png,E,17,12,24,0.34,0.34,0.33
FRS_setE_posA_034_posB_034_posC_033_record_017_frame_13.png,E,17,13,26,0.34,0.34,0.33
FRS_setE_posA_034_posB_034_posC_033_record_017_frame_14.png,E,17,14,28,0.34,0.34,0.33
FRS_setE_posA_034_posB_034_posC_033_record_017_frame_15.png,E,17,15,30,0.34,0.34,0.33
FRS_setE_posA_034_posB_034_posC_033_record_017_frame_16.png,E,17,16,32,0.34,0.34,0.33
FRS_setE_posA_034_posB_034_posC_033_record_017_frame_17.png,E,17,17,34,0.34,0.34,0.33
FRS_setE_posA_034_posB_034_posC_033_record_017_frame_18.png,E,17,18,36,0.34,0.34,0.33
FRS_setE_posA_034_posB_034_posC_033_record_017_frame_19.png,E,17,19,38,0.34,0.34,0.33
FRS_setE_posA_034_posB_035_posC_033_record_018_frame_00.png,E,18,0,0,0.34,0.35,0.33
FRS_setE_posA_034_posB_035_posC_033_record_018_frame_01.png,E,18,1,2,0.34,0.35,0.33
FRS_setE_posA_034_posB_035_posC_033_record_018_frame_02.png,E,18,2,4,0.34,0.35,0.33
FRS_setE_posA_034_posB_035_posC_033_record_018_frame_03.png,E,18,3,6,0.34,0.35,0.33
FRS_setE_posA_034_posB_035_posC_033_record_018_frame_04.png,E,18,4,8,0.34,0.35,0.33
FRS_setE_posA_034_posB_035_posC_033_record_018_frame_05.png,E,18,5,10,0.34,0.35,0.33
FRS_setE_posA_034_posB_035_posC_033_record_018_frame_06.png,E,18,6,12,0.34,0.35,0.33
FRS_setE_posA_034_posB_035_posC_033_record_018_frame_07.png,E,18,7,14,0.34,0.35,0.33
FRS_setE_posA_034_posB_035_posC_033_record_018_frame_08.png,E,18,8,16,0.34,0.35,0.33
FRS_setE_posA_034_posB_035_posC_033_record_018_frame_09.png,E,18,9,18,0.34,0.35,0.33
FRS_setE_posA_034_posB_035_posC_033_record_018_frame_10.png,E,18,10,20,0.34,0.35,0.33
FRS_setE_posA_034_posB_035_posC_033_record_018_frame_11.png,E,18,11,22,0.34,0.35,0.33
FRS_setE_posA_034_posB_035_posC_033_record_018_frame_12.png,E,18,12,24,0.34,0.35,0.33
FRS_setE_posA_034_posB_035_posC_033_record_018_frame_13.png,E,18,13,26,0.34,0.35,0.33
FRS_setE_posA_034_posB_035_posC_033_record_018_frame_14.png,E,18,14,28,0.34,0.35,0.33
FRS_setE_posA_034_posB_035_posC_033_record_018_frame_15.png,E,18,15,30,0.34,0.35,0.33
FRS_setE_posA_034_posB_035_posC_033_record_018_frame_16.png,E,18,16,32,0.34,0.35,0.33
FRS_setE_posA_034_posB_035_posC_033_record_018_frame_17.png,E,18,17,34,0.34,0.35,0.33
FRS_setE_posA_034_posB_035_posC_033_record_018_frame_18.png,E,18,18,36,0.34,0.35,0.33
FRS_setE_posA_034_posB_035_posC_033_record_018_frame_19.png,E,18,19,38,0.34,0.35,0.33
FRS_setE_posA_035_posB_035_posC_034_record_019_frame_00.png,E,19,0,0,0.35,0.35,0.34
FRS_setE_posA_035_posB_035_posC_034_record_019_frame_01.png,E,19,1,2,0.35,0.35,0.34
FRS_setE_posA_035_posB_035_posC_034_record_019_frame_02.png,E,19,2,4,0.35,0.35,0.34
FRS_setE_posA_035_posB_035_posC_034_record_019_frame_03.png,E,19,3,6,0.35,0.35,0.34
FRS_setE_posA_035_posB_035_posC_034_record_019_frame_04.png,E,19,4,8,0.35,0.35,0.34
FRS_setE_posA_035_posB_035_posC_034_record_019_frame_05.png,E,19,5,10,0.35,0.35,0.34
FRS_setE_posA_035_posB_035_posC_034_record_019_frame_06.png,E,19,6,12,0.35,0.35,0.34
FRS_setE_posA_035_posB_035_posC_034_record_019_frame_07.png,E,19,7,14,0.35,0.35,0.34
FRS_setE_posA_035_posB_035_posC_034_record_019_frame_08.png,E,19,8,16,0.35,0.35,0.34
FRS_setE_posA_035_posB_035_posC_034_record_019_frame_09.png,E,19,9,18,0.35,0.35,0.34
FRS_setE_posA_035_posB_035_posC_034_record_019_frame_10.png,E,19,10,20,0.35,0.35,0.34
FRS_setE_posA_035_posB_035_posC_034_record_019_frame_11.png,E,19,11,22,0.35,0.35,0.34
FRS_setE_posA_035_posB_035_posC_034_record_019_frame_12.png,E,19,12,24,0.35,0.35,0.34
FRS_setE_posA_035_posB_035_posC_034_record_019_frame_13.png,E,19,13,26,0.35,0.35,0.34
FRS_setE_posA_035_posB_035_posC_034_record_019_frame_14.png,E,19,14,28,0.35,0.35,0.34
FRS_setE_posA_035_posB_035_posC_034_record_019_frame_15.png,E,19,15,30,0.35,0.35,0.34
FRS_setE_posA_035_posB_035_posC_034_record_019_frame_16.png,E,19,16,32,0.35,0.35,0.34
FRS_setE_posA_035_posB_035_posC_034_record_019_frame_17.png,E,19,17,34,0.35,0.35,0.34
FRS_setE_posA_035_posB_035_posC_034_record_019_frame_18.png,E,19,18,36,0.35,0.35,0.34
FRS_setE_posA_035_posB_035_posC_034_record_019_frame_19.png,E,19,19,38,0.35,0.35,0.34
FRS_setE_posA_035_posB_036_posC_034_record_020_frame_00.png,E,20,0,0,0.35,0.36,0.34
FRS_setE_posA_035_posB_036_posC_034_record_020_frame_01.png,E,20,1,2,0.35,0.36,0.34
FRS_setE_posA_035_posB_036_posC_034_record_020_frame_02.png,E,20,2,4,0.35,0.36,0.34
FRS_setE_posA_035_posB_036_posC_034_record_020_frame_03.png,E,20,3,6,0.35,0.36,0.34
FRS_setE_posA_035_posB_036_posC_034_record_020_frame_04.png,E,20,4,8,0.35,0.36,0.34
FRS_setE_posA_035_posB_036_posC_034_record_020_frame_05.png,E,20,5,10,0.35,0.36,0.34
FRS_setE_posA_035_posB_036_posC_034_record_020_frame_06.png,E,20,6,12,0.35,0.36,0.34
FRS_setE_posA_035_posB_036_posC_034_record_020_frame_07.png,E,20,7,14,0.35,0.36,0.34
FRS_setE_posA_035_posB_036_posC_034_record_020_frame_08.png,E,20,8,16,0.35,0.36,0.34
FRS_setE_posA_035_posB_036_posC_034_record_020_frame_09.png,E,20,9,18,0.35,0.36,0.34
FRS_setE_posA_035_posB_036_posC_034_record_020_frame_10.png,E,20,10,20,0.35,0.36,0.34
FRS_setE_posA_035_posB_036_posC_034_record_020_frame_11.png,E,20,11,22,0.35,0.36,0.34
FRS_setE_posA_035_posB_036_posC_034_record_020_frame_12.png,E,20,12,24,0.35,0.36,0.34
FRS_setE_posA_035_posB_036_posC_034_record_020_frame_13.png,E,20,13,26,0.35,0.36,0.34
FRS_setE_posA_035_posB_036_posC_034_record_020_frame_14.png,E,20,14,28,0.35,0.36,0.34
FRS_setE_posA_035_posB_036_posC_034_record_020_frame_15.png,E,20,15,30,0.35,0.36,0.34
FRS_setE_posA_035_posB_036_posC_034_record_020_frame_16.png,E,20,16,32,0.35,0.36,0.34
FRS_setE_posA_035_posB_036_posC_034_record_020_frame_17.png,E,20,17,34,0.35,0.36,0.34
FRS_setE_posA_035_posB_036_posC_034_record_020_frame_18.png,E,20,18,36,0.35,0.36,0.34
FRS_setE_posA_035_posB_036_posC_034_record_020_frame_19.png,E,20,19,38,0.35,0.36,0.34
FRS_setE_posA_036_posB_036_posC_034_record_021_frame_00.png,E,21,0,0,0.36,0.36,0.34
FRS_setE_posA_036_posB_036_posC_034_record_021_frame_01.png,E,21,1,2,0.36,0.36,0.34
FRS_setE_posA_036_posB_036_posC_034_record_021_frame_02.png,E,21,2,4,0.36,0.36,0.34
FRS_setE_posA_036_posB_036_posC_034_record_021_frame_03.png,E,21,3,6,0.36,0.36,0.34
FRS_setE_posA_036_posB_036_posC_034_record_021_frame_04.png,E,21,4,8,0.36,0.36,0.34
FRS_setE_posA_036_posB_036_posC_034_record_021_frame_05.png,E,21,5,10,0.36,0.36,0.34
FRS_setE_posA_036_posB_036_posC_034_record_021_frame_06.png,E,21,6,12,0.36,0.36,0.34
FRS_setE_posA_036_posB_036_posC_034_record_021_frame_07.png,E,21,7,14,0.36,0.36,0.34
FRS_setE_posA_036_posB_036_posC_034_record_021_frame_08.png,E,21,8,16,0.36,0.36,0.34
FRS_setE_posA_036_posB_036_posC_034_record_021_frame_09.png,E,21,9,18,0.36,0.36,0.34
FRS_setE_posA_036_posB_036_posC_034_record_021_frame_10.png,E,21,10,20,0.36,0.36,0.34
FRS_setE_posA_036_posB_036_posC_034_record_021_frame_11.png,E,21,11,22,0.36,0.36,0.34
FRS_setE_posA_036_posB_036_posC_034_record_021_frame_12.png,E,21,12,24,0.36,0.36,0.34
FRS_setE_posA_036_posB_036_posC_034_record_021_frame_13.png,E,21,13,26,0.36,0.36,0.34
FRS_setE_posA_036_posB_036_posC_034_record_021_frame_14.png,E,21,14,28,0.36,0.36,0.34
FRS_setE_posA_036_posB_036_posC_034_record_021_frame_15.png,E,21,15,30,0.36,0.36,0.34
FRS_setE_posA_036_posB_036_posC_034_record_021_frame_16.png,E,21,16,32,0.36,0.36,0.34
FRS_setE_posA_036_posB_036_posC_034_record_021_frame_17.png,E,21,17,34,0.36,0.36,0.34
FRS_setE_posA_036_posB_036_posC_034_record_021_frame_18.png,E,21,18,36,0.36,0.36,0.34
FRS_setE_posA_036_posB_036_posC_034_record_021_frame_19.png,E,21,19,38,0.36,0.36,0.34
FRS_setE_posA_036_posB_037_posC_035_record_022_frame_00.png,E,22,0,0,0.36,0.37,0.35
FRS_setE_posA_036_posB_037_posC_035_record_022_frame_01.png,E,22,1,2,0.36,0.37,0.35
FRS_setE_posA_036_posB_037_posC_035_record_022_frame_02.png,E,22,2,4,0.36,0.37,0.35
FRS_setE_posA_036_posB_037_posC_035_record_022_frame_03.png,E,22,3,6,0.36,0.37,0.35
FRS_setE_posA_036_posB_037_posC_035_record_022_frame_04.png,E,22,4,8,0.36,0.37,0.35
FRS_setE_posA_036_posB_037_posC_035_record_022_frame_05.png,E,22,5,10,0.36,0.37,0.35
FRS_setE_posA_036_posB_037_posC_035_record_022_frame_06.png,E,22,6,12,0.36,0.37,0.35
FRS_setE_posA_036_posB_037_posC_035_record_022_frame_07.png,E,22,7,14,0.36,0.37,0.35
FRS_setE_posA_036_posB_037_posC_035_record_022_frame_08.png,E,22,8,16,0.36,0.37,0.35
FRS_setE_posA_036_posB_037_posC_035_record_022_frame_09.png,E,22,9,18,0.36,0.37,0.35
FRS_setE_posA_036_posB_037_posC_035_record_022_frame_10.png,E,22,10,20,0.36,0.37,0.35
FRS_setE_posA_036_posB_037_posC_035_record_022_frame_11.png,E,22,11,22,0.36,0.37,0.35
FRS_setE_posA_036_posB_037_posC_035_record_022_frame_12.png,E,22,12,24,0.36,0.37,0.35
FRS_setE_posA_036_posB_037_posC_035_record_022_frame_13.png,E,22,13,26,0.36,0.37,0.35
FRS_setE_posA_036_posB_037_posC_035_record_022_frame_14.png,E,22,14,28,0.36,0.37,0.35
FRS_setE_posA_036_posB_037_posC_035_record_022_frame_15.png,E,22,15,30,0.36,0.37,0.35
FRS_setE_posA_036_posB_037_posC_035_record_022_frame_16.png,E,22,16,32,0.36,0.37,0.35
FRS_setE_posA_036_posB_037_posC_035_record_022_frame_17.png,E,22,17,34,0.36,0.37,0.35
FRS_setE_posA_036_posB_037_posC_035_record_022_frame_18.png,E,22,18,36,0.36,0.37,0.35
FRS_setE_posA_036_posB_037_posC_035_record_022_frame_19.png,E,22,19,38,0.36,0.37,0.35
FRS_setE_posA_037_posB_038_posC_035_record_023_frame_00.png,E,23,0,0,0.37,0.38,0.35
FRS_setE_posA_037_posB_038_posC_035_record_023_frame_01.png,E,23,1,2,0.37,0.38,0.35
FRS_setE_posA_037_posB_038_posC_035_record_023_frame_02.png,E,23,2,4,0.37,0.38,0.35
FRS_setE_posA_037_posB_038_posC_035_record_023_frame_03.png,E,23,3,6,0.37,0.38,0.35
FRS_setE_posA_037_posB_038_posC_035_record_023_frame_04.png,E,23,4,8,0.37,0.38,0.35
FRS_setE_posA_037_posB_038_posC_035_record_023_frame_05.png,E,23,5,10,0.37,0.38,0.35
FRS_setE_posA_037_posB_038_posC_035_record_023_frame_06.png,E,23,6,12,0.37,0.38,0.35
FRS_setE_posA_037_posB_038_posC_035_record_023_frame_07.png,E,23,7,14,0.37,0.38,0.35
FRS_setE_posA_037_posB_038_posC_035_record_023_frame_08.png,E,23,8,16,0.37,0.38,0.35
FRS_setE_posA_037_posB_038_posC_035_record_023_frame_09.png,E,23,9,18,0.37,0.38,0.35
FRS_setE_posA_037_posB_038_posC_035_record_023_frame_10.png,E,23,10,20,0.37,0.38,0.35
FRS_setE_posA_037_posB_038_posC_035_record_023_frame_11.png,E,23,11,22,0.37,0.38,0.35
FRS_setE_posA_037_posB_038_posC_035_record_023_frame_12.png,E,23,12,24,0.37,0.38,0.35
FRS_setE_posA_037_posB_038_posC_035_record_023_frame_13.png,E,23,13,26,0.37,0.38,0.35
FRS_setE_posA_037_posB_038_posC_035_record_023_frame_14.png,E,23,14,28,0.37,0.38,0.35
FRS_setE_posA_037_posB_038_posC_035_record_023_frame_15.png,E,23,15,30,0.37,0.38,0.35
FRS_setE_posA_037_posB_038_posC_035_record_023_frame_16.png,E,23,16,32,0.37,0.38,0.35
FRS_setE_posA_037_posB_038_posC_035_record_023_frame_17.png,E,23,17,34,0.37,0.38,0.35
FRS_setE_posA_037_posB_038_posC_035_record_023_frame_18.png,E,23,18,36,0.37,0.38,0.35
FRS_setE_posA_037_posB_038_posC_035_record_023_frame_19.png,E,23,19,38,0.37,0.38,0.35
FRS_setE_posA_037_posB_038_posC_036_record_024_frame_00.png,E,24,0,0,0.37,0.38,0.36
FRS_setE_posA_037_posB_038_posC_036_record_024_frame_01.png,E,24,1,2,0.37,0.38,0.36
FRS_setE_posA_037_posB_038_posC_036_record_024_frame_02.png,E,24,2,4,0.37,0.38,0.36
FRS_setE_posA_037_posB_038_posC_036_record_024_frame_03.png,E,24,3,6,0.37,0.38,0.36
FRS_setE_posA_037_posB_038_posC_036_record_024_frame_04.png,E,24,4,8,0.37,0.38,0.36
FRS_setE_posA_037_posB_038_posC_036_record_024_frame_05.png,E,24,5,10,0.37,0.38,0.36
FRS_setE_posA_037_posB_038_posC_036_record_024_frame_06.png,E,24,6,12,0.37,0.38,0.36
FRS_setE_posA_037_posB_038_posC_036_record_024_frame_07.png,E,24,7,14,0.37,0.38,0.36
FRS_setE_posA_037_posB_038_posC_036_record_024_frame_08.png,E,24,8,16,0.37,0.38,0.36
FRS_setE_posA_037_posB_038_posC_036_record_024_frame_09.png,E,24,9,18,0.37,0.38,0.36
FRS_setE_posA_037_posB_038_posC_036_record_024_frame_10.png,E,24,10,20,0.37,0.38,0.36
FRS_setE_posA_037_posB_038_posC_036_record_024_frame_11.png,E,24,11,22,0.37,0.38,0.36
FRS_setE_posA_037_posB_038_posC_036_record_024_frame_12.png,E,24,12,24,0.37,0.38,0.36
FRS_setE_posA_037_posB_038_posC_036_record_024_frame_13.png,E,24,13,26,0.37,0.38,0.36
FRS_setE_posA_037_posB_038_posC_036_record_024_frame_14.png,E,24,14,28,0.37,0.38,0.36
FRS_setE_posA_037_posB_038_posC_036_record_024_frame_15.png,E,24,15,30,0.37,0.38,0.36
FRS_setE_posA_037_posB_038_posC_036_record_024_frame_16.png,E,24,16,32,0.37,0.38,0.36
FRS_setE_posA_037_posB_038_posC_036_record_024_frame_17.png,E,24,17,34,0.37,0.38,0.36
FRS_setE_posA_037_posB_038_posC_036_record_024_frame_18.png,E,24,18,36,0.37,0.38,0.36
FRS_setE_posA_037_posB_038_posC_036_record_024_frame_19.png,E,24,19,38,0.37,0.38,0.36
FRS_setE_posA_038_posB_039_posC_036_record_025_frame_00.png,E,25,0,0,0.38,0.39,0.36
FRS_setE_posA_038_posB_039_posC_036_record_025_frame_01.png,E,25,1,2,0.38,0.39,0.36
FRS_setE_posA_038_posB_039_posC_036_record_025_frame_02.png,E,25,2,4,0.38,0.39,0.36
FRS_setE_posA_038_posB_039_posC_036_record_025_frame_03.png,E,25,3,6,0.38,0.39,0.36
FRS_setE_posA_038_posB_039_posC_036_record_025_frame_04.png,E,25,4,8,0.38,0.39,0.36
FRS_setE_posA_038_posB_039_posC_036_record_025_frame_05.png,E,25,5,10,0.38,0.39,0.36
FRS_setE_posA_038_posB_039_posC_036_record_025_frame_06.png,E,25,6,12,0.38,0.39,0.36
FRS_setE_posA_038_posB_039_posC_036_record_025_frame_07.png,E,25,7,14,0.38,0.39,0.36
FRS_setE_posA_038_posB_039_posC_036_record_025_frame_08.png,E,25,8,16,0.38,0.39,0.36
FRS_setE_posA_038_posB_039_posC_036_record_025_frame_09.png,E,25,9,18,0.38,0.39,0.36
FRS_setE_posA_038_posB_039_posC_036_record_025_frame_10.png,E,25,10,20,0.38,0.39,0.36
FRS_setE_posA_038_posB_039_posC_036_record_025_frame_11.png,E,25,11,22,0.38,0.39,0.36
FRS_setE_posA_038_posB_039_posC_036_record_025_frame_12.png,E,25,12,24,0.38,0.39,0.36
FRS_setE_posA_038_posB_039_posC_036_record_025_frame_13.png,E,25,13,26,0.38,0.39,0.36
FRS_setE_posA_038_posB_039_posC_036_record_025_frame_14.png,E,25,14,28,0.38,0.39,0.36
FRS_setE_posA_038_posB_039_posC_036_record_025_frame_15.png,E,25,15,30,0.38,0.39,0.36
FRS_setE_posA_038_posB_039_posC_036_record_025_frame_16.png,E,25,16,32,0.38,0.39,0.36
FRS_setE_posA_038_posB_039_posC_036_record_025_frame_17.png,E,25,17,34,0.38,0.39,0.36
FRS_setE_posA_038_posB_039_posC_036_record_025_frame_18.png,E,25,18,36,0.38,0.39,0.36
FRS_setE_posA_038_posB_039_posC_036_record_025_frame_19.png,E,25,19,38,0.38,0.39,0.36
FRS_setE_posA_038_posB_039_posC_037_record_026_frame_00.png,E,26,0,0,0.38,0.39,0.37
FRS_setE_posA_038_posB_039_posC_037_record_026_frame_01.png,E,26,1,2,0.38,0.39,0.37
FRS_setE_posA_038_posB_039_posC_037_record_026_frame_02.png,E,26,2,4,0.38,0.39,0.37
FRS_setE_posA_038_posB_039_posC_037_record_026_frame_03.png,E,26,3,6,0.38,0.39,0.37
FRS_setE_posA_038_posB_039_posC_037_record_026_frame_04.png,E,26,4,8,0.38,0.39,0.37
FRS_setE_posA_038_posB_039_posC_037_record_026_frame_05.png,E,26,5,10,0.38,0.39,0.37
FRS_setE_posA_038_posB_039_posC_037_record_026_frame_06.png,E,26,6,12,0.38,0.39,0.37
FRS_setE_posA_038_posB_039_posC_037_record_026_frame_07.png,E,26,7,14,0.38,0.39,0.37
FRS_setE_posA_038_posB_039_posC_037_record_026_frame_08.png,E,26,8,16,0.38,0.39,0.37
FRS_setE_posA_038_posB_039_posC_037_record_026_frame_09.png,E,26,9,18,0.38,0.39,0.37
FRS_setE_posA_038_posB_039_posC_037_record_026_frame_10.png,E,26,10,20,0.38,0.39,0.37
FRS_setE_posA_038_posB_039_posC_037_record_026_frame_11.png,E,26,11,22,0.38,0.39,0.37
FRS_setE_posA_038_posB_039_posC_037_record_026_frame_12.png,E,26,12,24,0.38,0.39,0.37
FRS_setE_posA_038_posB_039_posC_037_record_026_frame_13.png,E,26,13,26,0.38,0.39,0.37
FRS_setE_posA_038_posB_039_posC_037_record_026_frame_14.png,E,26,14,28,0.38,0.39,0.37
FRS_setE_posA_038_posB_039_posC_037_record_026_frame_15.png,E,26,15,30,0.38,0.39,0.37
FRS_setE_posA_038_posB_039_posC_037_record_026_frame_16.png,E,26,16,32,0.38,0.39,0.37
FRS_setE_posA_038_posB_039_posC_037_record_026_frame_17.png,E,26,17,34,0.38,0.39,0.37
FRS_setE_posA_038_posB_039_posC_037_record_026_frame_18.png,E,26,18,36,0.38,0.39,0.37
FRS_setE_posA_038_posB_039_posC_037_record_026_frame_19.png,E,26,19,38,0.38,0.39,0.37
FRS_setE_posA_039_posB_040_posC_037_record_027_frame_00.png,E,27,0,0,0.39,0.4,0.37
FRS_setE_posA_039_posB_040_posC_037_record_027_frame_01.png,E,27,1,2,0.39,0.4,0.37
FRS_setE_posA_039_posB_040_posC_037_record_027_frame_02.png,E,27,2,4,0.39,0.4,0.37
FRS_setE_posA_039_posB_040_posC_037_record_027_frame_03.png,E,27,3,6,0.39,0.4,0.37
FRS_setE_posA_039_posB_040_posC_037_record_027_frame_04.png,E,27,4,8,0.39,0.4,0.37
FRS_setE_posA_039_posB_040_posC_037_record_027_frame_05.png,E,27,5,10,0.39,0.4,0.37
FRS_setE_posA_039_posB_040_posC_037_record_027_frame_06.png,E,27,6,12,0.39,0.4,0.37
FRS_setE_posA_039_posB_040_posC_037_record_027_frame_07.png,E,27,7,14,0.39,0.4,0.37
FRS_setE_posA_039_posB_040_posC_037_record_027_frame_08.png,E,27,8,16,0.39,0.4,0.37
FRS_setE_posA_039_posB_040_posC_037_record_027_frame_09.png,E,27,9,18,0.39,0.4,0.37
FRS_setE_posA_039_posB_040_posC_037_record_027_frame_10.png,E,27,10,20,0.39,0.4,0.37
FRS_setE_posA_039_posB_040_posC_037_record_027_frame_11.png,E,27,11,22,0.39,0.4,0.37
FRS_setE_posA_039_posB_040_posC_037_record_027_frame_12.png,E,27,12,24,0.39,0.4,0.37
FRS_setE_posA_039_posB_040_posC_037_record_027_frame_13.png,E,27,13,26,0.39,0.4,0.37
FRS_setE_posA_039_posB_040_posC_037_record_027_frame_14.png,E,27,14,28,0.39,0.4,0.37
FRS_setE_posA_039_posB_040_posC_037_record_027_frame_15.png,E,27,15,30,0.39,0.4,0.37
FRS_setE_posA_039_posB_040_posC_037_record_027_frame_16.png,E,27,16,32,0.39,0.4,0.37
FRS_setE_posA_039_posB_040_posC_037_record_027_frame_17.png,E,27,17,34,0.39,0.4,0.37
FRS_setE_posA_039_posB_040_posC_037_record_027_frame_18.png,E,27,18,36,0.39,0.4,0.37
FRS_setE_posA_039_posB_040_posC_037_record_027_frame_19.png,E,27,19,38,0.39,0.4,0.37
FRS_setE_posA_040_posB_041_posC_038_record_028_frame_00.png,E,28,0,0,0.4,0.41,0.38
FRS_setE_posA_040_posB_041_posC_038_record_028_frame_01.png,E,28,1,2,0.4,0.41,0.38
FRS_setE_posA_040_posB_041_posC_038_record_028_frame_02.png,E,28,2,4,0.4,0.41,0.38
FRS_setE_posA_040_posB_041_posC_038_record_028_frame_03.png,E,28,3,6,0.4,0.41,0.38
FRS_setE_posA_040_posB_041_posC_038_record_028_frame_04.png,E,28,4,8,0.4,0.41,0.38
FRS_setE_posA_040_posB_041_posC_038_record_028_frame_05.png,E,28,5,10,0.4,0.41,0.38
FRS_setE_posA_040_posB_041_posC_038_record_028_frame_06.png,E,28,6,12,0.4,0.41,0.38
FRS_setE_posA_040_posB_041_posC_038_record_028_frame_07.png,E,28,7,14,0.4,0.41,0.38
FRS_setE_posA_040_posB_041_posC_038_record_028_frame_08.png,E,28,8,16,0.4,0.41,0.38
FRS_setE_posA_040_posB_041_posC_038_record_028_frame_09.png,E,28,9,18,0.4,0.41,0.38
FRS_setE_posA_040_posB_041_posC_038_record_028_frame_10.png,E,28,10,20,0.4,0.41,0.38
FRS_setE_posA_040_posB_041_posC_038_record_028_frame_11.png,E,28,11,22,0.4,0.41,0.38
FRS_setE_posA_040_posB_041_posC_038_record_028_frame_12.png,E,28,12,24,0.4,0.41,0.38
FRS_setE_posA_040_posB_041_posC_038_record_028_frame_13.png,E,28,13,26,0.4,0.41,0.38
FRS_setE_posA_040_posB_041_posC_038_record_028_frame_14.png,E,28,14,28,0.4,0.41,0.38
FRS_setE_posA_040_posB_041_posC_038_record_028_frame_15.png,E,28,15,30,0.4,0.41,0.38
FRS_setE_posA_040_posB_041_posC_038_record_028_frame_16.png,E,28,16,32,0.4,0.41,0.38
FRS_setE_posA_040_posB_041_posC_038_record_028_frame_17.png,E,28,17,34,0.4,0.41,0.38
FRS_setE_posA_040_posB_041_posC_038_record_028_frame_18.png,E,28,18,36,0.4,0.41,0.38
FRS_setE_posA_040_posB_041_posC_038_record_028_frame_19.png,E,28,19,38,0.4,0.41,0.38
FRS_setE_posA_040_posB_041_posC_039_record_029_frame_00.png,E,29,0,0,0.4,0.41,0.39
FRS_setE_posA_040_posB_041_posC_039_record_029_frame_01.png,E,29,1,2,0.4,0.41,0.39
FRS_setE_posA_040_posB_041_posC_039_record_029_frame_02.png,E,29,2,4,0.4,0.41,0.39
FRS_setE_posA_040_posB_041_posC_039_record_029_frame_03.png,E,29,3,6,0.4,0.41,0.39
FRS_setE_posA_040_posB_041_posC_039_record_029_frame_04.png,E,29,4,8,0.4,0.41,0.39
FRS_setE_posA_040_posB_041_posC_039_record_029_frame_05.png,E,29,5,10,0.4,0.41,0.39
FRS_setE_posA_040_posB_041_posC_039_record_029_frame_06.png,E,29,6,12,0.4,0.41,0.39
FRS_setE_posA_040_posB_041_posC_039_record_029_frame_07.png,E,29,7,14,0.4,0.41,0.39
FRS_setE_posA_040_posB_041_posC_039_record_029_frame_08.png,E,29,8,16,0.4,0.41,0.39
FRS_setE_posA_040_posB_041_posC_039_record_029_frame_09.png,E,29,9,18,0.4,0.41,0.39
FRS_setE_posA_040_posB_041_posC_039_record_029_frame_10.png,E,29,10,20,0.4,0.41,0.39
FRS_setE_posA_040_posB_041_posC_039_record_029_frame_11.png,E,29,11,22,0.4,0.41,0.39
FRS_setE_posA_040_posB_041_posC_039_record_029_frame_12.png,E,29,12,24,0.4,0.41,0.39
FRS_setE_posA_040_posB_041_posC_039_record_029_frame_13.png,E,29,13,26,0.4,0.41,0.39
FRS_setE_posA_040_posB_041_posC_039_record_029_frame_14.png,E,29,14,28,0.4,0.41,0.39
FRS_setE_posA_040_posB_041_posC_039_record_029_frame_15.png,E,29,15,30,0.4,0.41,0.39
FRS_setE_posA_040_posB_041_posC_039_record_029_frame_16.png,E,29,16,32,0.4,0.41,0.39
FRS_setE_posA_040_posB_041_posC_039_record_029_frame_17.png,E,29,17,34,0.4,0.41,0.39
FRS_setE_posA_040_posB_041_posC_039_record_029_frame_18.png,E,29,18,36,0.4,0.41,0.39
FRS_setE_posA_040_posB_041_posC_039_record_029_frame_19.png,E,29,19,38,0.4,0.41,0.39
FRS_setE_posA_041_posB_042_posC_039_record_030_frame_00.png,E,30,0,0,0.41,0.42,0.39
FRS_setE_posA_041_posB_042_posC_039_record_030_frame_01.png,E,30,1,2,0.41,0.42,0.39
FRS_setE_posA_041_posB_042_posC_039_record_030_frame_02.png,E,30,2,4,0.41,0.42,0.39
FRS_setE_posA_041_posB_042_posC_039_record_030_frame_03.png,E,30,3,6,0.41,0.42,0.39
FRS_setE_posA_041_posB_042_posC_039_record_030_frame_04.png,E,30,4,8,0.41,0.42,0.39
FRS_setE_posA_041_posB_042_posC_039_record_030_frame_05.png,E,30,5,10,0.41,0.42,0.39
FRS_setE_posA_041_posB_042_posC_039_record_030_frame_06.png,E,30,6,12,0.41,0.42,0.39
FRS_setE_posA_041_posB_042_posC_039_record_030_frame_07.png,E,30,7,14,0.41,0.42,0.39
FRS_setE_posA_041_posB_042_posC_039_record_030_frame_08.png,E,30,8,16,0.41,0.42,0.39
FRS_setE_posA_041_posB_042_posC_039_record_030_frame_09.png,E,30,9,18,0.41,0.42,0.39
FRS_setE_posA_041_posB_042_posC_039_record_030_frame_10.png,E,30,10,20,0.41,0.42,0.39
FRS_setE_posA_041_posB_042_posC_039_record_030_frame_11.png,E,30,11,22,0.41,0.42,0.39
FRS_setE_posA_041_posB_042_posC_039_record_030_frame_12.png,E,30,12,24,0.41,0.42,0.39
FRS_setE_posA_041_posB_042_posC_039_record_030_frame_13.png,E,30,13,26,0.41,0.42,0.39
FRS_setE_posA_041_posB_042_posC_039_record_030_frame_14.png,E,30,14,28,0.41,0.42,0.39
FRS_setE_posA_041_posB_042_posC_039_record_030_frame_15.png,E,30,15,30,0.41,0.42,0.39
FRS_setE_posA_041_posB_042_posC_039_record_030_frame_16.png,E,30,16,32,0.41,0.42,0.39
FRS_setE_posA_041_posB_042_posC_039_record_030_frame_17.png,E,30,17,34,0.41,0.42,0.39
FRS_setE_posA_041_posB_042_posC_039_record_030_frame_18.png,E,30,18,36,0.41,0.42,0.39
FRS_setE_posA_041_posB_042_posC_039_record_030_frame_19.png,E,30,19,38,0.41,0.42,0.39
FRS_setE_posA_042_posB_043_posC_039_record_031_frame_00.png,E,31,0,0,0.42,0.43,0.39
FRS_setE_posA_042_posB_043_posC_039_record_031_frame_01.png,E,31,1,2,0.42,0.43,0.39
FRS_setE_posA_042_posB_043_posC_039_record_031_frame_02.png,E,31,2,4,0.42,0.43,0.39
FRS_setE_posA_042_posB_043_posC_039_record_031_frame_03.png,E,31,3,6,0.42,0.43,0.39
FRS_setE_posA_042_posB_043_posC_039_record_031_frame_04.png,E,31,4,8,0.42,0.43,0.39
FRS_setE_posA_042_posB_043_posC_039_record_031_frame_05.png,E,31,5,10,0.42,0.43,0.39
FRS_setE_posA_042_posB_043_posC_039_record_031_frame_06.png,E,31,6,12,0.42,0.43,0.39
FRS_setE_posA_042_posB_043_posC_039_record_031_frame_07.png,E,31,7,14,0.42,0.43,0.39
FRS_setE_posA_042_posB_043_posC_039_record_031_frame_08.png,E,31,8,16,0.42,0.43,0.39
FRS_setE_posA_042_posB_043_posC_039_record_031_frame_09.png,E,31,9,18,0.42,0.43,0.39
FRS_setE_posA_042_posB_043_posC_039_record_031_frame_10.png,E,31,10,20,0.42,0.43,0.39
FRS_setE_posA_042_posB_043_posC_039_record_031_frame_11.png,E,31,11,22,0.42,0.43,0.39
FRS_setE_posA_042_posB_043_posC_039_record_031_frame_12.png,E,31,12,24,0.42,0.43,0.39
FRS_setE_posA_042_posB_043_posC_039_record_031_frame_13.png,E,31,13,26,0.42,0.43,0.39
FRS_setE_posA_042_posB_043_posC_039_record_031_frame_14.png,E,31,14,28,0.42,0.43,0.39
FRS_setE_posA_042_posB_043_posC_039_record_031_frame_15.png,E,31,15,30,0.42,0.43,0.39
FRS_setE_posA_042_posB_043_posC_039_record_031_frame_16.png,E,31,16,32,0.42,0.43,0.39
FRS_setE_posA_042_posB_043_posC_039_record_031_frame_17.png,E,31,17,34,0.42,0.43,0.39
FRS_setE_posA_042_posB_043_posC_039_record_031_frame_18.png,E,31,18,36,0.42,0.43,0.39
FRS_setE_posA_042_posB_043_posC_039_record_031_frame_19.png,E,31,19,38,0.42,0.43,0.39
FRS_setE_posA_042_posB_043_posC_040_record_032_frame_00.png,E,32,0,0,0.42,0.43,0.4
FRS_setE_posA_042_posB_043_posC_040_record_032_frame_01.png,E,32,1,2,0.42,0.43,0.4
FRS_setE_posA_042_posB_043_posC_040_record_032_frame_02.png,E,32,2,4,0.42,0.43,0.4
FRS_setE_posA_042_posB_043_posC_040_record_032_frame_03.png,E,32,3,6,0.42,0.43,0.4
FRS_setE_posA_042_posB_043_posC_040_record_032_frame_04.png,E,32,4,8,0.42,0.43,0.4
FRS_setE_posA_042_posB_043_posC_040_record_032_frame_05.png,E,32,5,10,0.42,0.43,0.4
FRS_setE_posA_042_posB_043_posC_040_record_032_frame_06.png,E,32,6,12,0.42,0.43,0.4
FRS_setE_posA_042_posB_043_posC_040_record_032_frame_07.png,E,32,7,14,0.42,0.43,0.4
FRS_setE_posA_042_posB_043_posC_040_record_032_frame_08.png,E,32,8,16,0.42,0.43,0.4
FRS_setE_posA_042_posB_043_posC_040_record_032_frame_09.png,E,32,9,18,0.42,0.43,0.4
FRS_setE_posA_042_posB_043_posC_040_record_032_frame_10.png,E,32,10,20,0.42,0.43,0.4
FRS_setE_posA_042_posB_043_posC_040_record_032_frame_11.png,E,32,11,22,0.42,0.43,0.4
FRS_setE_posA_042_posB_043_posC_040_record_032_frame_12.png,E,32,12,24,0.42,0.43,0.4
FRS_setE_posA_042_posB_043_posC_040_record_032_frame_13.png,E,32,13,26,0.42,0.43,0.4
FRS_setE_posA_042_posB_043_posC_040_record_032_frame_14.png,E,32,14,28,0.42,0.43,0.4
FRS_setE_posA_042_posB_043_posC_040_record_032_frame_15.png,E,32,15,30,0.42,0.43,0.4
FRS_setE_posA_042_posB_043_posC_040_record_032_frame_16.png,E,32,16,32,0.42,0.43,0.4
FRS_setE_posA_042_posB_043_posC_040_record_032_frame_17.png,E,32,17,34,0.42,0.43,0.4
FRS_setE_posA_042_posB_043_posC_040_record_032_frame_18.png,E,32,18,36,0.42,0.43,0.4
FRS_setE_posA_042_posB_043_posC_040_record_032_frame_19.png,E,32,19,38,0.42,0.43,0.4
FRS_setE_posA_042_posB_044_posC_040_record_033_frame_00.png,E,33,0,0,0.42,0.44,0.4
FRS_setE_posA_042_posB_044_posC_040_record_033_frame_01.png,E,33,1,2,0.42,0.44,0.4
FRS_setE_posA_042_posB_044_posC_040_record_033_frame_02.png,E,33,2,4,0.42,0.44,0.4
FRS_setE_posA_042_posB_044_posC_040_record_033_frame_03.png,E,33,3,6,0.42,0.44,0.4
FRS_setE_posA_042_posB_044_posC_040_record_033_frame_04.png,E,33,4,8,0.42,0.44,0.4
FRS_setE_posA_042_posB_044_posC_040_record_033_frame_05.png,E,33,5,10,0.42,0.44,0.4
FRS_setE_posA_042_posB_044_posC_040_record_033_frame_06.png,E,33,6,12,0.42,0.44,0.4
FRS_setE_posA_042_posB_044_posC_040_record_033_frame_07.png,E,33,7,14,0.42,0.44,0.4
FRS_setE_posA_042_posB_044_posC_040_record_033_frame_08.png,E,33,8,16,0.42,0.44,0.4
FRS_setE_posA_042_posB_044_posC_040_record_033_frame_09.png,E,33,9,18,0.42,0.44,0.4
FRS_setE_posA_042_posB_044_posC_040_record_033_frame_10.png,E,33,10,20,0.42,0.44,0.4
FRS_setE_posA_042_posB_044_posC_040_record_033_frame_11.png,E,33,11,22,0.42,0.44,0.4
FRS_setE_posA_042_posB_044_posC_040_record_033_frame_12.png,E,33,12,24,0.42,0.44,0.4
FRS_setE_posA_042_posB_044_posC_040_record_033_frame_13.png,E,33,13,26,0.42,0.44,0.4
FRS_setE_posA_042_posB_044_posC_040_record_033_frame_14.png,E,33,14,28,0.42,0.44,0.4
FRS_setE_posA_042_posB_044_posC_040_record_033_frame_15.png,E,33,15,30,0.42,0.44,0.4
FRS_setE_posA_042_posB_044_posC_040_record_033_frame_16.png,E,33,16,32,0.42,0.44,0.4
FRS_setE_posA_042_posB_044_posC_040_record_033_frame_17.png,E,33,17,34,0.42,0.44,0.4
FRS_setE_posA_042_posB_044_posC_040_record_033_frame_18.png,E,33,18,36,0.42,0.44,0.4
FRS_setE_posA_042_posB_044_posC_040_record_033_frame_19.png,E,33,19,38,0.42,0.44,0.4
FRS_setE_posA_043_posB_044_posC_041_record_034_frame_00.png,E,34,0,0,0.43,0.44,0.41
FRS_setE_posA_043_posB_044_posC_041_record_034_frame_01.png,E,34,1,2,0.43,0.44,0.41
FRS_setE_posA_043_posB_044_posC_041_record_034_frame_02.png,E,34,2,4,0.43,0.44,0.41
FRS_setE_posA_043_posB_044_posC_041_record_034_frame_03.png,E,34,3,6,0.43,0.44,0.41
FRS_setE_posA_043_posB_044_posC_041_record_034_frame_04.png,E,34,4,8,0.43,0.44,0.41
FRS_setE_posA_043_posB_044_posC_041_record_034_frame_05.png,E,34,5,10,0.43,0.44,0.41
FRS_setE_posA_043_posB_044_posC_041_record_034_frame_06.png,E,34,6,12,0.43,0.44,0.41
FRS_setE_posA_043_posB_044_posC_041_record_034_frame_07.png,E,34,7,14,0.43,0.44,0.41
FRS_setE_posA_043_posB_044_posC_041_record_034_frame_08.png,E,34,8,16,0.43,0.44,0.41
FRS_setE_posA_043_posB_044_posC_041_record_034_frame_09.png,E,34,9,18,0.43,0.44,0.41
FRS_setE_posA_043_posB_044_posC_041_record_034_frame_10.png,E,34,10,20,0.43,0.44,0.41
FRS_setE_posA_043_posB_044_posC_041_record_034_frame_11.png,E,34,11,22,0.43,0.44,0.41
FRS_setE_posA_043_posB_044_posC_041_record_034_frame_12.png,E,34,12,24,0.43,0.44,0.41
FRS_setE_posA_043_posB_044_posC_041_record_034_frame_13.png,E,34,13,26,0.43,0.44,0.41
FRS_setE_posA_043_posB_044_posC_041_record_034_frame_14.png,E,34,14,28,0.43,0.44,0.41
FRS_setE_posA_043_posB_044_posC_041_record_034_frame_15.png,E,34,15,30,0.43,0.44,0.41
FRS_setE_posA_043_posB_044_posC_041_record_034_frame_16.png,E,34,16,32,0.43,0.44,0.41
FRS_setE_posA_043_posB_044_posC_041_record_034_frame_17.png,E,34,17,34,0.43,0.44,0.41
FRS_setE_posA_043_posB_044_posC_041_record_034_frame_18.png,E,34,18,36,0.43,0.44,0.41
FRS_setE_posA_043_posB_044_posC_041_record_034_frame_19.png,E,34,19,38,0.43,0.44,0.41
FRS_setE_posA_044_posB_045_posC_041_record_035_frame_00.png,E,35,0,0,0.44,0.45,0.41
FRS_setE_posA_044_posB_045_posC_041_record_035_frame_01.png,E,35,1,2,0.44,0.45,0.41
FRS_setE_posA_044_posB_045_posC_041_record_035_frame_02.png,E,35,2,4,0.44,0.45,0.41
FRS_setE_posA_044_posB_045_posC_041_record_035_frame_03.png,E,35,3,6,0.44,0.45,0.41
FRS_setE_posA_044_posB_045_posC_041_record_035_frame_04.png,E,35,4,8,0.44,0.45,0.41
FRS_setE_posA_044_posB_045_posC_041_record_035_frame_05.png,E,35,5,10,0.44,0.45,0.41
FRS_setE_posA_044_posB_045_posC_041_record_035_frame_06.png,E,35,6,12,0.44,0.45,0.41
FRS_setE_posA_044_posB_045_posC_041_record_035_frame_07.png,E,35,7,14,0.44,0.45,0.41
FRS_setE_posA_044_posB_045_posC_041_record_035_frame_08.png,E,35,8,16,0.44,0.45,0.41
FRS_setE_posA_044_posB_045_posC_041_record_035_frame_09.png,E,35,9,18,0.44,0.45,0.41
FRS_setE_posA_044_posB_045_posC_041_record_035_frame_10.png,E,35,10,20,0.44,0.45,0.41
FRS_setE_posA_044_posB_045_posC_041_record_035_frame_11.png,E,35,11,22,0.44,0.45,0.41
FRS_setE_posA_044_posB_045_posC_041_record_035_frame_12.png,E,35,12,24,0.44,0.45,0.41
FRS_setE_posA_044_posB_045_posC_041_record_035_frame_13.png,E,35,13,26,0.44,0.45,0.41
FRS_setE_posA_044_posB_045_posC_041_record_035_frame_14.png,E,35,14,28,0.44,0.45,0.41
FRS_setE_posA_044_posB_045_posC_041_record_035_frame_15.png,E,35,15,30,0.44,0.45,0.41
FRS_setE_posA_044_posB_045_posC_041_record_035_frame_16.png,E,35,16,32,0.44,0.45,0.41
FRS_setE_posA_044_posB_045_posC_041_record_035_frame_17.png,E,35,17,34,0.44,0.45,0.41
FRS_setE_posA_044_posB_045_posC_041_record_035_frame_18.png,E,35,18,36,0.44,0.45,0.41
FRS_setE_posA_044_posB_045_posC_041_record_035_frame_19.png,E,35,19,38,0.44,0.45,0.41
FRS_setE_posA_045_posB_045_posC_042_record_036_frame_00.png,E,36,0,0,0.45,0.45,0.42
FRS_setE_posA_045_posB_045_posC_042_record_036_frame_01.png,E,36,1,2,0.45,0.45,0.42
FRS_setE_posA_045_posB_045_posC_042_record_036_frame_02.png,E,36,2,4,0.45,0.45,0.42
FRS_setE_posA_045_posB_045_posC_042_record_036_frame_03.png,E,36,3,6,0.45,0.45,0.42
FRS_setE_posA_045_posB_045_posC_042_record_036_frame_04.png,E,36,4,8,0.45,0.45,0.42
FRS_setE_posA_045_posB_045_posC_042_record_036_frame_05.png,E,36,5,10,0.45,0.45,0.42
FRS_setE_posA_045_posB_045_posC_042_record_036_frame_06.png,E,36,6,12,0.45,0.45,0.42
FRS_setE_posA_045_posB_045_posC_042_record_036_frame_07.png,E,36,7,14,0.45,0.45,0.42
FRS_setE_posA_045_posB_045_posC_042_record_036_frame_08.png,E,36,8,16,0.45,0.45,0.42
FRS_setE_posA_045_posB_045_posC_042_record_036_frame_09.png,E,36,9,18,0.45,0.45,0.42
FRS_setE_posA_045_posB_045_posC_042_record_036_frame_10.png,E,36,10,20,0.45,0.45,0.42
FRS_setE_posA_045_posB_045_posC_042_record_036_frame_11.png,E,36,11,22,0.45,0.45,0.42
FRS_setE_posA_045_posB_045_posC_042_record_036_frame_12.png,E,36,12,24,0.45,0.45,0.42
FRS_setE_posA_045_posB_045_posC_042_record_036_frame_13.png,E,36,13,26,0.45,0.45,0.42
FRS_setE_posA_045_posB_045_posC_042_record_036_frame_14.png,E,36,14,28,0.45,0.45,0.42
FRS_setE_posA_045_posB_045_posC_042_record_036_frame_15.png,E,36,15,30,0.45,0.45,0.42
FRS_setE_posA_045_posB_045_posC_042_record_036_frame_16.png,E,36,16,32,0.45,0.45,0.42
FRS_setE_posA_045_posB_045_posC_042_record_036_frame_17.png,E,36,17,34,0.45,0.45,0.42
FRS_setE_posA_045_posB_045_posC_042_record_036_frame_18.png,E,36,18,36,0.45,0.45,0.42
FRS_setE_posA_045_posB_045_posC_042_record_036_frame_19.png,E,36,19,38,0.45,0.45,0.42
FRS_setE_posA_045_posB_046_posC_042_record_037_frame_00.png,E,37,0,0,0.45,0.46,0.42
FRS_setE_posA_045_posB_046_posC_042_record_037_frame_01.png,E,37,1,2,0.45,0.46,0.42
FRS_setE_posA_045_posB_046_posC_042_record_037_frame_02.png,E,37,2,4,0.45,0.46,0.42
FRS_setE_posA_045_posB_046_posC_042_record_037_frame_03.png,E,37,3,6,0.45,0.46,0.42
FRS_setE_posA_045_posB_046_posC_042_record_037_frame_04.png,E,37,4,8,0.45,0.46,0.42
FRS_setE_posA_045_posB_046_posC_042_record_037_frame_05.png,E,37,5,10,0.45,0.46,0.42
FRS_setE_posA_045_posB_046_posC_042_record_037_frame_06.png,E,37,6,12,0.45,0.46,0.42
FRS_setE_posA_045_posB_046_posC_042_record_037_frame_07.png,E,37,7,14,0.45,0.46,0.42
FRS_setE_posA_045_posB_046_posC_042_record_037_frame_08.png,E,37,8,16,0.45,0.46,0.42
FRS_setE_posA_045_posB_046_posC_042_record_037_frame_09.png,E,37,9,18,0.45,0.46,0.42
FRS_setE_posA_045_posB_046_posC_042_record_037_frame_10.png,E,37,10,20,0.45,0.46,0.42
FRS_setE_posA_045_posB_046_posC_042_record_037_frame_11.png,E,37,11,22,0.45,0.46,0.42
FRS_setE_posA_045_posB_046_posC_042_record_037_frame_12.png,E,37,12,24,0.45,0.46,0.42
FRS_setE_posA_045_posB_046_posC_042_record_037_frame_13.png,E,37,13,26,0.45,0.46,0.42
FRS_setE_posA_045_posB_046_posC_042_record_037_frame_14.png,E,37,14,28,0.45,0.46,0.42
FRS_setE_posA_045_posB_046_posC_042_record_037_frame_15.png,E,37,15,30,0.45,0.46,0.42
FRS_setE_posA_045_posB_046_posC_042_record_037_frame_16.png,E,37,16,32,0.45,0.46,0.42
FRS_setE_posA_045_posB_046_posC_042_record_037_frame_17.png,E,37,17,34,0.45,0.46,0.42
FRS_setE_posA_045_posB_046_posC_042_record_037_frame_18.png,E,37,18,36,0.45,0.46,0.42
FRS_setE_posA_045_posB_046_posC_042_record_037_frame_19.png,E,37,19,38,0.45,0.46,0.42
FRS_setE_posA_045_posB_046_posC_043_record_038_frame_00.png,E,38,0,0,0.45,0.46,0.43
FRS_setE_posA_045_posB_046_posC_043_record_038_frame_01.png,E,38,1,2,0.45,0.46,0.43
FRS_setE_posA_045_posB_046_posC_043_record_038_frame_02.png,E,38,2,4,0.45,0.46,0.43
FRS_setE_posA_045_posB_046_posC_043_record_038_frame_03.png,E,38,3,6,0.45,0.46,0.43
FRS_setE_posA_045_posB_046_posC_043_record_038_frame_04.png,E,38,4,8,0.45,0.46,0.43
FRS_setE_posA_045_posB_046_posC_043_record_038_frame_05.png,E,38,5,10,0.45,0.46,0.43
FRS_setE_posA_045_posB_046_posC_043_record_038_frame_06.png,E,38,6,12,0.45,0.46,0.43
FRS_setE_posA_045_posB_046_posC_043_record_038_frame_07.png,E,38,7,14,0.45,0.46,0.43
FRS_setE_posA_045_posB_046_posC_043_record_038_frame_08.png,E,38,8,16,0.45,0.46,0.43
FRS_setE_posA_045_posB_046_posC_043_record_038_frame_09.png,E,38,9,18,0.45,0.46,0.43
FRS_setE_posA_045_posB_046_posC_043_record_038_frame_10.png,E,38,10,20,0.45,0.46,0.43
FRS_setE_posA_045_posB_046_posC_043_record_038_frame_11.png,E,38,11,22,0.45,0.46,0.43
FRS_setE_posA_045_posB_046_posC_043_record_038_frame_12.png,E,38,12,24,0.45,0.46,0.43
FRS_setE_posA_045_posB_046_posC_043_record_038_frame_13.png,E,38,13,26,0.45,0.46,0.43
FRS_setE_posA_045_posB_046_posC_043_record_038_frame_14.png,E,38,14,28,0.45,0.46,0.43
FRS_setE_posA_045_posB_046_posC_043_record_038_frame_15.png,E,38,15,30,0.45,0.46,0.43
FRS_setE_posA_045_posB_046_posC_043_record_038_frame_16.png,E,38,16,32,0.45,0.46,0.43
FRS_setE_posA_045_posB_046_posC_043_record_038_frame_17.png,E,38,17,34,0.45,0.46,0.43
FRS_setE_posA_045_posB_046_posC_043_record_038_frame_18.png,E,38,18,36,0.45,0.46,0.43
FRS_setE_posA_045_posB_046_posC_043_record_038_frame_19.png,E,38,19,38,0.45,0.46,0.43
FRS_setE_posA_046_posB_047_posC_043_record_039_frame_00.png,E,39,0,0,0.46,0.47,0.43
FRS_setE_posA_046_posB_047_posC_043_record_039_frame_01.png,E,39,1,2,0.46,0.47,0.43
FRS_setE_posA_046_posB_047_posC_043_record_039_frame_02.png,E,39,2,4,0.46,0.47,0.43
FRS_setE_posA_046_posB_047_posC_043_record_039_frame_03.png,E,39,3,6,0.46,0.47,0.43
FRS_setE_posA_046_posB_047_posC_043_record_039_frame_04.png,E,39,4,8,0.46,0.47,0.43
FRS_setE_posA_046_posB_047_posC_043_record_039_frame_05.png,E,39,5,10,0.46,0.47,0.43
FRS_setE_posA_046_posB_047_posC_043_record_039_frame_06.png,E,39,6,12,0.46,0.47,0.43
FRS_setE_posA_046_posB_047_posC_043_record_039_frame_07.png,E,39,7,14,0.46,0.47,0.43
FRS_setE_posA_046_posB_047_posC_043_record_039_frame_08.png,E,39,8,16,0.46,0.47,0.43
FRS_setE_posA_046_posB_047_posC_043_record_039_frame_09.png,E,39,9,18,0.46,0.47,0.43
FRS_setE_posA_046_posB_047_posC_043_record_039_frame_10.png,E,39,10,20,0.46,0.47,0.43
FRS_setE_posA_046_posB_047_posC_043_record_039_frame_11.png,E,39,11,22,0.46,0.47,0.43
FRS_setE_posA_046_posB_047_posC_043_record_039_frame_12.png,E,39,12,24,0.46,0.47,0.43
FRS_setE_posA_046_posB_047_posC_043_record_039_frame_13.png,E,39,13,26,0.46,0.47,0.43
FRS_setE_posA_046_posB_047_posC_043_record_039_frame_14.png,E,39,14,28,0.46,0.47,0.43
FRS_setE_posA_046_posB_047_posC_043_record_039_frame_15.png,E,39,15,30,0.46,0.47,0.43
FRS_setE_posA_046_posB_047_posC_043_record_039_frame_16.png,E,39,16,32,0.46,0.47,0.43
FRS_setE_posA_046_posB_047_posC_043_record_039_frame_17.png,E,39,17,34,0.46,0.47,0.43
FRS_setE_posA_046_posB_047_posC_043_record_039_frame_18.png,E,39,18,36,0.46,0.47,0.43
FRS_setE_posA_046_posB_047_posC_043_record_039_frame_19.png,E,39,19,38,0.46,0.47,0.43
FRS_setE_posA_046_posB_047_posC_044_record_040_frame_00.png,E,40,0,0,0.46,0.47,0.44
FRS_setE_posA_046_posB_047_posC_044_record_040_frame_01.png,E,40,1,2,0.46,0.47,0.44
FRS_setE_posA_046_posB_047_posC_044_record_040_frame_02.png,E,40,2,4,0.46,0.47,0.44
FRS_setE_posA_046_posB_047_posC_044_record_040_frame_03.png,E,40,3,6,0.46,0.47,0.44
FRS_setE_posA_046_posB_047_posC_044_record_040_frame_04.png,E,40,4,8,0.46,0.47,0.44
FRS_setE_posA_046_posB_047_posC_044_record_040_frame_05.png,E,40,5,10,0.46,0.47,0.44
FRS_setE_posA_046_posB_047_posC_044_record_040_frame_06.png,E,40,6,12,0.46,0.47,0.44
FRS_setE_posA_046_posB_047_posC_044_record_040_frame_07.png,E,40,7,14,0.46,0.47,0.44
FRS_setE_posA_046_posB_047_posC_044_record_040_frame_08.png,E,40,8,16,0.46,0.47,0.44
FRS_setE_posA_046_posB_047_posC_044_record_040_frame_09.png,E,40,9,18,0.46,0.47,0.44
FRS_setE_posA_046_posB_047_posC_044_record_040_frame_10.png,E,40,10,20,0.46,0.47,0.44
FRS_setE_posA_046_posB_047_posC_044_record_040_frame_11.png,E,40,11,22,0.46,0.47,0.44
FRS_setE_posA_046_posB_047_posC_044_record_040_frame_12.png,E,40,12,24,0.46,0.47,0.44
FRS_setE_posA_046_posB_047_posC_044_record_040_frame_13.png,E,40,13,26,0.46,0.47,0.44
FRS_setE_posA_046_posB_047_posC_044_record_040_frame_14.png,E,40,14,28,0.46,0.47,0.44
FRS_setE_posA_046_posB_047_posC_044_record_040_frame_15.png,E,40,15,30,0.46,0.47,0.44
FRS_setE_posA_046_posB_047_posC_044_record_040_frame_16.png,E,40,16,32,0.46,0.47,0.44
FRS_setE_posA_046_posB_047_posC_044_record_040_frame_17.png,E,40,17,34,0.46,0.47,0.44
FRS_setE_posA_046_posB_047_posC_044_record_040_frame_18.png,E,40,18,36,0.46,0.47,0.44
FRS_setE_posA_046_posB_047_posC_044_record_040_frame_19.png,E,40,19,38,0.46,0.47,0.44
FRS_setE_posA_047_posB_048_posC_044_record_041_frame_00.png,E,41,0,0,0.47,0.48,0.44
FRS_setE_posA_047_posB_048_posC_044_record_041_frame_01.png,E,41,1,2,0.47,0.48,0.44
FRS_setE_posA_047_posB_048_posC_044_record_041_frame_02.png,E,41,2,4,0.47,0.48,0.44
FRS_setE_posA_047_posB_048_posC_044_record_041_frame_03.png,E,41,3,6,0.47,0.48,0.44
FRS_setE_posA_047_posB_048_posC_044_record_041_frame_04.png,E,41,4,8,0.47,0.48,0.44
FRS_setE_posA_047_posB_048_posC_044_record_041_frame_05.png,E,41,5,10,0.47,0.48,0.44
FRS_setE_posA_047_posB_048_posC_044_record_041_frame_06.png,E,41,6,12,0.47,0.48,0.44
FRS_setE_posA_047_posB_048_posC_044_record_041_frame_07.png,E,41,7,14,0.47,0.48,0.44
FRS_setE_posA_047_posB_048_posC_044_record_041_frame_08.png,E,41,8,16,0.47,0.48,0.44
FRS_setE_posA_047_posB_048_posC_044_record_041_frame_09.png,E,41,9,18,0.47,0.48,0.44
FRS_setE_posA_047_posB_048_posC_044_record_041_frame_10.png,E,41,10,20,0.47,0.48,0.44
FRS_setE_posA_047_posB_048_posC_044_record_041_frame_11.png,E,41,11,22,0.47,0.48,0.44
FRS_setE_posA_047_posB_048_posC_044_record_041_frame_12.png,E,41,12,24,0.47,0.48,0.44
FRS_setE_posA_047_posB_048_posC_044_record_041_frame_13.png,E,41,13,26,0.47,0.48,0.44
FRS_setE_posA_047_posB_048_posC_044_record_041_frame_14.png,E,41,14,28,0.47,0.48,0.44
FRS_setE_posA_047_posB_048_posC_044_record_041_frame_15.png,E,41,15,30,0.47,0.48,0.44
FRS_setE_posA_047_posB_048_posC_044_record_041_frame_16.png,E,41,16,32,0.47,0.48,0.44
FRS_setE_posA_047_posB_048_posC_044_record_041_frame_17.png,E,41,17,34,0.47,0.48,0.44
FRS_setE_posA_047_posB_048_posC_044_record_041_frame_18.png,E,41,18,36,0.47,0.48,0.44
FRS_setE_posA_047_posB_048_posC_044_record_041_frame_19.png,E,41,19,38,0.47,0.48,0.44
FRS_setE_posA_047_posB_048_posC_045_record_042_frame_00.png,E,42,0,0,0.47,0.48,0.45
FRS_setE_posA_047_posB_048_posC_045_record_042_frame_01.png,E,42,1,2,0.47,0.48,0.45
FRS_setE_posA_047_posB_048_posC_045_record_042_frame_02.png,E,42,2,4,0.47,0.48,0.45
FRS_setE_posA_047_posB_048_posC_045_record_042_frame_03.png,E,42,3,6,0.47,0.48,0.45
FRS_setE_posA_047_posB_048_posC_045_record_042_frame_04.png,E,42,4,8,0.47,0.48,0.45
FRS_setE_posA_047_posB_048_posC_045_record_042_frame_05.png,E,42,5,10,0.47,0.48,0.45
FRS_setE_posA_047_posB_048_posC_045_record_042_frame_06.png,E,42,6,12,0.47,0.48,0.45
FRS_setE_posA_047_posB_048_posC_045_record_042_frame_07.png,E,42,7,14,0.47,0.48,0.45
FRS_setE_posA_047_posB_048_posC_045_record_042_frame_08.png,E,42,8,16,0.47,0.48,0.45
FRS_setE_posA_047_posB_048_posC_045_record_042_frame_09.png,E,42,9,18,0.47,0.48,0.45
FRS_setE_posA_047_posB_048_posC_045_record_042_frame_10.png,E,42,10,20,0.47,0.48,0.45
FRS_setE_posA_047_posB_048_posC_045_record_042_frame_11.png,E,42,11,22,0.47,0.48,0.45
FRS_setE_posA_047_posB_048_posC_045_record_042_frame_12.png,E,42,12,24,0.47,0.48,0.45
FRS_setE_posA_047_posB_048_posC_045_record_042_frame_13.png,E,42,13,26,0.47,0.48,0.45
FRS_setE_posA_047_posB_048_posC_045_record_042_frame_14.png,E,42,14,28,0.47,0.48,0.45
FRS_setE_posA_047_posB_048_posC_045_record_042_frame_15.png,E,42,15,30,0.47,0.48,0.45
FRS_setE_posA_047_posB_048_posC_045_record_042_frame_16.png,E,42,16,32,0.47,0.48,0.45
FRS_setE_posA_047_posB_048_posC_045_record_042_frame_17.png,E,42,17,34,0.47,0.48,0.45
FRS_setE_posA_047_posB_048_posC_045_record_042_frame_18.png,E,42,18,36,0.47,0.48,0.45
FRS_setE_posA_047_posB_048_posC_045_record_042_frame_19.png,E,42,19,38,0.47,0.48,0.45
FRS_setE_posA_047_posB_049_posC_045_record_043_frame_00.png,E,43,0,0,0.47,0.49,0.45
FRS_setE_posA_047_posB_049_posC_045_record_043_frame_01.png,E,43,1,2,0.47,0.49,0.45
FRS_setE_posA_047_posB_049_posC_045_record_043_frame_02.png,E,43,2,4,0.47,0.49,0.45
FRS_setE_posA_047_posB_049_posC_045_record_043_frame_03.png,E,43,3,6,0.47,0.49,0.45
FRS_setE_posA_047_posB_049_posC_045_record_043_frame_04.png,E,43,4,8,0.47,0.49,0.45
FRS_setE_posA_047_posB_049_posC_045_record_043_frame_05.png,E,43,5,10,0.47,0.49,0.45
FRS_setE_posA_047_posB_049_posC_045_record_043_frame_06.png,E,43,6,12,0.47,0.49,0.45
FRS_setE_posA_047_posB_049_posC_045_record_043_frame_07.png,E,43,7,14,0.47,0.49,0.45
FRS_setE_posA_047_posB_049_posC_045_record_043_frame_08.png,E,43,8,16,0.47,0.49,0.45
FRS_setE_posA_047_posB_049_posC_045_record_043_frame_09.png,E,43,9,18,0.47,0.49,0.45
FRS_setE_posA_047_posB_049_posC_045_record_043_frame_10.png,E,43,10,20,0.47,0.49,0.45
FRS_setE_posA_047_posB_049_posC_045_record_043_frame_11.png,E,43,11,22,0.47,0.49,0.45
FRS_setE_posA_047_posB_049_posC_045_record_043_frame_12.png,E,43,12,24,0.47,0.49,0.45
FRS_setE_posA_047_posB_049_posC_045_record_043_frame_13.png,E,43,13,26,0.47,0.49,0.45
FRS_setE_posA_047_posB_049_posC_045_record_043_frame_14.png,E,43,14,28,0.47,0.49,0.45
FRS_setE_posA_047_posB_049_posC_045_record_043_frame_15.png,E,43,15,30,0.47,0.49,0.45
FRS_setE_posA_047_posB_049_posC_045_record_043_frame_16.png,E,43,16,32,0.47,0.49,0.45
FRS_setE_posA_047_posB_049_posC_045_record_043_frame_17.png,E,43,17,34,0.47,0.49,0.45
FRS_setE_posA_047_posB_049_posC_045_record_043_frame_18.png,E,43,18,36,0.47,0.49,0.45
FRS_setE_posA_047_posB_049_posC_045_record_043_frame_19.png,E,43,19,38,0.47,0.49,0.45
FRS_setE_posA_048_posB_049_posC_046_record_044_frame_00.png,E,44,0,0,0.48,0.49,0.46
FRS_setE_posA_048_posB_049_posC_046_record_044_frame_01.png,E,44,1,2,0.48,0.49,0.46
FRS_setE_posA_048_posB_049_posC_046_record_044_frame_02.png,E,44,2,4,0.48,0.49,0.46
FRS_setE_posA_048_posB_049_posC_046_record_044_frame_03.png,E,44,3,6,0.48,0.49,0.46
FRS_setE_posA_048_posB_049_posC_046_record_044_frame_04.png,E,44,4,8,0.48,0.49,0.46
FRS_setE_posA_048_posB_049_posC_046_record_044_frame_05.png,E,44,5,10,0.48,0.49,0.46
FRS_setE_posA_048_posB_049_posC_046_record_044_frame_06.png,E,44,6,12,0.48,0.49,0.46
FRS_setE_posA_048_posB_049_posC_046_record_044_frame_07.png,E,44,7,14,0.48,0.49,0.46
FRS_setE_posA_048_posB_049_posC_046_record_044_frame_08.png,E,44,8,16,0.48,0.49,0.46
FRS_setE_posA_048_posB_049_posC_046_record_044_frame_09.png,E,44,9,18,0.48,0.49,0.46
FRS_setE_posA_048_posB_049_posC_046_record_044_frame_10.png,E,44,10,20,0.48,0.49,0.46
FRS_setE_posA_048_posB_049_posC_046_record_044_frame_11.png,E,44,11,22,0.48,0.49,0.46
FRS_setE_posA_048_posB_049_posC_046_record_044_frame_12.png,E,44,12,24,0.48,0.49,0.46
FRS_setE_posA_048_posB_049_posC_046_record_044_frame_13.png,E,44,13,26,0.48,0.49,0.46
FRS_setE_posA_048_posB_049_posC_046_record_044_frame_14.png,E,44,14,28,0.48,0.49,0.46
FRS_setE_posA_048_posB_049_posC_046_record_044_frame_15.png,E,44,15,30,0.48,0.49,0.46
FRS_setE_posA_048_posB_049_posC_046_record_044_frame_16.png,E,44,16,32,0.48,0.49,0.46
FRS_setE_posA_048_posB_049_posC_046_record_044_frame_17.png,E,44,17,34,0.48,0.49,0.46
FRS_setE_posA_048_posB_049_posC_046_record_044_frame_18.png,E,44,18,36,0.48,0.49,0.46
FRS_setE_posA_048_posB_049_posC_046_record_044_frame_19.png,E,44,19,38,0.48,0.49,0.46
FRS_setE_posA_049_posB_050_posC_046_record_045_frame_00.png,E,45,0,0,0.49,0.5,0.46
FRS_setE_posA_049_posB_050_posC_046_record_045_frame_01.png,E,45,1,2,0.49,0.5,0.46
FRS_setE_posA_049_posB_050_posC_046_record_045_frame_02.png,E,45,2,4,0.49,0.5,0.46
FRS_setE_posA_049_posB_050_posC_046_record_045_frame_03.png,E,45,3,6,0.49,0.5,0.46
FRS_setE_posA_049_posB_050_posC_046_record_045_frame_04.png,E,45,4,8,0.49,0.5,0.46
FRS_setE_posA_049_posB_050_posC_046_record_045_frame_05.png,E,45,5,10,0.49,0.5,0.46
FRS_setE_posA_049_posB_050_posC_046_record_045_frame_06.png,E,45,6,12,0.49,0.5,0.46
FRS_setE_posA_049_posB_050_posC_046_record_045_frame_07.png,E,45,7,14,0.49,0.5,0.46
FRS_setE_posA_049_posB_050_posC_046_record_045_frame_08.png,E,45,8,16,0.49,0.5,0.46
FRS_setE_posA_049_posB_050_posC_046_record_045_frame_09.png,E,45,9,18,0.49,0.5,0.46
FRS_setE_posA_049_posB_050_posC_046_record_045_frame_10.png,E,45,10,20,0.49,0.5,0.46
FRS_setE_posA_049_posB_050_posC_046_record_045_frame_11.png,E,45,11,22,0.49,0.5,0.46
FRS_setE_posA_049_posB_050_posC_046_record_045_frame_12.png,E,45,12,24,0.49,0.5,0.46
FRS_setE_posA_049_posB_050_posC_046_record_045_frame_13.png,E,45,13,26,0.49,0.5,0.46
FRS_setE_posA_049_posB_050_posC_046_record_045_frame_14.png,E,45,14,28,0.49,0.5,0.46
FRS_setE_posA_049_posB_050_posC_046_record_045_frame_15.png,E,45,15,30,0.49,0.5,0.46
FRS_setE_posA_049_posB_050_posC_046_record_045_frame_16.png,E,45,16,32,0.49,0.5,0.46
FRS_setE_posA_049_posB_050_posC_046_record_045_frame_17.png,E,45,17,34,0.49,0.5,0.46
FRS_setE_posA_049_posB_050_posC_046_record_045_frame_18.png,E,45,18,36,0.49,0.5,0.46
FRS_setE_posA_049_posB_050_posC_046_record_045_frame_19.png,E,45,19,38,0.49,0.5,0.46
FRS_setE_posA_049_posB_050_posC_047_record_046_frame_00.png,E,46,0,0,0.49,0.5,0.47
FRS_setE_posA_049_posB_050_posC_047_record_046_frame_01.png,E,46,1,2,0.49,0.5,0.47
FRS_setE_posA_049_posB_050_posC_047_record_046_frame_02.png,E,46,2,4,0.49,0.5,0.47
FRS_setE_posA_049_posB_050_posC_047_record_046_frame_03.png,E,46,3,6,0.49,0.5,0.47
FRS_setE_posA_049_posB_050_posC_047_record_046_frame_04.png,E,46,4,8,0.49,0.5,0.47
FRS_setE_posA_049_posB_050_posC_047_record_046_frame_05.png,E,46,5,10,0.49,0.5,0.47
FRS_setE_posA_049_posB_050_posC_047_record_046_frame_06.png,E,46,6,12,0.49,0.5,0.47
FRS_setE_posA_049_posB_050_posC_047_record_046_frame_07.png,E,46,7,14,0.49,0.5,0.47
FRS_setE_posA_049_posB_050_posC_047_record_046_frame_08.png,E,46,8,16,0.49,0.5,0.47
FRS_setE_posA_049_posB_050_posC_047_record_046_frame_09.png,E,46,9,18,0.49,0.5,0.47
FRS_setE_posA_049_posB_050_posC_047_record_046_frame_10.png,E,46,10,20,0.49,0.5,0.47
FRS_setE_posA_049_posB_050_posC_047_record_046_frame_11.png,E,46,11,22,0.49,0.5,0.47
FRS_setE_posA_049_posB_050_posC_047_record_046_frame_12.png,E,46,12,24,0.49,0.5,0.47
FRS_setE_posA_049_posB_050_posC_047_record_046_frame_13.png,E,46,13,26,0.49,0.5,0.47
FRS_setE_posA_049_posB_050_posC_047_record_046_frame_14.png,E,46,14,28,0.49,0.5,0.47
FRS_setE_posA_049_posB_050_posC_047_record_046_frame_15.png,E,46,15,30,0.49,0.5,0.47
FRS_setE_posA_049_posB_050_posC_047_record_046_frame_16.png,E,46,16,32,0.49,0.5,0.47
FRS_setE_posA_049_posB_050_posC_047_record_046_frame_17.png,E,46,17,34,0.49,0.5,0.47
FRS_setE_posA_049_posB_050_posC_047_record_046_frame_18.png,E,46,18,36,0.49,0.5,0.47
FRS_setE_posA_049_posB_050_posC_047_record_046_frame_19.png,E,46,19,38,0.49,0.5,0.47
FRS_setE_posA_049_posB_051_posC_047_record_047_frame_00.png,E,47,0,0,0.49,0.51,0.47
FRS_setE_posA_049_posB_051_posC_047_record_047_frame_01.png,E,47,1,2,0.49,0.51,0.47
FRS_setE_posA_049_posB_051_posC_047_record_047_frame_02.png,E,47,2,4,0.49,0.51,0.47
FRS_setE_posA_049_posB_051_posC_047_record_047_frame_03.png,E,47,3,6,0.49,0.51,0.47
FRS_setE_posA_049_posB_051_posC_047_record_047_frame_04.png,E,47,4,8,0.49,0.51,0.47
FRS_setE_posA_049_posB_051_posC_047_record_047_frame_05.png,E,47,5,10,0.49,0.51,0.47
FRS_setE_posA_049_posB_051_posC_047_record_047_frame_06.png,E,47,6,12,0.49,0.51,0.47
FRS_setE_posA_049_posB_051_posC_047_record_047_frame_07.png,E,47,7,14,0.49,0.51,0.47
FRS_setE_posA_049_posB_051_posC_047_record_047_frame_08.png,E,47,8,16,0.49,0.51,0.47
FRS_setE_posA_049_posB_051_posC_047_record_047_frame_09.png,E,47,9,18,0.49,0.51,0.47
FRS_setE_posA_049_posB_051_posC_047_record_047_frame_10.png,E,47,10,20,0.49,0.51,0.47
FRS_setE_posA_049_posB_051_posC_047_record_047_frame_11.png,E,47,11,22,0.49,0.51,0.47
FRS_setE_posA_049_posB_051_posC_047_record_047_frame_12.png,E,47,12,24,0.49,0.51,0.47
FRS_setE_posA_049_posB_051_posC_047_record_047_frame_13.png,E,47,13,26,0.49,0.51,0.47
FRS_setE_posA_049_posB_051_posC_047_record_047_frame_14.png,E,47,14,28,0.49,0.51,0.47
FRS_setE_posA_049_posB_051_posC_047_record_047_frame_15.png,E,47,15,30,0.49,0.51,0.47
FRS_setE_posA_049_posB_051_posC_047_record_047_frame_16.png,E,47,16,32,0.49,0.51,0.47
FRS_setE_posA_049_posB_051_posC_047_record_047_frame_17.png,E,47,17,34,0.49,0.51,0.47
FRS_setE_posA_049_posB_051_posC_047_record_047_frame_18.png,E,47,18,36,0.49,0.51,0.47
FRS_setE_posA_049_posB_051_posC_047_record_047_frame_19.png,E,47,19,38,0.49,0.51,0.47
FRS_setE_posA_050_posB_051_posC_047_record_048_frame_00.png,E,48,0,0,0.5,0.51,0.47
FRS_setE_posA_050_posB_051_posC_047_record_048_frame_01.png,E,48,1,2,0.5,0.51,0.47
FRS_setE_posA_050_posB_051_posC_047_record_048_frame_02.png,E,48,2,4,0.5,0.51,0.47
FRS_setE_posA_050_posB_051_posC_047_record_048_frame_03.png,E,48,3,6,0.5,0.51,0.47
FRS_setE_posA_050_posB_051_posC_047_record_048_frame_04.png,E,48,4,8,0.5,0.51,0.47
FRS_setE_posA_050_posB_051_posC_047_record_048_frame_05.png,E,48,5,10,0.5,0.51,0.47
FRS_setE_posA_050_posB_051_posC_047_record_048_frame_06.png,E,48,6,12,0.5,0.51,0.47
FRS_setE_posA_050_posB_051_posC_047_record_048_frame_07.png,E,48,7,14,0.5,0.51,0.47
FRS_setE_posA_050_posB_051_posC_047_record_048_frame_08.png,E,48,8,16,0.5,0.51,0.47
FRS_setE_posA_050_posB_051_posC_047_record_048_frame_09.png,E,48,9,18,0.5,0.51,0.47
FRS_setE_posA_050_posB_051_posC_047_record_048_frame_10.png,E,48,10,20,0.5,0.51,0.47
FRS_setE_posA_050_posB_051_posC_047_record_048_frame_11.png,E,48,11,22,0.5,0.51,0.47
FRS_setE_posA_050_posB_051_posC_047_record_048_frame_12.png,E,48,12,24,0.5,0.51,0.47
FRS_setE_posA_050_posB_051_posC_047_record_048_frame_13.png,E,48,13,26,0.5,0.51,0.47
FRS_setE_posA_050_posB_051_posC_047_record_048_frame_14.png,E,48,14,28,0.5,0.51,0.47
FRS_setE_posA_050_posB_051_posC_047_record_048_frame_15.png,E,48,15,30,0.5,0.51,0.47
FRS_setE_posA_050_posB_051_posC_047_record_048_frame_16.png,E,48,16,32,0.5,0.51,0.47
FRS_setE_posA_050_posB_051_posC_047_record_048_frame_17.png,E,48,17,34,0.5,0.51,0.47
FRS_setE_posA_050_posB_051_posC_047_record_048_frame_18.png,E,48,18,36,0.5,0.51,0.47
FRS_setE_posA_050_posB_051_posC_047_record_048_frame_19.png,E,48,19,38,0.5,0.51,0.47
FRS_setE_posA_050_posB_051_posC_048_record_049_frame_00.png,E,49,0,0,0.5,0.51,0.48
FRS_setE_posA_050_posB_051_posC_048_record_049_frame_01.png,E,49,1,2,0.5,0.51,0.48
FRS_setE_posA_050_posB_051_posC_048_record_049_frame_02.png,E,49,2,4,0.5,0.51,0.48
FRS_setE_posA_050_posB_051_posC_048_record_049_frame_03.png,E,49,3,6,0.5,0.51,0.48
FRS_setE_posA_050_posB_051_posC_048_record_049_frame_04.png,E,49,4,8,0.5,0.51,0.48
FRS_setE_posA_050_posB_051_posC_048_record_049_frame_05.png,E,49,5,10,0.5,0.51,0.48
FRS_setE_posA_050_posB_051_posC_048_record_049_frame_06.png,E,49,6,12,0.5,0.51,0.48
FRS_setE_posA_050_posB_051_posC_048_record_049_frame_07.png,E,49,7,14,0.5,0.51,0.48
FRS_setE_posA_050_posB_051_posC_048_record_049_frame_08.png,E,49,8,16,0.5,0.51,0.48
FRS_setE_posA_050_posB_051_posC_048_record_049_frame_09.png,E,49,9,18,0.5,0.51,0.48
FRS_setE_posA_050_posB_051_posC_048_record_049_frame_10.png,E,49,10,20,0.5,0.51,0.48
FRS_setE_posA_050_posB_051_posC_048_record_049_frame_11.png,E,49,11,22,0.5,0.51,0.48
FRS_setE_posA_050_posB_051_posC_048_record_049_frame_12.png,E,49,12,24,0.5,0.51,0.48
FRS_setE_posA_050_posB_051_posC_048_record_049_frame_13.png,E,49,13,26,0.5,0.51,0.48
FRS_setE_posA_050_posB_051_posC_048_record_049_frame_14.png,E,49,14,28,0.5,0.51,0.48
FRS_setE_posA_050_posB_051_posC_048_record_049_frame_15.png,E,49,15,30,0.5,0.51,0.48
FRS_setE_posA_050_posB_051_posC_048_record_049_frame_16.png,E,49,16,32,0.5,0.51,0.48
FRS_setE_posA_050_posB_051_posC_048_record_049_frame_17.png,E,49,17,34,0.5,0.51,0.48
FRS_setE_posA_050_posB_051_posC_048_record_049_frame_18.png,E,49,18,36,0.5,0.51,0.48
FRS_setE_posA_050_posB_051_posC_048_record_049_frame_19.png,E,49,19,38,0.5,0.51,0.48
FRS_setE_posA_050_posB_052_posC_048_record_050_frame_00.png,E,50,0,0,0.5,0.52,0.48
FRS_setE_posA_050_posB_052_posC_048_record_050_frame_01.png,E,50,1,2,0.5,0.52,0.48
FRS_setE_posA_050_posB_052_posC_048_record_050_frame_02.png,E,50,2,4,0.5,0.52,0.48
FRS_setE_posA_050_posB_052_posC_048_record_050_frame_03.png,E,50,3,6,0.5,0.52,0.48
FRS_setE_posA_050_posB_052_posC_048_record_050_frame_04.png,E,50,4,8,0.5,0.52,0.48
FRS_setE_posA_050_posB_052_posC_048_record_050_frame_05.png,E,50,5,10,0.5,0.52,0.48
FRS_setE_posA_050_posB_052_posC_048_record_050_frame_06.png,E,50,6,12,0.5,0.52,0.48
FRS_setE_posA_050_posB_052_posC_048_record_050_frame_07.png,E,50,7,14,0.5,0.52,0.48
FRS_setE_posA_050_posB_052_posC_048_record_050_frame_08.png,E,50,8,16,0.5,0.52,0.48
FRS_setE_posA_050_posB_052_posC_048_record_050_frame_09.png,E,50,9,18,0.5,0.52,0.48
FRS_setE_posA_050_posB_052_posC_048_record_050_frame_10.png,E,50,10,20,0.5,0.52,0.48
FRS_setE_posA_050_posB_052_posC_048_record_050_frame_11.png,E,50,11,22,0.5,0.52,0.48
FRS_setE_posA_050_posB_052_posC_048_record_050_frame_12.png,E,50,12,24,0.5,0.52,0.48
FRS_setE_posA_050_posB_052_posC_048_record_050_frame_13.png,E,50,13,26,0.5,0.52,0.48
FRS_setE_posA_050_posB_052_posC_048_record_050_frame_14.png,E,50,14,28,0.5,0.52,0.48
FRS_setE_posA_050_posB_052_posC_048_record_050_frame_15.png,E,50,15,30,0.5,0.52,0.48
FRS_setE_posA_050_posB_052_posC_048_record_050_frame_16.png,E,50,16,32,0.5,0.52,0.48
FRS_setE_posA_050_posB_052_posC_048_record_050_frame_17.png,E,50,17,34,0.5,0.52,0.48
FRS_setE_posA_050_posB_052_posC_048_record_050_frame_18.png,E,50,18,36,0.5,0.52,0.48
FRS_setE_posA_050_posB_052_posC_048_record_050_frame_19.png,E,50,19,38,0.5,0.52,0.48
FRS_setE_posA_050_posB_052_posC_049_record_051_frame_00.png,E,51,0,0,0.5,0.52,0.49
FRS_setE_posA_050_posB_052_posC_049_record_051_frame_01.png,E,51,1,2,0.5,0.52,0.49
FRS_setE_posA_050_posB_052_posC_049_record_051_frame_02.png,E,51,2,4,0.5,0.52,0.49
FRS_setE_posA_050_posB_052_posC_049_record_051_frame_03.png,E,51,3,6,0.5,0.52,0.49
FRS_setE_posA_050_posB_052_posC_049_record_051_frame_04.png,E,51,4,8,0.5,0.52,0.49
FRS_setE_posA_050_posB_052_posC_049_record_051_frame_05.png,E,51,5,10,0.5,0.52,0.49
FRS_setE_posA_050_posB_052_posC_049_record_051_frame_06.png,E,51,6,12,0.5,0.52,0.49
FRS_setE_posA_050_posB_052_posC_049_record_051_frame_07.png,E,51,7,14,0.5,0.52,0.49
FRS_setE_posA_050_posB_052_posC_049_record_051_frame_08.png,E,51,8,16,0.5,0.52,0.49
FRS_setE_posA_050_posB_052_posC_049_record_051_frame_09.png,E,51,9,18,0.5,0.52,0.49
FRS_setE_posA_050_posB_052_posC_049_record_051_frame_10.png,E,51,10,20,0.5,0.52,0.49
FRS_setE_posA_050_posB_052_posC_049_record_051_frame_11.png,E,51,11,22,0.5,0.52,0.49
FRS_setE_posA_050_posB_052_posC_049_record_051_frame_12.png,E,51,12,24,0.5,0.52,0.49
FRS_setE_posA_050_posB_052_posC_049_record_051_frame_13.png,E,51,13,26,0.5,0.52,0.49
FRS_setE_posA_050_posB_052_posC_049_record_051_frame_14.png,E,51,14,28,0.5,0.52,0.49
FRS_setE_posA_050_posB_052_posC_049_record_051_frame_15.png,E,51,15,30,0.5,0.52,0.49
FRS_setE_posA_050_posB_052_posC_049_record_051_frame_16.png,E,51,16,32,0.5,0.52,0.49
FRS_setE_posA_050_posB_052_posC_049_record_051_frame_17.png,E,51,17,34,0.5,0.52,0.49
FRS_setE_posA_050_posB_052_posC_049_record_051_frame_18.png,E,51,18,36,0.5,0.52,0.49
FRS_setE_posA_050_posB_052_posC_049_record_051_frame_19.png,E,51,19,38,0.5,0.52,0.49
FRS_setE_posA_051_posB_052_posC_049_record_052_frame_00.png,E,52,0,0,0.51,0.52,0.49
FRS_setE_posA_051_posB_052_posC_049_record_052_frame_01.png,E,52,1,2,0.51,0.52,0.49
FRS_setE_posA_051_posB_052_posC_049_record_052_frame_02.png,E,52,2,4,0.51,0.52,0.49
FRS_setE_posA_051_posB_052_posC_049_record_052_frame_03.png,E,52,3,6,0.51,0.52,0.49
FRS_setE_posA_051_posB_052_posC_049_record_052_frame_04.png,E,52,4,8,0.51,0.52,0.49
FRS_setE_posA_051_posB_052_posC_049_record_052_frame_05.png,E,52,5,10,0.51,0.52,0.49
FRS_setE_posA_051_posB_052_posC_049_record_052_frame_06.png,E,52,6,12,0.51,0.52,0.49
FRS_setE_posA_051_posB_052_posC_049_record_052_frame_07.png,E,52,7,14,0.51,0.52,0.49
FRS_setE_posA_051_posB_052_posC_049_record_052_frame_08.png,E,52,8,16,0.51,0.52,0.49
FRS_setE_posA_051_posB_052_posC_049_record_052_frame_09.png,E,52,9,18,0.51,0.52,0.49
FRS_setE_posA_051_posB_052_posC_049_record_052_frame_10.png,E,52,10,20,0.51,0.52,0.49
FRS_setE_posA_051_posB_052_posC_049_record_052_frame_11.png,E,52,11,22,0.51,0.52,0.49
FRS_setE_posA_051_posB_052_posC_049_record_052_frame_12.png,E,52,12,24,0.51,0.52,0.49
FRS_setE_posA_051_posB_052_posC_049_record_052_frame_13.png,E,52,13,26,0.51,0.52,0.49
FRS_setE_posA_051_posB_052_posC_049_record_052_frame_14.png,E,52,14,28,0.51,0.52,0.49
FRS_setE_posA_051_posB_052_posC_049_record_052_frame_15.png,E,52,15,30,0.51,0.52,0.49
FRS_setE_posA_051_posB_052_posC_049_record_052_frame_16.png,E,52,16,32,0.51,0.52,0.49
FRS_setE_posA_051_posB_052_posC_049_record_052_frame_17.png,E,52,17,34,0.51,0.52,0.49
FRS_setE_posA_051_posB_052_posC_049_record_052_frame_18.png,E,52,18,36,0.51,0.52,0.49
FRS_setE_posA_051_posB_052_posC_049_record_052_frame_19.png,E,52,19,38,0.51,0.52,0.49
FRS_setE_posA_051_posB_052_posC_050_record_053_frame_00.png,E,53,0,0,0.51,0.52,0.5
FRS_setE_posA_051_posB_052_posC_050_record_053_frame_01.png,E,53,1,2,0.51,0.52,0.5
FRS_setE_posA_051_posB_052_posC_050_record_053_frame_02.png,E,53,2,4,0.51,0.52,0.5
FRS_setE_posA_051_posB_052_posC_050_record_053_frame_03.png,E,53,3,6,0.51,0.52,0.5
FRS_setE_posA_051_posB_052_posC_050_record_053_frame_04.png,E,53,4,8,0.51,0.52,0.5
FRS_setE_posA_051_posB_052_posC_050_record_053_frame_05.png,E,53,5,10,0.51,0.52,0.5
FRS_setE_posA_051_posB_052_posC_050_record_053_frame_06.png,E,53,6,12,0.51,0.52,0.5
FRS_setE_posA_051_posB_052_posC_050_record_053_frame_07.png,E,53,7,14,0.51,0.52,0.5
FRS_setE_posA_051_posB_052_posC_050_record_053_frame_08.png,E,53,8,16,0.51,0.52,0.5
FRS_setE_posA_051_posB_052_posC_050_record_053_frame_09.png,E,53,9,18,0.51,0.52,0.5
FRS_setE_posA_051_posB_052_posC_050_record_053_frame_10.png,E,53,10,20,0.51,0.52,0.5
FRS_setE_posA_051_posB_052_posC_050_record_053_frame_11.png,E,53,11,22,0.51,0.52,0.5
FRS_setE_posA_051_posB_052_posC_050_record_053_frame_12.png,E,53,12,24,0.51,0.52,0.5
FRS_setE_posA_051_posB_052_posC_050_record_053_frame_13.png,E,53,13,26,0.51,0.52,0.5
FRS_setE_posA_051_posB_052_posC_050_record_053_frame_14.png,E,53,14,28,0.51,0.52,0.5
FRS_setE_posA_051_posB_052_posC_050_record_053_frame_15.png,E,53,15,30,0.51,0.52,0.5
FRS_setE_posA_051_posB_052_posC_050_record_053_frame_16.png,E,53,16,32,0.51,0.52,0.5
FRS_setE_posA_051_posB_052_posC_050_record_053_frame_17.png,E,53,17,34,0.51,0.52,0.5
FRS_setE_posA_051_posB_052_posC_050_record_053_frame_18.png,E,53,18,36,0.51,0.52,0.5
FRS_setE_posA_051_posB_052_posC_050_record_053_frame_19.png,E,53,19,38,0.51,0.52,0.5
FRS_setE_posA_052_posB_053_posC_050_record_054_frame_00.png,E,54,0,0,0.52,0.53,0.5
FRS_setE_posA_052_posB_053_posC_050_record_054_frame_01.png,E,54,1,2,0.52,0.53,0.5
FRS_setE_posA_052_posB_053_posC_050_record_054_frame_02.png,E,54,2,4,0.52,0.53,0.5
FRS_setE_posA_052_posB_053_posC_050_record_054_frame_03.png,E,54,3,6,0.52,0.53,0.5
FRS_setE_posA_052_posB_053_posC_050_record_054_frame_04.png,E,54,4,8,0.52,0.53,0.5
FRS_setE_posA_052_posB_053_posC_050_record_054_frame_05.png,E,54,5,10,0.52,0.53,0.5
FRS_setE_posA_052_posB_053_posC_050_record_054_frame_06.png,E,54,6,12,0.52,0.53,0.5
FRS_setE_posA_052_posB_053_posC_050_record_054_frame_07.png,E,54,7,14,0.52,0.53,0.5
FRS_setE_posA_052_posB_053_posC_050_record_054_frame_08.png,E,54,8,16,0.52,0.53,0.5
FRS_setE_posA_052_posB_053_posC_050_record_054_frame_09.png,E,54,9,18,0.52,0.53,0.5
FRS_setE_posA_052_posB_053_posC_050_record_054_frame_10.png,E,54,10,20,0.52,0.53,0.5
FRS_setE_posA_052_posB_053_posC_050_record_054_frame_11.png,E,54,11,22,0.52,0.53,0.5
FRS_setE_posA_052_posB_053_posC_050_record_054_frame_12.png,E,54,12,24,0.52,0.53,0.5
FRS_setE_posA_052_posB_053_posC_050_record_054_frame_13.png,E,54,13,26,0.52,0.53,0.5
FRS_setE_posA_052_posB_053_posC_050_record_054_frame_14.png,E,54,14,28,0.52,0.53,0.5
FRS_setE_posA_052_posB_053_posC_050_record_054_frame_15.png,E,54,15,30,0.52,0.53,0.5
FRS_setE_posA_052_posB_053_posC_050_record_054_frame_16.png,E,54,16,32,0.52,0.53,0.5
FRS_setE_posA_052_posB_053_posC_050_record_054_frame_17.png,E,54,17,34,0.52,0.53,0.5
FRS_setE_posA_052_posB_053_posC_050_record_054_frame_18.png,E,54,18,36,0.52,0.53,0.5
FRS_setE_posA_052_posB_053_posC_050_record_054_frame_19.png,E,54,19,38,0.52,0.53,0.5
FRS_setE_posA_052_posB_053_posC_051_record_055_frame_00.png,E,55,0,0,0.52,0.53,0.51
FRS_setE_posA_052_posB_053_posC_051_record_055_frame_01.png,E,55,1,2,0.52,0.53,0.51
FRS_setE_posA_052_posB_053_posC_051_record_055_frame_02.png,E,55,2,4,0.52,0.53,0.51
FRS_setE_posA_052_posB_053_posC_051_record_055_frame_03.png,E,55,3,6,0.52,0.53,0.51
FRS_setE_posA_052_posB_053_posC_051_record_055_frame_04.png,E,55,4,8,0.52,0.53,0.51
FRS_setE_posA_052_posB_053_posC_051_record_055_frame_05.png,E,55,5,10,0.52,0.53,0.51
FRS_setE_posA_052_posB_053_posC_051_record_055_frame_06.png,E,55,6,12,0.52,0.53,0.51
FRS_setE_posA_052_posB_053_posC_051_record_055_frame_07.png,E,55,7,14,0.52,0.53,0.51
FRS_setE_posA_052_posB_053_posC_051_record_055_frame_08.png,E,55,8,16,0.52,0.53,0.51
FRS_setE_posA_052_posB_053_posC_051_record_055_frame_09.png,E,55,9,18,0.52,0.53,0.51
FRS_setE_posA_052_posB_053_posC_051_record_055_frame_10.png,E,55,10,20,0.52,0.53,0.51
FRS_setE_posA_052_posB_053_posC_051_record_055_frame_11.png,E,55,11,22,0.52,0.53,0.51
FRS_setE_posA_052_posB_053_posC_051_record_055_frame_12.png,E,55,12,24,0.52,0.53,0.51
FRS_setE_posA_052_posB_053_posC_051_record_055_frame_13.png,E,55,13,26,0.52,0.53,0.51
FRS_setE_posA_052_posB_053_posC_051_record_055_frame_14.png,E,55,14,28,0.52,0.53,0.51
FRS_setE_posA_052_posB_053_posC_051_record_055_frame_15.png,E,55,15,30,0.52,0.53,0.51
FRS_setE_posA_052_posB_053_posC_051_record_055_frame_16.png,E,55,16,32,0.52,0.53,0.51
FRS_setE_posA_052_posB_053_posC_051_record_055_frame_17.png,E,55,17,34,0.52,0.53,0.51
FRS_setE_posA_052_posB_053_posC_051_record_055_frame_18.png,E,55,18,36,0.52,0.53,0.51
FRS_setE_posA_052_posB_053_posC_051_record_055_frame_19.png,E,55,19,38,0.52,0.53,0.51
FRS_setE_posA_052_posB_054_posC_051_record_056_frame_00.png,E,56,0,0,0.52,0.54,0.51
FRS_setE_posA_052_posB_054_posC_051_record_056_frame_01.png,E,56,1,2,0.52,0.54,0.51
FRS_setE_posA_052_posB_054_posC_051_record_056_frame_02.png,E,56,2,4,0.52,0.54,0.51
FRS_setE_posA_052_posB_054_posC_051_record_056_frame_03.png,E,56,3,6,0.52,0.54,0.51
FRS_setE_posA_052_posB_054_posC_051_record_056_frame_04.png,E,56,4,8,0.52,0.54,0.51
FRS_setE_posA_052_posB_054_posC_051_record_056_frame_05.png,E,56,5,10,0.52,0.54,0.51
FRS_setE_posA_052_posB_054_posC_051_record_056_frame_06.png,E,56,6,12,0.52,0.54,0.51
FRS_setE_posA_052_posB_054_posC_051_record_056_frame_07.png,E,56,7,14,0.52,0.54,0.51
FRS_setE_posA_052_posB_054_posC_051_record_056_frame_08.png,E,56,8,16,0.52,0.54,0.51
FRS_setE_posA_052_posB_054_posC_051_record_056_frame_09.png,E,56,9,18,0.52,0.54,0.51
FRS_setE_posA_052_posB_054_posC_051_record_056_frame_10.png,E,56,10,20,0.52,0.54,0.51
FRS_setE_posA_052_posB_054_posC_051_record_056_frame_11.png,E,56,11,22,0.52,0.54,0.51
FRS_setE_posA_052_posB_054_posC_051_record_056_frame_12.png,E,56,12,24,0.52,0.54,0.51
FRS_setE_posA_052_posB_054_posC_051_record_056_frame_13.png,E,56,13,26,0.52,0.54,0.51
FRS_setE_posA_052_posB_054_posC_051_record_056_frame_14.png,E,56,14,28,0.52,0.54,0.51
FRS_setE_posA_052_posB_054_posC_051_record_056_frame_15.png,E,56,15,30,0.52,0.54,0.51
FRS_setE_posA_052_posB_054_posC_051_record_056_frame_16.png,E,56,16,32,0.52,0.54,0.51
FRS_setE_posA_052_posB_054_posC_051_record_056_frame_17.png,E,56,17,34,0.52,0.54,0.51
FRS_setE_posA_052_posB_054_posC_051_record_056_frame_18.png,E,56,18,36,0.52,0.54,0.51
FRS_setE_posA_052_posB_054_posC_051_record_056_frame_19.png,E,56,19,38,0.52,0.54,0.51
FRS_setE_posA_053_posB_054_posC_051_record_057_frame_00.png,E,57,0,0,0.53,0.54,0.51
FRS_setE_posA_053_posB_054_posC_051_record_057_frame_01.png,E,57,1,2,0.53,0.54,0.51
FRS_setE_posA_053_posB_054_posC_051_record_057_frame_02.png,E,57,2,4,0.53,0.54,0.51
FRS_setE_posA_053_posB_054_posC_051_record_057_frame_03.png,E,57,3,6,0.53,0.54,0.51
FRS_setE_posA_053_posB_054_posC_051_record_057_frame_04.png,E,57,4,8,0.53,0.54,0.51
FRS_setE_posA_053_posB_054_posC_051_record_057_frame_05.png,E,57,5,10,0.53,0.54,0.51
FRS_setE_posA_053_posB_054_posC_051_record_057_frame_06.png,E,57,6,12,0.53,0.54,0.51
FRS_setE_posA_053_posB_054_posC_051_record_057_frame_07.png,E,57,7,14,0.53,0.54,0.51
FRS_setE_posA_053_posB_054_posC_051_record_057_frame_08.png,E,57,8,16,0.53,0.54,0.51
FRS_setE_posA_053_posB_054_posC_051_record_057_frame_09.png,E,57,9,18,0.53,0.54,0.51
FRS_setE_posA_053_posB_054_posC_051_record_057_frame_10.png,E,57,10,20,0.53,0.54,0.51
FRS_setE_posA_053_posB_054_posC_051_record_057_frame_11.png,E,57,11,22,0.53,0.54,0.51
FRS_setE_posA_053_posB_054_posC_051_record_057_frame_12.png,E,57,12,24,0.53,0.54,0.51
FRS_setE_posA_053_posB_054_posC_051_record_057_frame_13.png,E,57,13,26,0.53,0.54,0.51
FRS_setE_posA_053_posB_054_posC_051_record_057_frame_14.png,E,57,14,28,0.53,0.54,0.51
FRS_setE_posA_053_posB_054_posC_051_record_057_frame_15.png,E,57,15,30,0.53,0.54,0.51
FRS_setE_posA_053_posB_054_posC_051_record_057_frame_16.png,E,57,16,32,0.53,0.54,0.51
FRS_setE_posA_053_posB_054_posC_051_record_057_frame_17.png,E,57,17,34,0.53,0.54,0.51
FRS_setE_posA_053_posB_054_posC_051_record_057_frame_18.png,E,57,18,36,0.53,0.54,0.51
FRS_setE_posA_053_posB_054_posC_051_record_057_frame_19.png,E,57,19,38,0.53,0.54,0.51
FRS_setE_posA_054_posB_055_posC_052_record_058_frame_00.png,E,58,0,0,0.54,0.55,0.52
FRS_setE_posA_054_posB_055_posC_052_record_058_frame_01.png,E,58,1,2,0.54,0.55,0.52
FRS_setE_posA_054_posB_055_posC_052_record_058_frame_02.png,E,58,2,4,0.54,0.55,0.52
FRS_setE_posA_054_posB_055_posC_052_record_058_frame_03.png,E,58,3,6,0.54,0.55,0.52
FRS_setE_posA_054_posB_055_posC_052_record_058_frame_04.png,E,58,4,8,0.54,0.55,0.52
FRS_setE_posA_054_posB_055_posC_052_record_058_frame_05.png,E,58,5,10,0.54,0.55,0.52
FRS_setE_posA_054_posB_055_posC_052_record_058_frame_06.png,E,58,6,12,0.54,0.55,0.52
FRS_setE_posA_054_posB_055_posC_052_record_058_frame_07.png,E,58,7,14,0.54,0.55,0.52
FRS_setE_posA_054_posB_055_posC_052_record_058_frame_08.png,E,58,8,16,0.54,0.55,0.52
FRS_setE_posA_054_posB_055_posC_052_record_058_frame_09.png,E,58,9,18,0.54,0.55,0.52
FRS_setE_posA_054_posB_055_posC_052_record_058_frame_10.png,E,58,10,20,0.54,0.55,0.52
FRS_setE_posA_054_posB_055_posC_052_record_058_frame_11.png,E,58,11,22,0.54,0.55,0.52
FRS_setE_posA_054_posB_055_posC_052_record_058_frame_12.png,E,58,12,24,0.54,0.55,0.52
FRS_setE_posA_054_posB_055_posC_052_record_058_frame_13.png,E,58,13,26,0.54,0.55,0.52
FRS_setE_posA_054_posB_055_posC_052_record_058_frame_14.png,E,58,14,28,0.54,0.55,0.52
FRS_setE_posA_054_posB_055_posC_052_record_058_frame_15.png,E,58,15,30,0.54,0.55,0.52
FRS_setE_posA_054_posB_055_posC_052_record_058_frame_16.png,E,58,16,32,0.54,0.55,0.52
FRS_setE_posA_054_posB_055_posC_052_record_058_frame_17.png,E,58,17,34,0.54,0.55,0.52
FRS_setE_posA_054_posB_055_posC_052_record_058_frame_18.png,E,58,18,36,0.54,0.55,0.52
FRS_setE_posA_054_posB_055_posC_052_record_058_frame_19.png,E,58,19,38,0.54,0.55,0.52
FRS_setE_posA_055_posB_056_posC_053_record_059_frame_00.png,E,59,0,0,0.55,0.56,0.53
FRS_setE_posA_055_posB_056_posC_053_record_059_frame_01.png,E,59,1,2,0.55,0.56,0.53
FRS_setE_posA_055_posB_056_posC_053_record_059_frame_02.png,E,59,2,4,0.55,0.56,0.53
FRS_setE_posA_055_posB_056_posC_053_record_059_frame_03.png,E,59,3,6,0.55,0.56,0.53
FRS_setE_posA_055_posB_056_posC_053_record_059_frame_04.png,E,59,4,8,0.55,0.56,0.53
FRS_setE_posA_055_posB_056_posC_053_record_059_frame_05.png,E,59,5,10,0.55,0.56,0.53
FRS_setE_posA_055_posB_056_posC_053_record_059_frame_06.png,E,59,6,12,0.55,0.56,0.53
FRS_setE_posA_055_posB_056_posC_053_record_059_frame_07.png,E,59,7,14,0.55,0.56,0.53
FRS_setE_posA_055_posB_056_posC_053_record_059_frame_08.png,E,59,8,16,0.55,0.56,0.53
FRS_setE_posA_055_posB_056_posC_053_record_059_frame_09.png,E,59,9,18,0.55,0.56,0.53
FRS_setE_posA_055_posB_056_posC_053_record_059_frame_10.png,E,59,10,20,0.55,0.56,0.53
FRS_setE_posA_055_posB_056_posC_053_record_059_frame_11.png,E,59,11,22,0.55,0.56,0.53
FRS_setE_posA_055_posB_056_posC_053_record_059_frame_12.png,E,59,12,24,0.55,0.56,0.53
FRS_setE_posA_055_posB_056_posC_053_record_059_frame_13.png,E,59,13,26,0.55,0.56,0.53
FRS_setE_posA_055_posB_056_posC_053_record_059_frame_14.png,E,59,14,28,0.55,0.56,0.53
FRS_setE_posA_055_posB_056_posC_053_record_059_frame_15.png,E,59,15,30,0.55,0.56,0.53
FRS_setE_posA_055_posB_056_posC_053_record_059_frame_16.png,E,59,16,32,0.55,0.56,0.53
FRS_setE_posA_055_posB_056_posC_053_record_059_frame_17.png,E,59,17,34,0.55,0.56,0.53
FRS_setE_posA_055_posB_056_posC_053_record_059_frame_18.png,E,59,18,36,0.55,0.56,0.53
FRS_setE_posA_055_posB_056_posC_053_record_059_frame_19.png,E,59,19,38,0.55,0.56,0.53
FRS_setE_posA_056_posB_056_posC_053_record_060_frame_00.png,E,60,0,0,0.56,0.56,0.53
FRS_setE_posA_056_posB_056_posC_053_record_060_frame_01.png,E,60,1,2,0.56,0.56,0.53
FRS_setE_posA_056_posB_056_posC_053_record_060_frame_02.png,E,60,2,4,0.56,0.56,0.53
FRS_setE_posA_056_posB_056_posC_053_record_060_frame_03.png,E,60,3,6,0.56,0.56,0.53
FRS_setE_posA_056_posB_056_posC_053_record_060_frame_04.png,E,60,4,8,0.56,0.56,0.53
FRS_setE_posA_056_posB_056_posC_053_record_060_frame_05.png,E,60,5,10,0.56,0.56,0.53
FRS_setE_posA_056_posB_056_posC_053_record_060_frame_06.png,E,60,6,12,0.56,0.56,0.53
FRS_setE_posA_056_posB_056_posC_053_record_060_frame_07.png,E,60,7,14,0.56,0.56,0.53
FRS_setE_posA_056_posB_056_posC_053_record_060_frame_08.png,E,60,8,16,0.56,0.56,0.53
FRS_setE_posA_056_posB_056_posC_053_record_060_frame_09.png,E,60,9,18,0.56,0.56,0.53
FRS_setE_posA_056_posB_056_posC_053_record_060_frame_10.png,E,60,10,20,0.56,0.56,0.53
FRS_setE_posA_056_posB_056_posC_053_record_060_frame_11.png,E,60,11,22,0.56,0.56,0.53
FRS_setE_posA_056_posB_056_posC_053_record_060_frame_12.png,E,60,12,24,0.56,0.56,0.53
FRS_setE_posA_056_posB_056_posC_053_record_060_frame_13.png,E,60,13,26,0.56,0.56,0.53
FRS_setE_posA_056_posB_056_posC_053_record_060_frame_14.png,E,60,14,28,0.56,0.56,0.53
FRS_setE_posA_056_posB_056_posC_053_record_060_frame_15.png,E,60,15,30,0.56,0.56,0.53
FRS_setE_posA_056_posB_056_posC_053_record_060_frame_16.png,E,60,16,32,0.56,0.56,0.53
FRS_setE_posA_056_posB_056_posC_053_record_060_frame_17.png,E,60,17,34,0.56,0.56,0.53
FRS_setE_posA_056_posB_056_posC_053_record_060_frame_18.png,E,60,18,36,0.56,0.56,0.53
FRS_setE_posA_056_posB_056_posC_053_record_060_frame_19.png,E,60,19,38,0.56,0.56,0.53
FRS_setE_posA_056_posB_057_posC_054_record_061_frame_00.png,E,61,0,0,0.56,0.57,0.54
FRS_setE_posA_056_posB_057_posC_054_record_061_frame_01.png,E,61,1,2,0.56,0.57,0.54
FRS_setE_posA_056_posB_057_posC_054_record_061_frame_02.png,E,61,2,4,0.56,0.57,0.54
FRS_setE_posA_056_posB_057_posC_054_record_061_frame_03.png,E,61,3,6,0.56,0.57,0.54
FRS_setE_posA_056_posB_057_posC_054_record_061_frame_04.png,E,61,4,8,0.56,0.57,0.54
FRS_setE_posA_056_posB_057_posC_054_record_061_frame_05.png,E,61,5,10,0.56,0.57,0.54
FRS_setE_posA_056_posB_057_posC_054_record_061_frame_06.png,E,61,6,12,0.56,0.57,0.54
FRS_setE_posA_056_posB_057_posC_054_record_061_frame_07.png,E,61,7,14,0.56,0.57,0.54
FRS_setE_posA_056_posB_057_posC_054_record_061_frame_08.png,E,61,8,16,0.56,0.57,0.54
FRS_setE_posA_056_posB_057_posC_054_record_061_frame_09.png,E,61,9,18,0.56,0.57,0.54
FRS_setE_posA_056_posB_057_posC_054_record_061_frame_10.png,E,61,10,20,0.56,0.57,0.54
FRS_setE_posA_056_posB_057_posC_054_record_061_frame_11.png,E,61,11,22,0.56,0.57,0.54
FRS_setE_posA_056_posB_057_posC_054_record_061_frame_12.png,E,61,12,24,0.56,0.57,0.54
FRS_setE_posA_056_posB_057_posC_054_record_061_frame_13.png,E,61,13,26,0.56,0.57,0.54
FRS_setE_posA_056_posB_057_posC_054_record_061_frame_14.png,E,61,14,28,0.56,0.57,0.54
FRS_setE_posA_056_posB_057_posC_054_record_061_frame_15.png,E,61,15,30,0.56,0.57,0.54
FRS_setE_posA_056_posB_057_posC_054_record_061_frame_16.png,E,61,16,32,0.56,0.57,0.54
FRS_setE_posA_056_posB_057_posC_054_record_061_frame_17.png,E,61,17,34,0.56,0.57,0.54
FRS_setE_posA_056_posB_057_posC_054_record_061_frame_18.png,E,61,18,36,0.56,0.57,0.54
FRS_setE_posA_056_posB_057_posC_054_record_061_frame_19.png,E,61,19,38,0.56,0.57,0.54
FRS_setE_posA_057_posB_057_posC_054_record_062_frame_00.png,E,62,0,0,0.57,0.57,0.54
FRS_setE_posA_057_posB_057_posC_054_record_062_frame_01.png,E,62,1,2,0.57,0.57,0.54
FRS_setE_posA_057_posB_057_posC_054_record_062_frame_02.png,E,62,2,4,0.57,0.57,0.54
FRS_setE_posA_057_posB_057_posC_054_record_062_frame_03.png,E,62,3,6,0.57,0.57,0.54
FRS_setE_posA_057_posB_057_posC_054_record_062_frame_04.png,E,62,4,8,0.57,0.57,0.54
FRS_setE_posA_057_posB_057_posC_054_record_062_frame_05.png,E,62,5,10,0.57,0.57,0.54
FRS_setE_posA_057_posB_057_posC_054_record_062_frame_06.png,E,62,6,12,0.57,0.57,0.54
FRS_setE_posA_057_posB_057_posC_054_record_062_frame_07.png,E,62,7,14,0.57,0.57,0.54
FRS_setE_posA_057_posB_057_posC_054_record_062_frame_08.png,E,62,8,16,0.57,0.57,0.54
FRS_setE_posA_057_posB_057_posC_054_record_062_frame_09.png,E,62,9,18,0.57,0.57,0.54
FRS_setE_posA_057_posB_057_posC_054_record_062_frame_10.png,E,62,10,20,0.57,0.57,0.54
FRS_setE_posA_057_posB_057_posC_054_record_062_frame_11.png,E,62,11,22,0.57,0.57,0.54
FRS_setE_posA_057_posB_057_posC_054_record_062_frame_12.png,E,62,12,24,0.57,0.57,0.54
FRS_setE_posA_057_posB_057_posC_054_record_062_frame_13.png,E,62,13,26,0.57,0.57,0.54
FRS_setE_posA_057_posB_057_posC_054_record_062_frame_14.png,E,62,14,28,0.57,0.57,0.54
FRS_setE_posA_057_posB_057_posC_054_record_062_frame_15.png,E,62,15,30,0.57,0.57,0.54
FRS_setE_posA_057_posB_057_posC_054_record_062_frame_16.png,E,62,16,32,0.57,0.57,0.54
FRS_setE_posA_057_posB_057_posC_054_record_062_frame_17.png,E,62,17,34,0.57,0.57,0.54
FRS_setE_posA_057_posB_057_posC_054_record_062_frame_18.png,E,62,18,36,0.57,0.57,0.54
FRS_setE_posA_057_posB_057_posC_054_record_062_frame_19.png,E,62,19,38,0.57,0.57,0.54
FRS_setE_posA_058_posB_057_posC_054_record_063_frame_00.png,E,63,0,0,0.58,0.57,0.54
FRS_setE_posA_058_posB_057_posC_054_record_063_frame_01.png,E,63,1,2,0.58,0.57,0.54
FRS_setE_posA_058_posB_057_posC_054_record_063_frame_02.png,E,63,2,4,0.58,0.57,0.54
FRS_setE_posA_058_posB_057_posC_054_record_063_frame_03.png,E,63,3,6,0.58,0.57,0.54
FRS_setE_posA_058_posB_057_posC_054_record_063_frame_04.png,E,63,4,8,0.58,0.57,0.54
FRS_setE_posA_058_posB_057_posC_054_record_063_frame_05.png,E,63,5,10,0.58,0.57,0.54
FRS_setE_posA_058_posB_057_posC_054_record_063_frame_06.png,E,63,6,12,0.58,0.57,0.54
FRS_setE_posA_058_posB_057_posC_054_record_063_frame_07.png,E,63,7,14,0.58,0.57,0.54
FRS_setE_posA_058_posB_057_posC_054_record_063_frame_08.png,E,63,8,16,0.58,0.57,0.54
FRS_setE_posA_058_posB_057_posC_054_record_063_frame_09.png,E,63,9,18,0.58,0.57,0.54
FRS_setE_posA_058_posB_057_posC_054_record_063_frame_10.png,E,63,10,20,0.58,0.57,0.54
FRS_setE_posA_058_posB_057_posC_054_record_063_frame_11.png,E,63,11,22,0.58,0.57,0.54
FRS_setE_posA_058_posB_057_posC_054_record_063_frame_12.png,E,63,12,24,0.58,0.57,0.54
FRS_setE_posA_058_posB_057_posC_054_record_063_frame_13.png,E,63,13,26,0.58,0.57,0.54
FRS_setE_posA_058_posB_057_posC_054_record_063_frame_14.png,E,63,14,28,0.58,0.57,0.54
FRS_setE_posA_058_posB_057_posC_054_record_063_frame_15.png,E,63,15,30,0.58,0.57,0.54
FRS_setE_posA_058_posB_057_posC_054_record_063_frame_16.png,E,63,16,32,0.58,0.57,0.54
FRS_setE_posA_058_posB_057_posC_054_record_063_frame_17.png,E,63,17,34,0.58,0.57,0.54
FRS_setE_posA_058_posB_057_posC_054_record_063_frame_18.png,E,63,18,36,0.58,0.57,0.54
FRS_setE_posA_058_posB_057_posC_054_record_063_frame_19.png,E,63,19,38,0.58,0.57,0.54
FRS_setE_posA_058_posB_058_posC_054_record_064_frame_00.png,E,64,0,0,0.58,0.58,0.54
FRS_setE_posA_058_posB_058_posC_054_record_064_frame_01.png,E,64,1,2,0.58,0.58,0.54
FRS_setE_posA_058_posB_058_posC_054_record_064_frame_02.png,E,64,2,4,0.58,0.58,0.54
FRS_setE_posA_058_posB_058_posC_054_record_064_frame_03.png,E,64,3,6,0.58,0.58,0.54
FRS_setE_posA_058_posB_058_posC_054_record_064_frame_04.png,E,64,4,8,0.58,0.58,0.54
FRS_setE_posA_058_posB_058_posC_054_record_064_frame_05.png,E,64,5,10,0.58,0.58,0.54
FRS_setE_posA_058_posB_058_posC_054_record_064_frame_06.png,E,64,6,12,0.58,0.58,0.54
FRS_setE_posA_058_posB_058_posC_054_record_064_frame_07.png,E,64,7,14,0.58,0.58,0.54
FRS_setE_posA_058_posB_058_posC_054_record_064_frame_08.png,E,64,8,16,0.58,0.58,0.54
FRS_setE_posA_058_posB_058_posC_054_record_064_frame_09.png,E,64,9,18,0.58,0.58,0.54
FRS_setE_posA_058_posB_058_posC_054_record_064_frame_10.png,E,64,10,20,0.58,0.58,0.54
FRS_setE_posA_058_posB_058_posC_054_record_064_frame_11.png,E,64,11,22,0.58,0.58,0.54
FRS_setE_posA_058_posB_058_posC_054_record_064_frame_12.png,E,64,12,24,0.58,0.58,0.54
FRS_setE_posA_058_posB_058_posC_054_record_064_frame_13.png,E,64,13,26,0.58,0.58,0.54
FRS_setE_posA_058_posB_058_posC_054_record_064_frame_14.png,E,64,14,28,0.58,0.58,0.54
FRS_setE_posA_058_posB_058_posC_054_record_064_frame_15.png,E,64,15,30,0.58,0.58,0.54
FRS_setE_posA_058_posB_058_posC_054_record_064_frame_16.png,E,64,16,32,0.58,0.58,0.54
FRS_setE_posA_058_posB_058_posC_054_record_064_frame_17.png,E,64,17,34,0.58,0.58,0.54
FRS_setE_posA_058_posB_058_posC_054_record_064_frame_18.png,E,64,18,36,0.58,0.58,0.54
FRS_setE_posA_058_posB_058_posC_054_record_064_frame_19.png,E,64,19,38,0.58,0.58,0.54
FRS_setE_posA_059_posB_058_posC_055_record_065_frame_00.png,E,65,0,0,0.59,0.58,0.55
FRS_setE_posA_059_posB_058_posC_055_record_065_frame_01.png,E,65,1,2,0.59,0.58,0.55
FRS_setE_posA_059_posB_058_posC_055_record_065_frame_02.png,E,65,2,4,0.59,0.58,0.55
FRS_setE_posA_059_posB_058_posC_055_record_065_frame_03.png,E,65,3,6,0.59,0.58,0.55
FRS_setE_posA_059_posB_058_posC_055_record_065_frame_04.png,E,65,4,8,0.59,0.58,0.55
FRS_setE_posA_059_posB_058_posC_055_record_065_frame_05.png,E,65,5,10,0.59,0.58,0.55
FRS_setE_posA_059_posB_058_posC_055_record_065_frame_06.png,E,65,6,12,0.59,0.58,0.55
FRS_setE_posA_059_posB_058_posC_055_record_065_frame_07.png,E,65,7,14,0.59,0.58,0.55
FRS_setE_posA_059_posB_058_posC_055_record_065_frame_08.png,E,65,8,16,0.59,0.58,0.55
FRS_setE_posA_059_posB_058_posC_055_record_065_frame_09.png,E,65,9,18,0.59,0.58,0.55
FRS_setE_posA_059_posB_058_posC_055_record_065_frame_10.png,E,65,10,20,0.59,0.58,0.55
FRS_setE_posA_059_posB_058_posC_055_record_065_frame_11.png,E,65,11,22,0.59,0.58,0.55
FRS_setE_posA_059_posB_058_posC_055_record_065_frame_12.png,E,65,12,24,0.59,0.58,0.55
FRS_setE_posA_059_posB_058_posC_055_record_065_frame_13.png,E,65,13,26,0.59,0.58,0.55
FRS_setE_posA_059_posB_058_posC_055_record_065_frame_14.png,E,65,14,28,0.59,0.58,0.55
FRS_setE_posA_059_posB_058_posC_055_record_065_frame_15.png,E,65,15,30,0.59,0.58,0.55
FRS_setE_posA_059_posB_058_posC_055_record_065_frame_16.png,E,65,16,32,0.59,0.58,0.55
FRS_setE_posA_059_posB_058_posC_055_record_065_frame_17.png,E,65,17,34,0.59,0.58,0.55
FRS_setE_posA_059_posB_058_posC_055_record_065_frame_18.png,E,65,18,36,0.59,0.58,0.55
FRS_setE_posA_059_posB_058_posC_055_record_065_frame_19.png,E,65,19,38,0.59,0.58,0.55
FRS_setE_posA_060_posB_059_posC_056_record_066_frame_00.png,E,66,0,0,0.6,0.59,0.56
FRS_setE_posA_060_posB_059_posC_056_record_066_frame_01.png,E,66,1,2,0.6,0.59,0.56
FRS_setE_posA_060_posB_059_posC_056_record_066_frame_02.png,E,66,2,4,0.6,0.59,0.56
FRS_setE_posA_060_posB_059_posC_056_record_066_frame_03.png,E,66,3,6,0.6,0.59,0.56
FRS_setE_posA_060_posB_059_posC_056_record_066_frame_04.png,E,66,4,8,0.6,0.59,0.56
FRS_setE_posA_060_posB_059_posC_056_record_066_frame_05.png,E,66,5,10,0.6,0.59,0.56
FRS_setE_posA_060_posB_059_posC_056_record_066_frame_06.png,E,66,6,12,0.6,0.59,0.56
FRS_setE_posA_060_posB_059_posC_056_record_066_frame_07.png,E,66,7,14,0.6,0.59,0.56
FRS_setE_posA_060_posB_059_posC_056_record_066_frame_08.png,E,66,8,16,0.6,0.59,0.56
FRS_setE_posA_060_posB_059_posC_056_record_066_frame_09.png,E,66,9,18,0.6,0.59,0.56
FRS_setE_posA_060_posB_059_posC_056_record_066_frame_10.png,E,66,10,20,0.6,0.59,0.56
FRS_setE_posA_060_posB_059_posC_056_record_066_frame_11.png,E,66,11,22,0.6,0.59,0.56
FRS_setE_posA_060_posB_059_posC_056_record_066_frame_12.png,E,66,12,24,0.6,0.59,0.56
FRS_setE_posA_060_posB_059_posC_056_record_066_frame_13.png,E,66,13,26,0.6,0.59,0.56
FRS_setE_posA_060_posB_059_posC_056_record_066_frame_14.png,E,66,14,28,0.6,0.59,0.56
FRS_setE_posA_060_posB_059_posC_056_record_066_frame_15.png,E,66,15,30,0.6,0.59,0.56
FRS_setE_posA_060_posB_059_posC_056_record_066_frame_16.png,E,66,16,32,0.6,0.59,0.56
FRS_setE_posA_060_posB_059_posC_056_record_066_frame_17.png,E,66,17,34,0.6,0.59,0.56
FRS_setE_posA_060_posB_059_posC_056_record_066_frame_18.png,E,66,18,36,0.6,0.59,0.56
FRS_setE_posA_060_posB_059_posC_056_record_066_frame_19.png,E,66,19,38,0.6,0.59,0.56
FRS_setE_posA_061_posB_059_posC_057_record_067_frame_00.png,E,67,0,0,0.61,0.59,0.57
FRS_setE_posA_061_posB_059_posC_057_record_067_frame_01.png,E,67,1,2,0.61,0.59,0.57
FRS_setE_posA_061_posB_059_posC_057_record_067_frame_02.png,E,67,2,4,0.61,0.59,0.57
FRS_setE_posA_061_posB_059_posC_057_record_067_frame_03.png,E,67,3,6,0.61,0.59,0.57
FRS_setE_posA_061_posB_059_posC_057_record_067_frame_04.png,E,67,4,8,0.61,0.59,0.57
FRS_setE_posA_061_posB_059_posC_057_record_067_frame_05.png,E,67,5,10,0.61,0.59,0.57
FRS_setE_posA_061_posB_059_posC_057_record_067_frame_06.png,E,67,6,12,0.61,0.59,0.57
FRS_setE_posA_061_posB_059_posC_057_record_067_frame_07.png,E,67,7,14,0.61,0.59,0.57
FRS_setE_posA_061_posB_059_posC_057_record_067_frame_08.png,E,67,8,16,0.61,0.59,0.57
FRS_setE_posA_061_posB_059_posC_057_record_067_frame_09.png,E,67,9,18,0.61,0.59,0.57
FRS_setE_posA_061_posB_059_posC_057_record_067_frame_10.png,E,67,10,20,0.61,0.59,0.57
FRS_setE_posA_061_posB_059_posC_057_record_067_frame_11.png,E,67,11,22,0.61,0.59,0.57
FRS_setE_posA_061_posB_059_posC_057_record_067_frame_12.png,E,67,12,24,0.61,0.59,0.57
FRS_setE_posA_061_posB_059_posC_057_record_067_frame_13.png,E,67,13,26,0.61,0.59,0.57
FRS_setE_posA_061_posB_059_posC_057_record_067_frame_14.png,E,67,14,28,0.61,0.59,0.57
FRS_setE_posA_061_posB_059_posC_057_record_067_frame_15.png,E,67,15,30,0.61,0.59,0.57
FRS_setE_posA_061_posB_059_posC_057_record_067_frame_16.png,E,67,16,32,0.61,0.59,0.57
FRS_setE_posA_061_posB_059_posC_057_record_067_frame_17.png,E,67,17,34,0.61,0.59,0.57
FRS_setE_posA_061_posB_059_posC_057_record_067_frame_18.png,E,67,18,36,0.61,0.59,0.57
FRS_setE_posA_061_posB_059_posC_057_record_067_frame_19.png,E,67,19,38,0.61,0.59,0.57
FRS_setE_posA_061_posB_060_posC_057_record_068_frame_00.png,E,68,0,0,0.61,0.6,0.57
FRS_setE_posA_061_posB_060_posC_057_record_068_frame_01.png,E,68,1,2,0.61,0.6,0.57
FRS_setE_posA_061_posB_060_posC_057_record_068_frame_02.png,E,68,2,4,0.61,0.6,0.57
FRS_setE_posA_061_posB_060_posC_057_record_068_frame_03.png,E,68,3,6,0.61,0.6,0.57
FRS_setE_posA_061_posB_060_posC_057_record_068_frame_04.png,E,68,4,8,0.61,0.6,0.57
FRS_setE_posA_061_posB_060_posC_057_record_068_frame_05.png,E,68,5,10,0.61,0.6,0.57
FRS_setE_posA_061_posB_060_posC_057_record_068_frame_06.png,E,68,6,12,0.61,0.6,0.57
FRS_setE_posA_061_posB_060_posC_057_record_068_frame_07.png,E,68,7,14,0.61,0.6,0.57
FRS_setE_posA_061_posB_060_posC_057_record_068_frame_08.png,E,68,8,16,0.61,0.6,0.57
FRS_setE_posA_061_posB_060_posC_057_record_068_frame_09.png,E,68,9,18,0.61,0.6,0.57
FRS_setE_posA_061_posB_060_posC_057_record_068_frame_10.png,E,68,10,20,0.61,0.6,0.57
FRS_setE_posA_061_posB_060_posC_057_record_068_frame_11.png,E,68,11,22,0.61,0.6,0.57
FRS_setE_posA_061_posB_060_posC_057_record_068_frame_12.png,E,68,12,24,0.61,0.6,0.57
FRS_setE_posA_061_posB_060_posC_057_record_068_frame_13.png,E,68,13,26,0.61,0.6,0.57
FRS_setE_posA_061_posB_060_posC_057_record_068_frame_14.png,E,68,14,28,0.61,0.6,0.57
FRS_setE_posA_061_posB_060_posC_057_record_068_frame_15.png,E,68,15,30,0.61,0.6,0.57
FRS_setE_posA_061_posB_060_posC_057_record_068_frame_16.png,E,68,16,32,0.61,0.6,0.57
FRS_setE_posA_061_posB_060_posC_057_record_068_frame_17.png,E,68,17,34,0.61,0.6,0.57
FRS_setE_posA_061_posB_060_posC_057_record_068_frame_18.png,E,68,18,36,0.61,0.6,0.57
FRS_setE_posA_061_posB_060_posC_057_record_068_frame_19.png,E,68,19,38,0.61,0.6,0.57
FRS_setE_posA_061_posB_060_posC_058_record_069_frame_00.png,E,69,0,0,0.61,0.6,0.58
FRS_setE_posA_061_posB_060_posC_058_record_069_frame_01.png,E,69,1,2,0.61,0.6,0.58
FRS_setE_posA_061_posB_060_posC_058_record_069_frame_02.png,E,69,2,4,0.61,0.6,0.58
FRS_setE_posA_061_posB_060_posC_058_record_069_frame_03.png,E,69,3,6,0.61,0.6,0.58
FRS_setE_posA_061_posB_060_posC_058_record_069_frame_04.png,E,69,4,8,0.61,0.6,0.58
FRS_setE_posA_061_posB_060_posC_058_record_069_frame_05.png,E,69,5,10,0.61,0.6,0.58
FRS_setE_posA_061_posB_060_posC_058_record_069_frame_06.png,E,69,6,12,0.61,0.6,0.58
FRS_setE_posA_061_posB_060_posC_058_record_069_frame_07.png,E,69,7,14,0.61,0.6,0.58
FRS_setE_posA_061_posB_060_posC_058_record_069_frame_08.png,E,69,8,16,0.61,0.6,0.58
FRS_setE_posA_061_posB_060_posC_058_record_069_frame_09.png,E,69,9,18,0.61,0.6,0.58
FRS_setE_posA_061_posB_060_posC_058_record_069_frame_10.png,E,69,10,20,0.61,0.6,0.58
FRS_setE_posA_061_posB_060_posC_058_record_069_frame_11.png,E,69,11,22,0.61,0.6,0.58
FRS_setE_posA_061_posB_060_posC_058_record_069_frame_12.png,E,69,12,24,0.61,0.6,0.58
FRS_setE_posA_061_posB_060_posC_058_record_069_frame_13.png,E,69,13,26,0.61,0.6,0.58
FRS_setE_posA_061_posB_060_posC_058_record_069_frame_14.png,E,69,14,28,0.61,0.6,0.58
FRS_setE_posA_061_posB_060_posC_058_record_069_frame_15.png,E,69,15,30,0.61,0.6,0.58
FRS_setE_posA_061_posB_060_posC_058_record_069_frame_16.png,E,69,16,32,0.61,0.6,0.58
FRS_setE_posA_061_posB_060_posC_058_record_069_frame_17.png,E,69,17,34,0.61,0.6,0.58
FRS_setE_posA_061_posB_060_posC_058_record_069_frame_18.png,E,69,18,36,0.61,0.6,0.58
FRS_setE_posA_061_posB_060_posC_058_record_069_frame_19.png,E,69,19,38,0.61,0.6,0.58
FRS_setE_posA_062_posB_059_posC_058_record_070_frame_00.png,E,70,0,0,0.62,0.59,0.58
FRS_setE_posA_062_posB_059_posC_058_record_070_frame_01.png,E,70,1,2,0.62,0.59,0.58
FRS_setE_posA_062_posB_059_posC_058_record_070_frame_02.png,E,70,2,4,0.62,0.59,0.58
FRS_setE_posA_062_posB_059_posC_058_record_070_frame_03.png,E,70,3,6,0.62,0.59,0.58
FRS_setE_posA_062_posB_059_posC_058_record_070_frame_04.png,E,70,4,8,0.62,0.59,0.58
FRS_setE_posA_062_posB_059_posC_058_record_070_frame_05.png,E,70,5,10,0.62,0.59,0.58
FRS_setE_posA_062_posB_059_posC_058_record_070_frame_06.png,E,70,6,12,0.62,0.59,0.58
FRS_setE_posA_062_posB_059_posC_058_record_070_frame_07.png,E,70,7,14,0.62,0.59,0.58
FRS_setE_posA_062_posB_059_posC_058_record_070_frame_08.png,E,70,8,16,0.62,0.59,0.58
FRS_setE_posA_062_posB_059_posC_058_record_070_frame_09.png,E,70,9,18,0.62,0.59,0.58
FRS_setE_posA_062_posB_059_posC_058_record_070_frame_10.png,E,70,10,20,0.62,0.59,0.58
FRS_setE_posA_062_posB_059_posC_058_record_070_frame_11.png,E,70,11,22,0.62,0.59,0.58
FRS_setE_posA_062_posB_059_posC_058_record_070_frame_12.png,E,70,12,24,0.62,0.59,0.58
FRS_setE_posA_062_posB_059_posC_058_record_070_frame_13.png,E,70,13,26,0.62,0.59,0.58
FRS_setE_posA_062_posB_059_posC_058_record_070_frame_14.png,E,70,14,28,0.62,0.59,0.58
FRS_setE_posA_062_posB_059_posC_058_record_070_frame_15.png,E,70,15,30,0.62,0.59,0.58
FRS_setE_posA_062_posB_059_posC_058_record_070_frame_16.png,E,70,16,32,0.62,0.59,0.58
FRS_setE_posA_062_posB_059_posC_058_record_070_frame_17.png,E,70,17,34,0.62,0.59,0.58
FRS_setE_posA_062_posB_059_posC_058_record_070_frame_18.png,E,70,18,36,0.62,0.59,0.58
FRS_setE_posA_062_posB_059_posC_058_record_070_frame_19.png,E,70,19,38,0.62,0.59,0.58
FRS_setE_posA_063_posB_060_posC_059_record_071_frame_00.png,E,71,0,0,0.63,0.6,0.59
FRS_setE_posA_063_posB_060_posC_059_record_071_frame_01.png,E,71,1,2,0.63,0.6,0.59
FRS_setE_posA_063_posB_060_posC_059_record_071_frame_02.png,E,71,2,4,0.63,0.6,0.59
FRS_setE_posA_063_posB_060_posC_059_record_071_frame_03.png,E,71,3,6,0.63,0.6,0.59
FRS_setE_posA_063_posB_060_posC_059_record_071_frame_04.png,E,71,4,8,0.63,0.6,0.59
FRS_setE_posA_063_posB_060_posC_059_record_071_frame_05.png,E,71,5,10,0.63,0.6,0.59
FRS_setE_posA_063_posB_060_posC_059_record_071_frame_06.png,E,71,6,12,0.63,0.6,0.59
FRS_setE_posA_063_posB_060_posC_059_record_071_frame_07.png,E,71,7,14,0.63,0.6,0.59
FRS_setE_posA_063_posB_060_posC_059_record_071_frame_08.png,E,71,8,16,0.63,0.6,0.59
FRS_setE_posA_063_posB_060_posC_059_record_071_frame_09.png,E,71,9,18,0.63,0.6,0.59
FRS_setE_posA_063_posB_060_posC_059_record_071_frame_10.png,E,71,10,20,0.63,0.6,0.59
FRS_setE_posA_063_posB_060_posC_059_record_071_frame_11.png,E,71,11,22,0.63,0.6,0.59
FRS_setE_posA_063_posB_060_posC_059_record_071_frame_12.png,E,71,12,24,0.63,0.6,0.59
FRS_setE_posA_063_posB_060_posC_059_record_071_frame_13.png,E,71,13,26,0.63,0.6,0.59
FRS_setE_posA_063_posB_060_posC_059_record_071_frame_14.png,E,71,14,28,0.63,0.6,0.59
FRS_setE_posA_063_posB_060_posC_059_record_071_frame_15.png,E,71,15,30,0.63,0.6,0.59
FRS_setE_posA_063_posB_060_posC_059_record_071_frame_16.png,E,71,16,32,0.63,0.6,0.59
FRS_setE_posA_063_posB_060_posC_059_record_071_frame_17.png,E,71,17,34,0.63,0.6,0.59
FRS_setE_posA_063_posB_060_posC_059_record_071_frame_18.png,E,71,18,36,0.63,0.6,0.59
FRS_setE_posA_063_posB_060_posC_059_record_071_frame_19.png,E,71,19,38,0.63,0.6,0.59
FRS_setE_posA_064_posB_061_posC_060_record_072_frame_00.png,E,72,0,0,0.64,0.61,0.6
FRS_setE_posA_064_posB_061_posC_060_record_072_frame_01.png,E,72,1,2,0.64,0.61,0.6
FRS_setE_posA_064_posB_061_posC_060_record_072_frame_02.png,E,72,2,4,0.64,0.61,0.6
FRS_setE_posA_064_posB_061_posC_060_record_072_frame_03.png,E,72,3,6,0.64,0.61,0.6
FRS_setE_posA_064_posB_061_posC_060_record_072_frame_04.png,E,72,4,8,0.64,0.61,0.6
FRS_setE_posA_064_posB_061_posC_060_record_072_frame_05.png,E,72,5,10,0.64,0.61,0.6
FRS_setE_posA_064_posB_061_posC_060_record_072_frame_06.png,E,72,6,12,0.64,0.61,0.6
FRS_setE_posA_064_posB_061_posC_060_record_072_frame_07.png,E,72,7,14,0.64,0.61,0.6
FRS_setE_posA_064_posB_061_posC_060_record_072_frame_08.png,E,72,8,16,0.64,0.61,0.6
FRS_setE_posA_064_posB_061_posC_060_record_072_frame_09.png,E,72,9,18,0.64,0.61,0.6
FRS_setE_posA_064_posB_061_posC_060_record_072_frame_10.png,E,72,10,20,0.64,0.61,0.6
FRS_setE_posA_064_posB_061_posC_060_record_072_frame_11.png,E,72,11,22,0.64,0.61,0.6
FRS_setE_posA_064_posB_061_posC_060_record_072_frame_12.png,E,72,12,24,0.64,0.61,0.6
FRS_setE_posA_064_posB_061_posC_060_record_072_frame_13.png,E,72,13,26,0.64,0.61,0.6
FRS_setE_posA_064_posB_061_posC_060_record_072_frame_14.png,E,72,14,28,0.64,0.61,0.6
FRS_setE_posA_064_posB_061_posC_060_record_072_frame_15.png,E,72,15,30,0.64,0.61,0.6
FRS_setE_posA_064_posB_061_posC_060_record_072_frame_16.png,E,72,16,32,0.64,0.61,0.6
FRS_setE_posA_064_posB_061_posC_060_record_072_frame_17.png,E,72,17,34,0.64,0.61,0.6
FRS_setE_posA_064_posB_061_posC_060_record_072_frame_18.png,E,72,18,36,0.64,0.61,0.6
FRS_setE_posA_064_posB_061_posC_060_record_072_frame_19.png,E,72,19,38,0.64,0.61,0.6
FRS_setE_posA_064_posB_061_posC_061_record_073_frame_00.png,E,73,0,0,0.64,0.61,0.61
FRS_setE_posA_064_posB_061_posC_061_record_073_frame_01.png,E,73,1,2,0.64,0.61,0.61
FRS_setE_posA_064_posB_061_posC_061_record_073_frame_02.png,E,73,2,4,0.64,0.61,0.61
FRS_setE_posA_064_posB_061_posC_061_record_073_frame_03.png,E,73,3,6,0.64,0.61,0.61
FRS_setE_posA_064_posB_061_posC_061_record_073_frame_04.png,E,73,4,8,0.64,0.61,0.61
FRS_setE_posA_064_posB_061_posC_061_record_073_frame_05.png,E,73,5,10,0.64,0.61,0.61
FRS_setE_posA_064_posB_061_posC_061_record_073_frame_06.png,E,73,6,12,0.64,0.61,0.61
FRS_setE_posA_064_posB_061_posC_061_record_073_frame_07.png,E,73,7,14,0.64,0.61,0.61
FRS_setE_posA_064_posB_061_posC_061_record_073_frame_08.png,E,73,8,16,0.64,0.61,0.61
FRS_setE_posA_064_posB_061_posC_061_record_073_frame_09.png,E,73,9,18,0.64,0.61,0.61
FRS_setE_posA_064_posB_061_posC_061_record_073_frame_10.png,E,73,10,20,0.64,0.61,0.61
FRS_setE_posA_064_posB_061_posC_061_record_073_frame_11.png,E,73,11,22,0.64,0.61,0.61
FRS_setE_posA_064_posB_061_posC_061_record_073_frame_12.png,E,73,12,24,0.64,0.61,0.61
FRS_setE_posA_064_posB_061_posC_061_record_073_frame_13.png,E,73,13,26,0.64,0.61,0.61
FRS_setE_posA_064_posB_061_posC_061_record_073_frame_14.png,E,73,14,28,0.64,0.61,0.61
FRS_setE_posA_064_posB_061_posC_061_record_073_frame_15.png,E,73,15,30,0.64,0.61,0.61
FRS_setE_posA_064_posB_061_posC_061_record_073_frame_16.png,E,73,16,32,0.64,0.61,0.61
FRS_setE_posA_064_posB_061_posC_061_record_073_frame_17.png,E,73,17,34,0.64,0.61,0.61
FRS_setE_posA_064_posB_061_posC_061_record_073_frame_18.png,E,73,18,36,0.64,0.61,0.61
FRS_setE_posA_064_posB_061_posC_061_record_073_frame_19.png,E,73,19,38,0.64,0.61,0.61
FRS_setE_posA_065_posB_061_posC_061_record_074_frame_00.png,E,74,0,0,0.65,0.61,0.61
FRS_setE_posA_065_posB_061_posC_061_record_074_frame_01.png,E,74,1,2,0.65,0.61,0.61
FRS_setE_posA_065_posB_061_posC_061_record_074_frame_02.png,E,74,2,4,0.65,0.61,0.61
FRS_setE_posA_065_posB_061_posC_061_record_074_frame_03.png,E,74,3,6,0.65,0.61,0.61
FRS_setE_posA_065_posB_061_posC_061_record_074_frame_04.png,E,74,4,8,0.65,0.61,0.61
FRS_setE_posA_065_posB_061_posC_061_record_074_frame_05.png,E,74,5,10,0.65,0.61,0.61
FRS_setE_posA_065_posB_061_posC_061_record_074_frame_06.png,E,74,6,12,0.65,0.61,0.61
FRS_setE_posA_065_posB_061_posC_061_record_074_frame_07.png,E,74,7,14,0.65,0.61,0.61
FRS_setE_posA_065_posB_061_posC_061_record_074_frame_08.png,E,74,8,16,0.65,0.61,0.61
FRS_setE_posA_065_posB_061_posC_061_record_074_frame_09.png,E,74,9,18,0.65,0.61,0.61
FRS_setE_posA_065_posB_061_posC_061_record_074_frame_10.png,E,74,10,20,0.65,0.61,0.61
FRS_setE_posA_065_posB_061_posC_061_record_074_frame_11.png,E,74,11,22,0.65,0.61,0.61
FRS_setE_posA_065_posB_061_posC_061_record_074_frame_12.png,E,74,12,24,0.65,0.61,0.61
FRS_setE_posA_065_posB_061_posC_061_record_074_frame_13.png,E,74,13,26,0.65,0.61,0.61
FRS_setE_posA_065_posB_061_posC_061_record_074_frame_14.png,E,74,14,28,0.65,0.61,0.61
FRS_setE_posA_065_posB_061_posC_061_record_074_frame_15.png,E,74,15,30,0.65,0.61,0.61
FRS_setE_posA_065_posB_061_posC_061_record_074_frame_16.png,E,74,16,32,0.65,0.61,0.61
FRS_setE_posA_065_posB_061_posC_061_record_074_frame_17.png,E,74,17,34,0.65,0.61,0.61
FRS_setE_posA_065_posB_061_posC_061_record_074_frame_18.png,E,74,18,36,0.65,0.61,0.61
FRS_setE_posA_065_posB_061_posC_061_record_074_frame_19.png,E,74,19,38,0.65,0.61,0.61
FRS_setE_posA_066_posB_062_posC_062_record_075_frame_00.png,E,75,0,0,0.66,0.62,0.62
FRS_setE_posA_066_posB_062_posC_062_record_075_frame_01.png,E,75,1,2,0.66,0.62,0.62
FRS_setE_posA_066_posB_062_posC_062_record_075_frame_02.png,E,75,2,4,0.66,0.62,0.62
FRS_setE_posA_066_posB_062_posC_062_record_075_frame_03.png,E,75,3,6,0.66,0.62,0.62
FRS_setE_posA_066_posB_062_posC_062_record_075_frame_04.png,E,75,4,8,0.66,0.62,0.62
FRS_setE_posA_066_posB_062_posC_062_record_075_frame_05.png,E,75,5,10,0.66,0.62,0.62
FRS_setE_posA_066_posB_062_posC_062_record_075_frame_06.png,E,75,6,12,0.66,0.62,0.62
FRS_setE_posA_066_posB_062_posC_062_record_075_frame_07.png,E,75,7,14,0.66,0.62,0.62
FRS_setE_posA_066_posB_062_posC_062_record_075_frame_08.png,E,75,8,16,0.66,0.62,0.62
FRS_setE_posA_066_posB_062_posC_062_record_075_frame_09.png,E,75,9,18,0.66,0.62,0.62
FRS_setE_posA_066_posB_062_posC_062_record_075_frame_10.png,E,75,10,20,0.66,0.62,0.62
FRS_setE_posA_066_posB_062_posC_062_record_075_frame_11.png,E,75,11,22,0.66,0.62,0.62
FRS_setE_posA_066_posB_062_posC_062_record_075_frame_12.png,E,75,12,24,0.66,0.62,0.62
FRS_setE_posA_066_posB_062_posC_062_record_075_frame_13.png,E,75,13,26,0.66,0.62,0.62
FRS_setE_posA_066_posB_062_posC_062_record_075_frame_14.png,E,75,14,28,0.66,0.62,0.62
FRS_setE_posA_066_posB_062_posC_062_record_075_frame_15.png,E,75,15,30,0.66,0.62,0.62
FRS_setE_posA_066_posB_062_posC_062_record_075_frame_16.png,E,75,16,32,0.66,0.62,0.62
FRS_setE_posA_066_posB_062_posC_062_record_075_frame_17.png,E,75,17,34,0.66,0.62,0.62
FRS_setE_posA_066_posB_062_posC_062_record_075_frame_18.png,E,75,18,36,0.66,0.62,0.62
FRS_setE_posA_066_posB_062_posC_062_record_075_frame_19.png,E,75,19,38,0.66,0.62,0.62
FRS_setE_posA_067_posB_063_posC_063_record_076_frame_00.png,E,76,0,0,0.67,0.63,0.63
FRS_setE_posA_067_posB_063_posC_063_record_076_frame_01.png,E,76,1,2,0.67,0.63,0.63
FRS_setE_posA_067_posB_063_posC_063_record_076_frame_02.png,E,76,2,4,0.67,0.63,0.63
FRS_setE_posA_067_posB_063_posC_063_record_076_frame_03.png,E,76,3,6,0.67,0.63,0.63
FRS_setE_posA_067_posB_063_posC_063_record_076_frame_04.png,E,76,4,8,0.67,0.63,0.63
FRS_setE_posA_067_posB_063_posC_063_record_076_frame_05.png,E,76,5,10,0.67,0.63,0.63
FRS_setE_posA_067_posB_063_posC_063_record_076_frame_06.png,E,76,6,12,0.67,0.63,0.63
FRS_setE_posA_067_posB_063_posC_063_record_076_frame_07.png,E,76,7,14,0.67,0.63,0.63
FRS_setE_posA_067_posB_063_posC_063_record_076_frame_08.png,E,76,8,16,0.67,0.63,0.63
FRS_setE_posA_067_posB_063_posC_063_record_076_frame_09.png,E,76,9,18,0.67,0.63,0.63
FRS_setE_posA_067_posB_063_posC_063_record_076_frame_10.png,E,76,10,20,0.67,0.63,0.63
FRS_setE_posA_067_posB_063_posC_063_record_076_frame_11.png,E,76,11,22,0.67,0.63,0.63
FRS_setE_posA_067_posB_063_posC_063_record_076_frame_12.png,E,76,12,24,0.67,0.63,0.63
FRS_setE_posA_067_posB_063_posC_063_record_076_frame_13.png,E,76,13,26,0.67,0.63,0.63
FRS_setE_posA_067_posB_063_posC_063_record_076_frame_14.png,E,76,14,28,0.67,0.63,0.63
FRS_setE_posA_067_posB_063_posC_063_record_076_frame_15.png,E,76,15,30,0.67,0.63,0.63
FRS_setE_posA_067_posB_063_posC_063_record_076_frame_16.png,E,76,16,32,0.67,0.63,0.63
FRS_setE_posA_067_posB_063_posC_063_record_076_frame_17.png,E,76,17,34,0.67,0.63,0.63
FRS_setE_posA_067_posB_063_posC_063_record_076_frame_18.png,E,76,18,36,0.67,0.63,0.63
FRS_setE_posA_067_posB_063_posC_063_record_076_frame_19.png,E,76,19,38,0.67,0.63,0.63
FRS_setE_posA_068_posB_063_posC_063_record_077_frame_00.png,E,77,0,0,0.68,0.63,0.63
FRS_setE_posA_068_posB_063_posC_063_record_077_frame_01.png,E,77,1,2,0.68,0.63,0.63
FRS_setE_posA_068_posB_063_posC_063_record_077_frame_02.png,E,77,2,4,0.68,0.63,0.63
FRS_setE_posA_068_posB_063_posC_063_record_077_frame_03.png,E,77,3,6,0.68,0.63,0.63
FRS_setE_posA_068_posB_063_posC_063_record_077_frame_04.png,E,77,4,8,0.68,0.63,0.63
FRS_setE_posA_068_posB_063_posC_063_record_077_frame_05.png,E,77,5,10,0.68,0.63,0.63
FRS_setE_posA_068_posB_063_posC_063_record_077_frame_06.png,E,77,6,12,0.68,0.63,0.63
FRS_setE_posA_068_posB_063_posC_063_record_077_frame_07.png,E,77,7,14,0.68,0.63,0.63
FRS_setE_posA_068_posB_063_posC_063_record_077_frame_08.png,E,77,8,16,0.68,0.63,0.63
FRS_setE_posA_068_posB_063_posC_063_record_077_frame_09.png,E,77,9,18,0.68,0.63,0.63
FRS_setE_posA_068_posB_063_posC_063_record_077_frame_10.png,E,77,10,20,0.68,0.63,0.63
FRS_setE_posA_068_posB_063_posC_063_record_077_frame_11.png,E,77,11,22,0.68,0.63,0.63
FRS_setE_posA_068_posB_063_posC_063_record_077_frame_12.png,E,77,12,24,0.68,0.63,0.63
FRS_setE_posA_068_posB_063_posC_063_record_077_frame_13.png,E,77,13,26,0.68,0.63,0.63
FRS_setE_posA_068_posB_063_posC_063_record_077_frame_14.png,E,77,14,28,0.68,0.63,0.63
FRS_setE_posA_068_posB_063_posC_063_record_077_frame_15.png,E,77,15,30,0.68,0.63,0.63
FRS_setE_posA_068_posB_063_posC_063_record_077_frame_16.png,E,77,16,32,0.68,0.63,0.63
FRS_setE_posA_068_posB_063_posC_063_record_077_frame_17.png,E,77,17,34,0.68,0.63,0.63
FRS_setE_posA_068_posB_063_posC_063_record_077_frame_18.png,E,77,18,36,0.68,0.63,0.63
FRS_setE_posA_068_posB_063_posC_063_record_077_frame_19.png,E,77,19,38,0.68,0.63,0.63
FRS_setE_posA_069_posB_064_posC_064_record_078_frame_00.png,E,78,0,0,0.69,0.64,0.64
FRS_setE_posA_069_posB_064_posC_064_record_078_frame_01.png,E,78,1,2,0.69,0.64,0.64
FRS_setE_posA_069_posB_064_posC_064_record_078_frame_02.png,E,78,2,4,0.69,0.64,0.64
FRS_setE_posA_069_posB_064_posC_064_record_078_frame_03.png,E,78,3,6,0.69,0.64,0.64
FRS_setE_posA_069_posB_064_posC_064_record_078_frame_04.png,E,78,4,8,0.69,0.64,0.64
FRS_setE_posA_069_posB_064_posC_064_record_078_frame_05.png,E,78,5,10,0.69,0.64,0.64
FRS_setE_posA_069_posB_064_posC_064_record_078_frame_06.png,E,78,6,12,0.69,0.64,0.64
FRS_setE_posA_069_posB_064_posC_064_record_078_frame_07.png,E,78,7,14,0.69,0.64,0.64
FRS_setE_posA_069_posB_064_posC_064_record_078_frame_08.png,E,78,8,16,0.69,0.64,0.64
FRS_setE_posA_069_posB_064_posC_064_record_078_frame_09.png,E,78,9,18,0.69,0.64,0.64
FRS_setE_posA_069_posB_064_posC_064_record_078_frame_10.png,E,78,10,20,0.69,0.64,0.64
FRS_setE_posA_069_posB_064_posC_064_record_078_frame_11.png,E,78,11,22,0.69,0.64,0.64
FRS_setE_posA_069_posB_064_posC_064_record_078_frame_12.png,E,78,12,24,0.69,0.64,0.64
FRS_setE_posA_069_posB_064_posC_064_record_078_frame_13.png,E,78,13,26,0.69,0.64,0.64
FRS_setE_posA_069_posB_064_posC_064_record_078_frame_14.png,E,78,14,28,0.69,0.64,0.64
FRS_setE_posA_069_posB_064_posC_064_record_078_frame_15.png,E,78,15,30,0.69,0.64,0.64
FRS_setE_posA_069_posB_064_posC_064_record_078_frame_16.png,E,78,16,32,0.69,0.64,0.64
FRS_setE_posA_069_posB_064_posC_064_record_078_frame_17.png,E,78,17,34,0.69,0.64,0.64
FRS_setE_posA_069_posB_064_posC_064_record_078_frame_18.png,E,78,18,36,0.69,0.64,0.64
FRS_setE_posA_069_posB_064_posC_064_record_078_frame_19.png,E,78,19,38,0.69,0.64,0.64
FRS_setE_posA_069_posB_064_posC_065_record_079_frame_00.png,E,79,0,0,0.69,0.64,0.65
FRS_setE_posA_069_posB_064_posC_065_record_079_frame_01.png,E,79,1,2,0.69,0.64,0.65
FRS_setE_posA_069_posB_064_posC_065_record_079_frame_02.png,E,79,2,4,0.69,0.64,0.65
FRS_setE_posA_069_posB_064_posC_065_record_079_frame_03.png,E,79,3,6,0.69,0.64,0.65
FRS_setE_posA_069_posB_064_posC_065_record_079_frame_04.png,E,79,4,8,0.69,0.64,0.65
FRS_setE_posA_069_posB_064_posC_065_record_079_frame_05.png,E,79,5,10,0.69,0.64,0.65
FRS_setE_posA_069_posB_064_posC_065_record_079_frame_06.png,E,79,6,12,0.69,0.64,0.65
FRS_setE_posA_069_posB_064_posC_065_record_079_frame_07.png,E,79,7,14,0.69,0.64,0.65
FRS_setE_posA_069_posB_064_posC_065_record_079_frame_08.png,E,79,8,16,0.69,0.64,0.65
FRS_setE_posA_069_posB_064_posC_065_record_079_frame_09.png,E,79,9,18,0.69,0.64,0.65
FRS_setE_posA_069_posB_064_posC_065_record_079_frame_10.png,E,79,10,20,0.69,0.64,0.65
FRS_setE_posA_069_posB_064_posC_065_record_079_frame_11.png,E,79,11,22,0.69,0.64,0.65
FRS_setE_posA_069_posB_064_posC_065_record_079_frame_12.png,E,79,12,24,0.69,0.64,0.65
FRS_setE_posA_069_posB_064_posC_065_record_079_frame_13.png,E,79,13,26,0.69,0.64,0.65
FRS_setE_posA_069_posB_064_posC_065_record_079_frame_14.png,E,79,14,28,0.69,0.64,0.65
FRS_setE_posA_069_posB_064_posC_065_record_079_frame_15.png,E,79,15,30,0.69,0.64,0.65
FRS_setE_posA_069_posB_064_posC_065_record_079_frame_16.png,E,79,16,32,0.69,0.64,0.65
FRS_setE_posA_069_posB_064_posC_065_record_079_frame_17.png,E,79,17,34,0.69,0.64,0.65
FRS_setE_posA_069_posB_064_posC_065_record_079_frame_18.png,E,79,18,36,0.69,0.64,0.65
FRS_setE_posA_069_posB_064_posC_065_record_079_frame_19.png,E,79,19,38,0.69,0.64,0.65
FRS_setE_posA_069_posB_064_posC_066_record_080_frame_00.png,E,80,0,0,0.69,0.64,0.66
FRS_setE_posA_069_posB_064_posC_066_record_080_frame_01.png,E,80,1,2,0.69,0.64,0.66
FRS_setE_posA_069_posB_064_posC_066_record_080_frame_02.png,E,80,2,4,0.69,0.64,0.66
FRS_setE_posA_069_posB_064_posC_066_record_080_frame_03.png,E,80,3,6,0.69,0.64,0.66
FRS_setE_posA_069_posB_064_posC_066_record_080_frame_04.png,E,80,4,8,0.69,0.64,0.66
FRS_setE_posA_069_posB_064_posC_066_record_080_frame_05.png,E,80,5,10,0.69,0.64,0.66
FRS_setE_posA_069_posB_064_posC_066_record_080_frame_06.png,E,80,6,12,0.69,0.64,0.66
FRS_setE_posA_069_posB_064_posC_066_record_080_frame_07.png,E,80,7,14,0.69,0.64,0.66
FRS_setE_posA_069_posB_064_posC_066_record_080_frame_08.png,E,80,8,16,0.69,0.64,0.66
FRS_setE_posA_069_posB_064_posC_066_record_080_frame_09.png,E,80,9,18,0.69,0.64,0.66
FRS_setE_posA_069_posB_064_posC_066_record_080_frame_10.png,E,80,10,20,0.69,0.64,0.66
FRS_setE_posA_069_posB_064_posC_066_record_080_frame_11.png,E,80,11,22,0.69,0.64,0.66
FRS_setE_posA_069_posB_064_posC_066_record_080_frame_12.png,E,80,12,24,0.69,0.64,0.66
FRS_setE_posA_069_posB_064_posC_066_record_080_frame_13.png,E,80,13,26,0.69,0.64,0.66
FRS_setE_posA_069_posB_064_posC_066_record_080_frame_14.png,E,80,14,28,0.69,0.64,0.66
FRS_setE_posA_069_posB_064_posC_066_record_080_frame_15.png,E,80,15,30,0.69,0.64,0.66
FRS_setE_posA_069_posB_064_posC_066_record_080_frame_16.png,E,80,16,32,0.69,0.64,0.66
FRS_setE_posA_069_posB_064_posC_066_record_080_frame_17.png,E,80,17,34,0.69,0.64,0.66
FRS_setE_posA_069_posB_064_posC_066_record_080_frame_18.png,E,80,18,36,0.69,0.64,0.66
FRS_setE_posA_069_posB_064_posC_066_record_080_frame_19.png,E,80,19,38,0.69,0.64,0.66
FRS_setE_posA_070_posB_065_posC_067_record_081_frame_00.png,E,81,0,0,0.7,0.65,0.67
FRS_setE_posA_070_posB_065_posC_067_record_081_frame_01.png,E,81,1,2,0.7,0.65,0.67
FRS_setE_posA_070_posB_065_posC_067_record_081_frame_02.png,E,81,2,4,0.7,0.65,0.67
FRS_setE_posA_070_posB_065_posC_067_record_081_frame_03.png,E,81,3,6,0.7,0.65,0.67
FRS_setE_posA_070_posB_065_posC_067_record_081_frame_04.png,E,81,4,8,0.7,0.65,0.67
FRS_setE_posA_070_posB_065_posC_067_record_081_frame_05.png,E,81,5,10,0.7,0.65,0.67
FRS_setE_posA_070_posB_065_posC_067_record_081_frame_06.png,E,81,6,12,0.7,0.65,0.67
FRS_setE_posA_070_posB_065_posC_067_record_081_frame_07.png,E,81,7,14,0.7,0.65,0.67
FRS_setE_posA_070_posB_065_posC_067_record_081_frame_08.png,E,81,8,16,0.7,0.65,0.67
FRS_setE_posA_070_posB_065_posC_067_record_081_frame_09.png,E,81,9,18,0.7,0.65,0.67
FRS_setE_posA_070_posB_065_posC_067_record_081_frame_10.png,E,81,10,20,0.7,0.65,0.67
FRS_setE_posA_070_posB_065_posC_067_record_081_frame_11.png,E,81,11,22,0.7,0.65,0.67
FRS_setE_posA_070_posB_065_posC_067_record_081_frame_12.png,E,81,12,24,0.7,0.65,0.67
FRS_setE_posA_070_posB_065_posC_067_record_081_frame_13.png,E,81,13,26,0.7,0.65,0.67
FRS_setE_posA_070_posB_065_posC_067_record_081_frame_14.png,E,81,14,28,0.7,0.65,0.67
FRS_setE_posA_070_posB_065_posC_067_record_081_frame_15.png,E,81,15,30,0.7,0.65,0.67
FRS_setE_posA_070_posB_065_posC_067_record_081_frame_16.png,E,81,16,32,0.7,0.65,0.67
FRS_setE_posA_070_posB_065_posC_067_record_081_frame_17.png,E,81,17,34,0.7,0.65,0.67
FRS_setE_posA_070_posB_065_posC_067_record_081_frame_18.png,E,81,18,36,0.7,0.65,0.67
FRS_setE_posA_070_posB_065_posC_067_record_081_frame_19.png,E,81,19,38,0.7,0.65,0.67
FRS_setE_posA_070_posB_065_posC_068_record_082_frame_00.png,E,82,0,0,0.7,0.65,0.68
FRS_setE_posA_070_posB_065_posC_068_record_082_frame_01.png,E,82,1,2,0.7,0.65,0.68
FRS_setE_posA_070_posB_065_posC_068_record_082_frame_02.png,E,82,2,4,0.7,0.65,0.68
FRS_setE_posA_070_posB_065_posC_068_record_082_frame_03.png,E,82,3,6,0.7,0.65,0.68
FRS_setE_posA_070_posB_065_posC_068_record_082_frame_04.png,E,82,4,8,0.7,0.65,0.68
FRS_setE_posA_070_posB_065_posC_068_record_082_frame_05.png,E,82,5,10,0.7,0.65,0.68
FRS_setE_posA_070_posB_065_posC_068_record_082_frame_06.png,E,82,6,12,0.7,0.65,0.68
FRS_setE_posA_070_posB_065_posC_068_record_082_frame_07.png,E,82,7,14,0.7,0.65,0.68
FRS_setE_posA_070_posB_065_posC_068_record_082_frame_08.png,E,82,8,16,0.7,0.65,0.68
FRS_setE_posA_070_posB_065_posC_068_record_082_frame_09.png,E,82,9,18,0.7,0.65,0.68
FRS_setE_posA_070_posB_065_posC_068_record_082_frame_10.png,E,82,10,20,0.7,0.65,0.68
FRS_setE_posA_070_posB_065_posC_068_record_082_frame_11.png,E,82,11,22,0.7,0.65,0.68
FRS_setE_posA_070_posB_065_posC_068_record_082_frame_12.png,E,82,12,24,0.7,0.65,0.68
FRS_setE_posA_070_posB_065_posC_068_record_082_frame_13.png,E,82,13,26,0.7,0.65,0.68
FRS_setE_posA_070_posB_065_posC_068_record_082_frame_14.png,E,82,14,28,0.7,0.65,0.68
FRS_setE_posA_070_posB_065_posC_068_record_082_frame_15.png,E,82,15,30,0.7,0.65,0.68
FRS_setE_posA_070_posB_065_posC_068_record_082_frame_16.png,E,82,16,32,0.7,0.65,0.68
FRS_setE_posA_070_posB_065_posC_068_record_082_frame_17.png,E,82,17,34,0.7,0.65,0.68
FRS_setE_posA_070_posB_065_posC_068_record_082_frame_18.png,E,82,18,36,0.7,0.65,0.68
FRS_setE_posA_070_posB_065_posC_068_record_082_frame_19.png,E,82,19,38,0.7,0.65,0.68
FRS_setE_posA_071_posB_065_posC_068_record_083_frame_00.png,E,83,0,0,0.71,0.65,0.68
FRS_setE_posA_071_posB_065_posC_068_record_083_frame_01.png,E,83,1,2,0.71,0.65,0.68
FRS_setE_posA_071_posB_065_posC_068_record_083_frame_02.png,E,83,2,4,0.71,0.65,0.68
FRS_setE_posA_071_posB_065_posC_068_record_083_frame_03.png,E,83,3,6,0.71,0.65,0.68
FRS_setE_posA_071_posB_065_posC_068_record_083_frame_04.png,E,83,4,8,0.71,0.65,0.68
FRS_setE_posA_071_posB_065_posC_068_record_083_frame_05.png,E,83,5,10,0.71,0.65,0.68
FRS_setE_posA_071_posB_065_posC_068_record_083_frame_06.png,E,83,6,12,0.71,0.65,0.68
FRS_setE_posA_071_posB_065_posC_068_record_083_frame_07.png,E,83,7,14,0.71,0.65,0.68
FRS_setE_posA_071_posB_065_posC_068_record_083_frame_08.png,E,83,8,16,0.71,0.65,0.68
FRS_setE_posA_071_posB_065_posC_068_record_083_frame_09.png,E,83,9,18,0.71,0.65,0.68
FRS_setE_posA_071_posB_065_posC_068_record_083_frame_10.png,E,83,10,20,0.71,0.65,0.68
FRS_setE_posA_071_posB_065_posC_068_record_083_frame_11.png,E,83,11,22,0.71,0.65,0.68
FRS_setE_posA_071_posB_065_posC_068_record_083_frame_12.png,E,83,12,24,0.71,0.65,0.68
FRS_setE_posA_071_posB_065_posC_068_record_083_frame_13.png,E,83,13,26,0.71,0.65,0.68
FRS_setE_posA_071_posB_065_posC_068_record_083_frame_14.png,E,83,14,28,0.71,0.65,0.68
FRS_setE_posA_071_posB_065_posC_068_record_083_frame_15.png,E,83,15,30,0.71,0.65,0.68
FRS_setE_posA_071_posB_065_posC_068_record_083_frame_16.png,E,83,16,32,0.71,0.65,0.68
FRS_setE_posA_071_posB_065_posC_068_record_083_frame_17.png,E,83,17,34,0.71,0.65,0.68
FRS_setE_posA_071_posB_065_posC_068_record_083_frame_18.png,E,83,18,36,0.71,0.65,0.68
FRS_setE_posA_071_posB_065_posC_068_record_083_frame_19.png,E,83,19,38,0.71,0.65,0.68
FRS_setE_posA_071_posB_065_posC_069_record_084_frame_00.png,E,84,0,0,0.71,0.65,0.69
FRS_setE_posA_071_posB_065_posC_069_record_084_frame_01.png,E,84,1,2,0.71,0.65,0.69
FRS_setE_posA_071_posB_065_posC_069_record_084_frame_02.png,E,84,2,4,0.71,0.65,0.69
FRS_setE_posA_071_posB_065_posC_069_record_084_frame_03.png,E,84,3,6,0.71,0.65,0.69
FRS_setE_posA_071_posB_065_posC_069_record_084_frame_04.png,E,84,4,8,0.71,0.65,0.69
FRS_setE_posA_071_posB_065_posC_069_record_084_frame_05.png,E,84,5,10,0.71,0.65,0.69
FRS_setE_posA_071_posB_065_posC_069_record_084_frame_06.png,E,84,6,12,0.71,0.65,0.69
FRS_setE_posA_071_posB_065_posC_069_record_084_frame_07.png,E,84,7,14,0.71,0.65,0.69
FRS_setE_posA_071_posB_065_posC_069_record_084_frame_08.png,E,84,8,16,0.71,0.65,0.69
FRS_setE_posA_071_posB_065_posC_069_record_084_frame_09.png,E,84,9,18,0.71,0.65,0.69
FRS_setE_posA_071_posB_065_posC_069_record_084_frame_10.png,E,84,10,20,0.71,0.65,0.69
FRS_setE_posA_071_posB_065_posC_069_record_084_frame_11.png,E,84,11,22,0.71,0.65,0.69
FRS_setE_posA_071_posB_065_posC_069_record_084_frame_12.png,E,84,12,24,0.71,0.65,0.69
FRS_setE_posA_071_posB_065_posC_069_record_084_frame_13.png,E,84,13,26,0.71,0.65,0.69
FRS_setE_posA_071_posB_065_posC_069_record_084_frame_14.png,E,84,14,28,0.71,0.65,0.69
FRS_setE_posA_071_posB_065_posC_069_record_084_frame_15.png,E,84,15,30,0.71,0.65,0.69
FRS_setE_posA_071_posB_065_posC_069_record_084_frame_16.png,E,84,16,32,0.71,0.65,0.69
FRS_setE_posA_071_posB_065_posC_069_record_084_frame_17.png,E,84,17,34,0.71,0.65,0.69
FRS_setE_posA_071_posB_065_posC_069_record_084_frame_18.png,E,84,18,36,0.71,0.65,0.69
FRS_setE_posA_071_posB_065_posC_069_record_084_frame_19.png,E,84,19,38,0.71,0.65,0.69
FRS_setE_posA_072_posB_066_posC_070_record_085_frame_00.png,E,85,0,0,0.72,0.66,0.7
FRS_setE_posA_072_posB_066_posC_070_record_085_frame_01.png,E,85,1,2,0.72,0.66,0.7
FRS_setE_posA_072_posB_066_posC_070_record_085_frame_02.png,E,85,2,4,0.72,0.66,0.7
FRS_setE_posA_072_posB_066_posC_070_record_085_frame_03.png,E,85,3,6,0.72,0.66,0.7
FRS_setE_posA_072_posB_066_posC_070_record_085_frame_04.png,E,85,4,8,0.72,0.66,0.7
FRS_setE_posA_072_posB_066_posC_070_record_085_frame_05.png,E,85,5,10,0.72,0.66,0.7
FRS_setE_posA_072_posB_066_posC_070_record_085_frame_06.png,E,85,6,12,0.72,0.66,0.7
FRS_setE_posA_072_posB_066_posC_070_record_085_frame_07.png,E,85,7,14,0.72,0.66,0.7
FRS_setE_posA_072_posB_066_posC_070_record_085_frame_08.png,E,85,8,16,0.72,0.66,0.7
FRS_setE_posA_072_posB_066_posC_070_record_085_frame_09.png,E,85,9,18,0.72,0.66,0.7
FRS_setE_posA_072_posB_066_posC_070_record_085_frame_10.png,E,85,10,20,0.72,0.66,0.7
FRS_setE_posA_072_posB_066_posC_070_record_085_frame_11.png,E,85,11,22,0.72,0.66,0.7
FRS_setE_posA_072_posB_066_posC_070_record_085_frame_12.png,E,85,12,24,0.72,0.66,0.7
FRS_setE_posA_072_posB_066_posC_070_record_085_frame_13.png,E,85,13,26,0.72,0.66,0.7
FRS_setE_posA_072_posB_066_posC_070_record_085_frame_14.png,E,85,14,28,0.72,0.66,0.7
FRS_setE_posA_072_posB_066_posC_070_record_085_frame_15.png,E,85,15,30,0.72,0.66,0.7
FRS_setE_posA_072_posB_066_posC_070_record_085_frame_16.png,E,85,16,32,0.72,0.66,0.7
FRS_setE_posA_072_posB_066_posC_070_record_085_frame_17.png,E,85,17,34,0.72,0.66,0.7
FRS_setE_posA_072_posB_066_posC_070_record_085_frame_18.png,E,85,18,36,0.72,0.66,0.7
FRS_setE_posA_072_posB_066_posC_070_record_085_frame_19.png,E,85,19,38,0.72,0.66,0.7
FRS_setE_posA_072_posB_067_posC_071_record_086_frame_00.png,E,86,0,0,0.72,0.67,0.71
FRS_setE_posA_072_posB_067_posC_071_record_086_frame_01.png,E,86,1,2,0.72,0.67,0.71
FRS_setE_posA_072_posB_067_posC_071_record_086_frame_02.png,E,86,2,4,0.72,0.67,0.71
FRS_setE_posA_072_posB_067_posC_071_record_086_frame_03.png,E,86,3,6,0.72,0.67,0.71
FRS_setE_posA_072_posB_067_posC_071_record_086_frame_04.png,E,86,4,8,0.72,0.67,0.71
FRS_setE_posA_072_posB_067_posC_071_record_086_frame_05.png,E,86,5,10,0.72,0.67,0.71
FRS_setE_posA_072_posB_067_posC_071_record_086_frame_06.png,E,86,6,12,0.72,0.67,0.71
FRS_setE_posA_072_posB_067_posC_071_record_086_frame_07.png,E,86,7,14,0.72,0.67,0.71
FRS_setE_posA_072_posB_067_posC_071_record_086_frame_08.png,E,86,8,16,0.72,0.67,0.71
FRS_setE_posA_072_posB_067_posC_071_record_086_frame_09.png,E,86,9,18,0.72,0.67,0.71
FRS_setE_posA_072_posB_067_posC_071_record_086_frame_10.png,E,86,10,20,0.72,0.67,0.71
FRS_setE_posA_072_posB_067_posC_071_record_086_frame_11.png,E,86,11,22,0.72,0.67,0.71
FRS_setE_posA_072_posB_067_posC_071_record_086_frame_12.png,E,86,12,24,0.72,0.67,0.71
FRS_setE_posA_072_posB_067_posC_071_record_086_frame_13.png,E,86,13,26,0.72,0.67,0.71
FRS_setE_posA_072_posB_067_posC_071_record_086_frame_14.png,E,86,14,28,0.72,0.67,0.71
FRS_setE_posA_072_posB_067_posC_071_record_086_frame_15.png,E,86,15,30,0.72,0.67,0.71
FRS_setE_posA_072_posB_067_posC_071_record_086_frame_16.png,E,86,16,32,0.72,0.67,0.71
FRS_setE_posA_072_posB_067_posC_071_record_086_frame_17.png,E,86,17,34,0.72,0.67,0.71
FRS_setE_posA_072_posB_067_posC_071_record_086_frame_18.png,E,86,18,36,0.72,0.67,0.71
FRS_setE_posA_072_posB_067_posC_071_record_086_frame_19.png,E,86,19,38,0.72,0.67,0.71
FRS_setE_posA_072_posB_067_posC_072_record_087_frame_00.png,E,87,0,0,0.72,0.67,0.72
FRS_setE_posA_072_posB_067_posC_072_record_087_frame_01.png,E,87,1,2,0.72,0.67,0.72
FRS_setE_posA_072_posB_067_posC_072_record_087_frame_02.png,E,87,2,4,0.72,0.67,0.72
FRS_setE_posA_072_posB_067_posC_072_record_087_frame_03.png,E,87,3,6,0.72,0.67,0.72
FRS_setE_posA_072_posB_067_posC_072_record_087_frame_04.png,E,87,4,8,0.72,0.67,0.72
FRS_setE_posA_072_posB_067_posC_072_record_087_frame_05.png,E,87,5,10,0.72,0.67,0.72
FRS_setE_posA_072_posB_067_posC_072_record_087_frame_06.png,E,87,6,12,0.72,0.67,0.72
FRS_setE_posA_072_posB_067_posC_072_record_087_frame_07.png,E,87,7,14,0.72,0.67,0.72
FRS_setE_posA_072_posB_067_posC_072_record_087_frame_08.png,E,87,8,16,0.72,0.67,0.72
FRS_setE_posA_072_posB_067_posC_072_record_087_frame_09.png,E,87,9,18,0.72,0.67,0.72
FRS_setE_posA_072_posB_067_posC_072_record_087_frame_10.png,E,87,10,20,0.72,0.67,0.72
FRS_setE_posA_072_posB_067_posC_072_record_087_frame_11.png,E,87,11,22,0.72,0.67,0.72
FRS_setE_posA_072_posB_067_posC_072_record_087_frame_12.png,E,87,12,24,0.72,0.67,0.72
FRS_setE_posA_072_posB_067_posC_072_record_087_frame_13.png,E,87,13,26,0.72,0.67,0.72
FRS_setE_posA_072_posB_067_posC_072_record_087_frame_14.png,E,87,14,28,0.72,0.67,0.72
FRS_setE_posA_072_posB_067_posC_072_record_087_frame_15.png,E,87,15,30,0.72,0.67,0.72
FRS_setE_posA_072_posB_067_posC_072_record_087_frame_16.png,E,87,16,32,0.72,0.67,0.72
FRS_setE_posA_072_posB_067_posC_072_record_087_frame_17.png,E,87,17,34,0.72,0.67,0.72
FRS_setE_posA_072_posB_067_posC_072_record_087_frame_18.png,E,87,18,36,0.72,0.67,0.72
FRS_setE_posA_072_posB_067_posC_072_record_087_frame_19.png,E,87,19,38,0.72,0.67,0.72
FRS_setE_posA_073_posB_067_posC_073_record_088_frame_00.png,E,88,0,0,0.73,0.67,0.73
FRS_setE_posA_073_posB_067_posC_073_record_088_frame_01.png,E,88,1,2,0.73,0.67,0.73
FRS_setE_posA_073_posB_067_posC_073_record_088_frame_02.png,E,88,2,4,0.73,0.67,0.73
FRS_setE_posA_073_posB_067_posC_073_record_088_frame_03.png,E,88,3,6,0.73,0.67,0.73
FRS_setE_posA_073_posB_067_posC_073_record_088_frame_04.png,E,88,4,8,0.73,0.67,0.73
FRS_setE_posA_073_posB_067_posC_073_record_088_frame_05.png,E,88,5,10,0.73,0.67,0.73
FRS_setE_posA_073_posB_067_posC_073_record_088_frame_06.png,E,88,6,12,0.73,0.67,0.73
FRS_setE_posA_073_posB_067_posC_073_record_088_frame_07.png,E,88,7,14,0.73,0.67,0.73
FRS_setE_posA_073_posB_067_posC_073_record_088_frame_08.png,E,88,8,16,0.73,0.67,0.73
FRS_setE_posA_073_posB_067_posC_073_record_088_frame_09.png,E,88,9,18,0.73,0.67,0.73
FRS_setE_posA_073_posB_067_posC_073_record_088_frame_10.png,E,88,10,20,0.73,0.67,0.73
FRS_setE_posA_073_posB_067_posC_073_record_088_frame_11.png,E,88,11,22,0.73,0.67,0.73
FRS_setE_posA_073_posB_067_posC_073_record_088_frame_12.png,E,88,12,24,0.73,0.67,0.73
FRS_setE_posA_073_posB_067_posC_073_record_088_frame_13.png,E,88,13,26,0.73,0.67,0.73
FRS_setE_posA_073_posB_067_posC_073_record_088_frame_14.png,E,88,14,28,0.73,0.67,0.73
FRS_setE_posA_073_posB_067_posC_073_record_088_frame_15.png,E,88,15,30,0.73,0.67,0.73
FRS_setE_posA_073_posB_067_posC_073_record_088_frame_16.png,E,88,16,32,0.73,0.67,0.73
FRS_setE_posA_073_posB_067_posC_073_record_088_frame_17.png,E,88,17,34,0.73,0.67,0.73
FRS_setE_posA_073_posB_067_posC_073_record_088_frame_18.png,E,88,18,36,0.73,0.67,0.73
FRS_setE_posA_073_posB_067_posC_073_record_088_frame_19.png,E,88,19,38,0.73,0.67,0.73
FRS_setE_posA_074_posB_067_posC_073_record_089_frame_00.png,E,89,0,0,0.74,0.67,0.73
FRS_setE_posA_074_posB_067_posC_073_record_089_frame_01.png,E,89,1,2,0.74,0.67,0.73
FRS_setE_posA_074_posB_067_posC_073_record_089_frame_02.png,E,89,2,4,0.74,0.67,0.73
FRS_setE_posA_074_posB_067_posC_073_record_089_frame_03.png,E,89,3,6,0.74,0.67,0.73
FRS_setE_posA_074_posB_067_posC_073_record_089_frame_04.png,E,89,4,8,0.74,0.67,0.73
FRS_setE_posA_074_posB_067_posC_073_record_089_frame_05.png,E,89,5,10,0.74,0.67,0.73
FRS_setE_posA_074_posB_067_posC_073_record_089_frame_06.png,E,89,6,12,0.74,0.67,0.73
FRS_setE_posA_074_posB_067_posC_073_record_089_frame_07.png,E,89,7,14,0.74,0.67,0.73
FRS_setE_posA_074_posB_067_posC_073_record_089_frame_08.png,E,89,8,16,0.74,0.67,0.73
FRS_setE_posA_074_posB_067_posC_073_record_089_frame_09.png,E,89,9,18,0.74,0.67,0.73
FRS_setE_posA_074_posB_067_posC_073_record_089_frame_10.png,E,89,10,20,0.74,0.67,0.73
FRS_setE_posA_074_posB_067_posC_073_record_089_frame_11.png,E,89,11,22,0.74,0.67,0.73
FRS_setE_posA_074_posB_067_posC_073_record_089_frame_12.png,E,89,12,24,0.74,0.67,0.73
FRS_setE_posA_074_posB_067_posC_073_record_089_frame_13.png,E,89,13,26,0.74,0.67,0.73
FRS_setE_posA_074_posB_067_posC_073_record_089_frame_14.png,E,89,14,28,0.74,0.67,0.73
FRS_setE_posA_074_posB_067_posC_073_record_089_frame_15.png,E,89,15,30,0.74,0.67,0.73
FRS_setE_posA_074_posB_067_posC_073_record_089_frame_16.png,E,89,16,32,0.74,0.67,0.73
FRS_setE_posA_074_posB_067_posC_073_record_089_frame_17.png,E,89,17,34,0.74,0.67,0.73
FRS_setE_posA_074_posB_067_posC_073_record_089_frame_18.png,E,89,18,36,0.74,0.67,0.73
FRS_setE_posA_074_posB_067_posC_073_record_089_frame_19.png,E,89,19,38,0.74,0.67,0.73
FRS_setE_posA_075_posB_067_posC_073_record_090_frame_00.png,E,90,0,0,0.75,0.67,0.73
FRS_setE_posA_075_posB_067_posC_073_record_090_frame_01.png,E,90,1,2,0.75,0.67,0.73
FRS_setE_posA_075_posB_067_posC_073_record_090_frame_02.png,E,90,2,4,0.75,0.67,0.73
FRS_setE_posA_075_posB_067_posC_073_record_090_frame_03.png,E,90,3,6,0.75,0.67,0.73
FRS_setE_posA_075_posB_067_posC_073_record_090_frame_04.png,E,90,4,8,0.75,0.67,0.73
FRS_setE_posA_075_posB_067_posC_073_record_090_frame_05.png,E,90,5,10,0.75,0.67,0.73
FRS_setE_posA_075_posB_067_posC_073_record_090_frame_06.png,E,90,6,12,0.75,0.67,0.73
FRS_setE_posA_075_posB_067_posC_073_record_090_frame_07.png,E,90,7,14,0.75,0.67,0.73
FRS_setE_posA_075_posB_067_posC_073_record_090_frame_08.png,E,90,8,16,0.75,0.67,0.73
FRS_setE_posA_075_posB_067_posC_073_record_090_frame_09.png,E,90,9,18,0.75,0.67,0.73
FRS_setE_posA_075_posB_067_posC_073_record_090_frame_10.png,E,90,10,20,0.75,0.67,0.73
FRS_setE_posA_075_posB_067_posC_073_record_090_frame_11.png,E,90,11,22,0.75,0.67,0.73
FRS_setE_posA_075_posB_067_posC_073_record_090_frame_12.png,E,90,12,24,0.75,0.67,0.73
FRS_setE_posA_075_posB_067_posC_073_record_090_frame_13.png,E,90,13,26,0.75,0.67,0.73
FRS_setE_posA_075_posB_067_posC_073_record_090_frame_14.png,E,90,14,28,0.75,0.67,0.73
FRS_setE_posA_075_posB_067_posC_073_record_090_frame_15.png,E,90,15,30,0.75,0.67,0.73
FRS_setE_posA_075_posB_067_posC_073_record_090_frame_16.png,E,90,16,32,0.75,0.67,0.73
FRS_setE_posA_075_posB_067_posC_073_record_090_frame_17.png,E,90,17,34,0.75,0.67,0.73
FRS_setE_posA_075_posB_067_posC_073_record_090_frame_18.png,E,90,18,36,0.75,0.67,0.73
FRS_setE_posA_075_posB_067_posC_073_record_090_frame_19.png,E,90,19,38,0.75,0.67,0.73
FRS_setE_posA_075_posB_068_posC_073_record_091_frame_00.png,E,91,0,0,0.75,0.68,0.73
FRS_setE_posA_075_posB_068_posC_073_record_091_frame_01.png,E,91,1,2,0.75,0.68,0.73
FRS_setE_posA_075_posB_068_posC_073_record_091_frame_02.png,E,91,2,4,0.75,0.68,0.73
FRS_setE_posA_075_posB_068_posC_073_record_091_frame_03.png,E,91,3,6,0.75,0.68,0.73
FRS_setE_posA_075_posB_068_posC_073_record_091_frame_04.png,E,91,4,8,0.75,0.68,0.73
FRS_setE_posA_075_posB_068_posC_073_record_091_frame_05.png,E,91,5,10,0.75,0.68,0.73
FRS_setE_posA_075_posB_068_posC_073_record_091_frame_06.png,E,91,6,12,0.75,0.68,0.73
FRS_setE_posA_075_posB_068_posC_073_record_091_frame_07.png,E,91,7,14,0.75,0.68,0.73
FRS_setE_posA_075_posB_068_posC_073_record_091_frame_08.png,E,91,8,16,0.75,0.68,0.73
FRS_setE_posA_075_posB_068_posC_073_record_091_frame_09.png,E,91,9,18,0.75,0.68,0.73
FRS_setE_posA_075_posB_068_posC_073_record_091_frame_10.png,E,91,10,20,0.75,0.68,0.73
FRS_setE_posA_075_posB_068_posC_073_record_091_frame_11.png,E,91,11,22,0.75,0.68,0.73
FRS_setE_posA_075_posB_068_posC_073_record_091_frame_12.png,E,91,12,24,0.75,0.68,0.73
FRS_setE_posA_075_posB_068_posC_073_record_091_frame_13.png,E,91,13,26,0.75,0.68,0.73
FRS_setE_posA_075_posB_068_posC_073_record_091_frame_14.png,E,91,14,28,0.75,0.68,0.73
FRS_setE_posA_075_posB_068_posC_073_record_091_frame_15.png,E,91,15,30,0.75,0.68,0.73
FRS_setE_posA_075_posB_068_posC_073_record_091_frame_16.png,E,91,16,32,0.75,0.68,0.73
FRS_setE_posA_075_posB_068_posC_073_record_091_frame_17.png,E,91,17,34,0.75,0.68,0.73
FRS_setE_posA_075_posB_068_posC_073_record_091_frame_18.png,E,91,18,36,0.75,0.68,0.73
FRS_setE_posA_075_posB_068_posC_073_record_091_frame_19.png,E,91,19,38,0.75,0.68,0.73
FRS_setE_posA_076_posB_067_posC_073_record_092_frame_00.png,E,92,0,0,0.76,0.67,0.73
FRS_setE_posA_076_posB_067_posC_073_record_092_frame_01.png,E,92,1,2,0.76,0.67,0.73
FRS_setE_posA_076_posB_067_posC_073_record_092_frame_02.png,E,92,2,4,0.76,0.67,0.73
FRS_setE_posA_076_posB_067_posC_073_record_092_frame_03.png,E,92,3,6,0.76,0.67,0.73
FRS_setE_posA_076_posB_067_posC_073_record_092_frame_04.png,E,92,4,8,0.76,0.67,0.73
FRS_setE_posA_076_posB_067_posC_073_record_092_frame_05.png,E,92,5,10,0.76,0.67,0.73
FRS_setE_posA_076_posB_067_posC_073_record_092_frame_06.png,E,92,6,12,0.76,0.67,0.73
FRS_setE_posA_076_posB_067_posC_073_record_092_frame_07.png,E,92,7,14,0.76,0.67,0.73
FRS_setE_posA_076_posB_067_posC_073_record_092_frame_08.png,E,92,8,16,0.76,0.67,0.73
FRS_setE_posA_076_posB_067_posC_073_record_092_frame_09.png,E,92,9,18,0.76,0.67,0.73
FRS_setE_posA_076_posB_067_posC_073_record_092_frame_10.png,E,92,10,20,0.76,0.67,0.73
FRS_setE_posA_076_posB_067_posC_073_record_092_frame_11.png,E,92,11,22,0.76,0.67,0.73
FRS_setE_posA_076_posB_067_posC_073_record_092_frame_12.png,E,92,12,24,0.76,0.67,0.73
FRS_setE_posA_076_posB_067_posC_073_record_092_frame_13.png,E,92,13,26,0.76,0.67,0.73
FRS_setE_posA_076_posB_067_posC_073_record_092_frame_14.png,E,92,14,28,0.76,0.67,0.73
FRS_setE_posA_076_posB_067_posC_073_record_092_frame_15.png,E,92,15,30,0.76,0.67,0.73
FRS_setE_posA_076_posB_067_posC_073_record_092_frame_16.png,E,92,16,32,0.76,0.67,0.73
FRS_setE_posA_076_posB_067_posC_073_record_092_frame_17.png,E,92,17,34,0.76,0.67,0.73
FRS_setE_posA_076_posB_067_posC_073_record_092_frame_18.png,E,92,18,36,0.76,0.67,0.73
FRS_setE_posA_076_posB_067_posC_073_record_092_frame_19.png,E,92,19,38,0.76,0.67,0.73
FRS_setE_posA_077_posB_068_posC_074_record_093_frame_00.png,E,93,0,0,0.77,0.68,0.74
FRS_setE_posA_077_posB_068_posC_074_record_093_frame_01.png,E,93,1,2,0.77,0.68,0.74
FRS_setE_posA_077_posB_068_posC_074_record_093_frame_02.png,E,93,2,4,0.77,0.68,0.74
FRS_setE_posA_077_posB_068_posC_074_record_093_frame_03.png,E,93,3,6,0.77,0.68,0.74
FRS_setE_posA_077_posB_068_posC_074_record_093_frame_04.png,E,93,4,8,0.77,0.68,0.74
FRS_setE_posA_077_posB_068_posC_074_record_093_frame_05.png,E,93,5,10,0.77,0.68,0.74
FRS_setE_posA_077_posB_068_posC_074_record_093_frame_06.png,E,93,6,12,0.77,0.68,0.74
FRS_setE_posA_077_posB_068_posC_074_record_093_frame_07.png,E,93,7,14,0.77,0.68,0.74
FRS_setE_posA_077_posB_068_posC_074_record_093_frame_08.png,E,93,8,16,0.77,0.68,0.74
FRS_setE_posA_077_posB_068_posC_074_record_093_frame_09.png,E,93,9,18,0.77,0.68,0.74
FRS_setE_posA_077_posB_068_posC_074_record_093_frame_10.png,E,93,10,20,0.77,0.68,0.74
FRS_setE_posA_077_posB_068_posC_074_record_093_frame_11.png,E,93,11,22,0.77,0.68,0.74
FRS_setE_posA_077_posB_068_posC_074_record_093_frame_12.png,E,93,12,24,0.77,0.68,0.74
FRS_setE_posA_077_posB_068_posC_074_record_093_frame_13.png,E,93,13,26,0.77,0.68,0.74
FRS_setE_posA_077_posB_068_posC_074_record_093_frame_14.png,E,93,14,28,0.77,0.68,0.74
FRS_setE_posA_077_posB_068_posC_074_record_093_frame_15.png,E,93,15,30,0.77,0.68,0.74
FRS_setE_posA_077_posB_068_posC_074_record_093_frame_16.png,E,93,16,32,0.77,0.68,0.74
FRS_setE_posA_077_posB_068_posC_074_record_093_frame_17.png,E,93,17,34,0.77,0.68,0.74
FRS_setE_posA_077_posB_068_posC_074_record_093_frame_18.png,E,93,18,36,0.77,0.68,0.74
FRS_setE_posA_077_posB_068_posC_074_record_093_frame_19.png,E,93,19,38,0.77,0.68,0.74
FRS_setE_posA_077_posB_068_posC_075_record_094_frame_00.png,E,94,0,0,0.77,0.68,0.75
FRS_setE_posA_077_posB_068_posC_075_record_094_frame_01.png,E,94,1,2,0.77,0.68,0.75
FRS_setE_posA_077_posB_068_posC_075_record_094_frame_02.png,E,94,2,4,0.77,0.68,0.75
FRS_setE_posA_077_posB_068_posC_075_record_094_frame_03.png,E,94,3,6,0.77,0.68,0.75
FRS_setE_posA_077_posB_068_posC_075_record_094_frame_04.png,E,94,4,8,0.77,0.68,0.75
FRS_setE_posA_077_posB_068_posC_075_record_094_frame_05.png,E,94,5,10,0.77,0.68,0.75
FRS_setE_posA_077_posB_068_posC_075_record_094_frame_06.png,E,94,6,12,0.77,0.68,0.75
FRS_setE_posA_077_posB_068_posC_075_record_094_frame_07.png,E,94,7,14,0.77,0.68,0.75
FRS_setE_posA_077_posB_068_posC_075_record_094_frame_08.png,E,94,8,16,0.77,0.68,0.75
FRS_setE_posA_077_posB_068_posC_075_record_094_frame_09.png,E,94,9,18,0.77,0.68,0.75
FRS_setE_posA_077_posB_068_posC_075_record_094_frame_10.png,E,94,10,20,0.77,0.68,0.75
FRS_setE_posA_077_posB_068_posC_075_record_094_frame_11.png,E,94,11,22,0.77,0.68,0.75
FRS_setE_posA_077_posB_068_posC_075_record_094_frame_12.png,E,94,12,24,0.77,0.68,0.75
FRS_setE_posA_077_posB_068_posC_075_record_094_frame_13.png,E,94,13,26,0.77,0.68,0.75
FRS_setE_posA_077_posB_068_posC_075_record_094_frame_14.png,E,94,14,28,0.77,0.68,0.75
FRS_setE_posA_077_posB_068_posC_075_record_094_frame_15.png,E,94,15,30,0.77,0.68,0.75
FRS_setE_posA_077_posB_068_posC_075_record_094_frame_16.png,E,94,16,32,0.77,0.68,0.75
FRS_setE_posA_077_posB_068_posC_075_record_094_frame_17.png,E,94,17,34,0.77,0.68,0.75
FRS_setE_posA_077_posB_068_posC_075_record_094_frame_18.png,E,94,18,36,0.77,0.68,0.75
FRS_setE_posA_077_posB_068_posC_075_record_094_frame_19.png,E,94,19,38,0.77,0.68,0.75
FRS_setE_posA_077_posB_068_posC_076_record_095_frame_00.png,E,95,0,0,0.77,0.68,0.76
FRS_setE_posA_077_posB_068_posC_076_record_095_frame_01.png,E,95,1,2,0.77,0.68,0.76
FRS_setE_posA_077_posB_068_posC_076_record_095_frame_02.png,E,95,2,4,0.77,0.68,0.76
FRS_setE_posA_077_posB_068_posC_076_record_095_frame_03.png,E,95,3,6,0.77,0.68,0.76
FRS_setE_posA_077_posB_068_posC_076_record_095_frame_04.png,E,95,4,8,0.77,0.68,0.76
FRS_setE_posA_077_posB_068_posC_076_record_095_frame_05.png,E,95,5,10,0.77,0.68,0.76
FRS_setE_posA_077_posB_068_posC_076_record_095_frame_06.png,E,95,6,12,0.77,0.68,0.76
FRS_setE_posA_077_posB_068_posC_076_record_095_frame_07.png,E,95,7,14,0.77,0.68,0.76
FRS_setE_posA_077_posB_068_posC_076_record_095_frame_08.png,E,95,8,16,0.77,0.68,0.76
FRS_setE_posA_077_posB_068_posC_076_record_095_frame_09.png,E,95,9,18,0.77,0.68,0.76
FRS_setE_posA_077_posB_068_posC_076_record_095_frame_10.png,E,95,10,20,0.77,0.68,0.76
FRS_setE_posA_077_posB_068_posC_076_record_095_frame_11.png,E,95,11,22,0.77,0.68,0.76
FRS_setE_posA_077_posB_068_posC_076_record_095_frame_12.png,E,95,12,24,0.77,0.68,0.76
FRS_setE_posA_077_posB_068_posC_076_record_095_frame_13.png,E,95,13,26,0.77,0.68,0.76
FRS_setE_posA_077_posB_068_posC_076_record_095_frame_14.png,E,95,14,28,0.77,0.68,0.76
FRS_setE_posA_077_posB_068_posC_076_record_095_frame_15.png,E,95,15,30,0.77,0.68,0.76
FRS_setE_posA_077_posB_068_posC_076_record_095_frame_16.png,E,95,16,32,0.77,0.68,0.76
FRS_setE_posA_077_posB_068_posC_076_record_095_frame_17.png,E,95,17,34,0.77,0.68,0.76
FRS_setE_posA_077_posB_068_posC_076_record_095_frame_18.png,E,95,18,36,0.77,0.68,0.76
FRS_setE_posA_077_posB_068_posC_076_record_095_frame_19.png,E,95,19,38,0.77,0.68,0.76
FRS_setE_posA_078_posB_068_posC_076_record_096_frame_00.png,E,96,0,0,0.78,0.68,0.76
FRS_setE_posA_078_posB_068_posC_076_record_096_frame_01.png,E,96,1,2,0.78,0.68,0.76
FRS_setE_posA_078_posB_068_posC_076_record_096_frame_02.png,E,96,2,4,0.78,0.68,0.76
FRS_setE_posA_078_posB_068_posC_076_record_096_frame_03.png,E,96,3,6,0.78,0.68,0.76
FRS_setE_posA_078_posB_068_posC_076_record_096_frame_04.png,E,96,4,8,0.78,0.68,0.76
FRS_setE_posA_078_posB_068_posC_076_record_096_frame_05.png,E,96,5,10,0.78,0.68,0.76
FRS_setE_posA_078_posB_068_posC_076_record_096_frame_06.png,E,96,6,12,0.78,0.68,0.76
FRS_setE_posA_078_posB_068_posC_076_record_096_frame_07.png,E,96,7,14,0.78,0.68,0.76
FRS_setE_posA_078_posB_068_posC_076_record_096_frame_08.png,E,96,8,16,0.78,0.68,0.76
FRS_setE_posA_078_posB_068_posC_076_record_096_frame_09.png,E,96,9,18,0.78,0.68,0.76
FRS_setE_posA_078_posB_068_posC_076_record_096_frame_10.png,E,96,10,20,0.78,0.68,0.76
FRS_setE_posA_078_posB_068_posC_076_record_096_frame_11.png,E,96,11,22,0.78,0.68,0.76
FRS_setE_posA_078_posB_068_posC_076_record_096_frame_12.png,E,96,12,24,0.78,0.68,0.76
FRS_setE_posA_078_posB_068_posC_076_record_096_frame_13.png,E,96,13,26,0.78,0.68,0.76
FRS_setE_posA_078_posB_068_posC_076_record_096_frame_14.png,E,96,14,28,0.78,0.68,0.76
FRS_setE_posA_078_posB_068_posC_076_record_096_frame_15.png,E,96,15,30,0.78,0.68,0.76
FRS_setE_posA_078_posB_068_posC_076_record_096_frame_16.png,E,96,16,32,0.78,0.68,0.76
FRS_setE_posA_078_posB_068_posC_076_record_096_frame_17.png,E,96,17,34,0.78,0.68,0.76
FRS_setE_posA_078_posB_068_posC_076_record_096_frame_18.png,E,96,18,36,0.78,0.68,0.76
FRS_setE_posA_078_posB_068_posC_076_record_096_frame_19.png,E,96,19,38,0.78,0.68,0.76
FRS_setE_posA_079_posB_069_posC_078_record_097_frame_00.png,E,97,0,0,0.79,0.69,0.78
FRS_setE_posA_079_posB_069_posC_078_record_097_frame_01.png,E,97,1,2,0.79,0.69,0.78
FRS_setE_posA_079_posB_069_posC_078_record_097_frame_02.png,E,97,2,4,0.79,0.69,0.78
FRS_setE_posA_079_posB_069_posC_078_record_097_frame_03.png,E,97,3,6,0.79,0.69,0.78
FRS_setE_posA_079_posB_069_posC_078_record_097_frame_04.png,E,97,4,8,0.79,0.69,0.78
FRS_setE_posA_079_posB_069_posC_078_record_097_frame_05.png,E,97,5,10,0.79,0.69,0.78
FRS_setE_posA_079_posB_069_posC_078_record_097_frame_06.png,E,97,6,12,0.79,0.69,0.78
FRS_setE_posA_079_posB_069_posC_078_record_097_frame_07.png,E,97,7,14,0.79,0.69,0.78
FRS_setE_posA_079_posB_069_posC_078_record_097_frame_08.png,E,97,8,16,0.79,0.69,0.78
FRS_setE_posA_079_posB_069_posC_078_record_097_frame_09.png,E,97,9,18,0.79,0.69,0.78
FRS_setE_posA_079_posB_069_posC_078_record_097_frame_10.png,E,97,10,20,0.79,0.69,0.78
FRS_setE_posA_079_posB_069_posC_078_record_097_frame_11.png,E,97,11,22,0.79,0.69,0.78
FRS_setE_posA_079_posB_069_posC_078_record_097_frame_12.png,E,97,12,24,0.79,0.69,0.78
FRS_setE_posA_079_posB_069_posC_078_record_097_frame_13.png,E,97,13,26,0.79,0.69,0.78
FRS_setE_posA_079_posB_069_posC_078_record_097_frame_14.png,E,97,14,28,0.79,0.69,0.78
FRS_setE_posA_079_posB_069_posC_078_record_097_frame_15.png,E,97,15,30,0.79,0.69,0.78
FRS_setE_posA_079_posB_069_posC_078_record_097_frame_16.png,E,97,16,32,0.79,0.69,0.78
FRS_setE_posA_079_posB_069_posC_078_record_097_frame_17.png,E,97,17,34,0.79,0.69,0.78
FRS_setE_posA_079_posB_069_posC_078_record_097_frame_18.png,E,97,18,36,0.79,0.69,0.78
FRS_setE_posA_079_posB_069_posC_078_record_097_frame_19.png,E,97,19,38,0.79,0.69,0.78
FRS_setE_posA_079_posB_069_posC_079_record_098_frame_00.png,E,98,0,0,0.79,0.69,0.79
FRS_setE_posA_079_posB_069_posC_079_record_098_frame_01.png,E,98,1,2,0.79,0.69,0.79
FRS_setE_posA_079_posB_069_posC_079_record_098_frame_02.png,E,98,2,4,0.79,0.69,0.79
FRS_setE_posA_079_posB_069_posC_079_record_098_frame_03.png,E,98,3,6,0.79,0.69,0.79
FRS_setE_posA_079_posB_069_posC_079_record_098_frame_04.png,E,98,4,8,0.79,0.69,0.79
FRS_setE_posA_079_posB_069_posC_079_record_098_frame_05.png,E,98,5,10,0.79,0.69,0.79
FRS_setE_posA_079_posB_069_posC_079_record_098_frame_06.png,E,98,6,12,0.79,0.69,0.79
FRS_setE_posA_079_posB_069_posC_079_record_098_frame_07.png,E,98,7,14,0.79,0.69,0.79
FRS_setE_posA_079_posB_069_posC_079_record_098_frame_08.png,E,98,8,16,0.79,0.69,0.79
FRS_setE_posA_079_posB_069_posC_079_record_098_frame_09.png,E,98,9,18,0.79,0.69,0.79
FRS_setE_posA_079_posB_069_posC_079_record_098_frame_10.png,E,98,10,20,0.79,0.69,0.79
FRS_setE_posA_079_posB_069_posC_079_record_098_frame_11.png,E,98,11,22,0.79,0.69,0.79
FRS_setE_posA_079_posB_069_posC_079_record_098_frame_12.png,E,98,12,24,0.79,0.69,0.79
FRS_setE_posA_079_posB_069_posC_079_record_098_frame_13.png,E,98,13,26,0.79,0.69,0.79
FRS_setE_posA_079_posB_069_posC_079_record_098_frame_14.png,E,98,14,28,0.79,0.69,0.79
FRS_setE_posA_079_posB_069_posC_079_record_098_frame_15.png,E,98,15,30,0.79,0.69,0.79
FRS_setE_posA_079_posB_069_posC_079_record_098_frame_16.png,E,98,16,32,0.79,0.69,0.79
FRS_setE_posA_079_posB_069_posC_079_record_098_frame_17.png,E,98,17,34,0.79,0.69,0.79
FRS_setE_posA_079_posB_069_posC_079_record_098_frame_18.png,E,98,18,36,0.79,0.69,0.79
FRS_setE_posA_079_posB_069_posC_079_record_098_frame_19.png,E,98,19,38,0.79,0.69,0.79
FRS_setE_posA_080_posB_070_posC_080_record_099_frame_00.png,E,99,0,0,0.8,0.7,0.8
FRS_setE_posA_080_posB_070_posC_080_record_099_frame_01.png,E,99,1,2,0.8,0.7,0.8
FRS_setE_posA_080_posB_070_posC_080_record_099_frame_02.png,E,99,2,4,0.8,0.7,0.8
FRS_setE_posA_080_posB_070_posC_080_record_099_frame_03.png,E,99,3,6,0.8,0.7,0.8
FRS_setE_posA_080_posB_070_posC_080_record_099_frame_04.png,E,99,4,8,0.8,0.7,0.8
FRS_setE_posA_080_posB_070_posC_080_record_099_frame_05.png,E,99,5,10,0.8,0.7,0.8
FRS_setE_posA_080_posB_070_posC_080_record_099_frame_06.png,E,99,6,12,0.8,0.7,0.8
FRS_setE_posA_080_posB_070_posC_080_record_099_frame_07.png,E,99,7,14,0.8,0.7,0.8
FRS_setE_posA_080_posB_070_posC_080_record_099_frame_08.png,E,99,8,16,0.8,0.7,0.8
FRS_setE_posA_080_posB_070_posC_080_record_099_frame_09.png,E,99,9,18,0.8,0.7,0.8
FRS_setE_posA_080_posB_070_posC_080_record_099_frame_10.png,E,99,10,20,0.8,0.7,0.8
FRS_setE_posA_080_posB_070_posC_080_record_099_frame_11.png,E,99,11,22,0.8,0.7,0.8
FRS_setE_posA_080_posB_070_posC_080_record_099_frame_12.png,E,99,12,24,0.8,0.7,0.8
FRS_setE_posA_080_posB_070_posC_080_record_099_frame_13.png,E,99,13,26,0.8,0.7,0.8
FRS_setE_posA_080_posB_070_posC_080_record_099_frame_14.png,E,99,14,28,0.8,0.7,0.8
FRS_setE_posA_080_posB_070_posC_080_record_099_frame_15.png,E,99,15,30,0.8,0.7,0.8
FRS_setE_posA_080_posB_070_posC_080_record_099_frame_16.png,E,99,16,32,0.8,0.7,0.8
FRS_setE_posA_080_posB_070_posC_080_record_099_frame_17.png,E,99,17,34,0.8,0.7,0.8
FRS_setE_posA_080_posB_070_posC_080_record_099_frame_18.png,E,99,18,36,0.8,0.7,0.8
FRS_setE_posA_080_posB_070_posC_080_record_099_frame_19.png,E,99,19,38,0.8,0.7,0.8
FRS_setE_posA_081_posB_071_posC_081_record_100_frame_00.png,E,100,0,0,0.81,0.71,0.81
FRS_setE_posA_081_posB_071_posC_081_record_100_frame_01.png,E,100,1,2,0.81,0.71,0.81
FRS_setE_posA_081_posB_071_posC_081_record_100_frame_02.png,E,100,2,4,0.81,0.71,0.81
FRS_setE_posA_081_posB_071_posC_081_record_100_frame_03.png,E,100,3,6,0.81,0.71,0.81
FRS_setE_posA_081_posB_071_posC_081_record_100_frame_04.png,E,100,4,8,0.81,0.71,0.81
FRS_setE_posA_081_posB_071_posC_081_record_100_frame_05.png,E,100,5,10,0.81,0.71,0.81
FRS_setE_posA_081_posB_071_posC_081_record_100_frame_06.png,E,100,6,12,0.81,0.71,0.81
FRS_setE_posA_081_posB_071_posC_081_record_100_frame_07.png,E,100,7,14,0.81,0.71,0.81
FRS_setE_posA_081_posB_071_posC_081_record_100_frame_08.png,E,100,8,16,0.81,0.71,0.81
FRS_setE_posA_081_posB_071_posC_081_record_100_frame_09.png,E,100,9,18,0.81,0.71,0.81
FRS_setE_posA_081_posB_071_posC_081_record_100_frame_10.png,E,100,10,20,0.81,0.71,0.81
FRS_setE_posA_081_posB_071_posC_081_record_100_frame_11.png,E,100,11,22,0.81,0.71,0.81
FRS_setE_posA_081_posB_071_posC_081_record_100_frame_12.png,E,100,12,24,0.81,0.71,0.81
FRS_setE_posA_081_posB_071_posC_081_record_100_frame_13.png,E,100,13,26,0.81,0.71,0.81
FRS_setE_posA_081_posB_071_posC_081_record_100_frame_14.png,E,100,14,28,0.81,0.71,0.81
FRS_setE_posA_081_posB_071_posC_081_record_100_frame_15.png,E,100,15,30,0.81,0.71,0.81
FRS_setE_posA_081_posB_071_posC_081_record_100_frame_16.png,E,100,16,32,0.81,0.71,0.81
FRS_setE_posA_081_posB_071_posC_081_record_100_frame_17.png,E,100,17,34,0.81,0.71,0.81
FRS_setE_posA_081_posB_071_posC_081_record_100_frame_18.png,E,100,18,36,0.81,0.71,0.81
FRS_setE_posA_081_posB_071_posC_081_record_100_frame_19.png,E,100,19,38,0.81,0.71,0.81
FRS_setE_posA_081_posB_071_posC_082_record_101_frame_00.png,E,101,0,0,0.81,0.71,0.82
FRS_setE_posA_081_posB_071_posC_082_record_101_frame_01.png,E,101,1,2,0.81,0.71,0.82
FRS_setE_posA_081_posB_071_posC_082_record_101_frame_02.png,E,101,2,4,0.81,0.71,0.82
FRS_setE_posA_081_posB_071_posC_082_record_101_frame_03.png,E,101,3,6,0.81,0.71,0.82
FRS_setE_posA_081_posB_071_posC_082_record_101_frame_04.png,E,101,4,8,0.81,0.71,0.82
FRS_setE_posA_081_posB_071_posC_082_record_101_frame_05.png,E,101,5,10,0.81,0.71,0.82
FRS_setE_posA_081_posB_071_posC_082_record_101_frame_06.png,E,101,6,12,0.81,0.71,0.82
FRS_setE_posA_081_posB_071_posC_082_record_101_frame_07.png,E,101,7,14,0.81,0.71,0.82
FRS_setE_posA_081_posB_071_posC_082_record_101_frame_08.png,E,101,8,16,0.81,0.71,0.82
FRS_setE_posA_081_posB_071_posC_082_record_101_frame_09.png,E,101,9,18,0.81,0.71,0.82
FRS_setE_posA_081_posB_071_posC_082_record_101_frame_10.png,E,101,10,20,0.81,0.71,0.82
FRS_setE_posA_081_posB_071_posC_082_record_101_frame_11.png,E,101,11,22,0.81,0.71,0.82
FRS_setE_posA_081_posB_071_posC_082_record_101_frame_12.png,E,101,12,24,0.81,0.71,0.82
FRS_setE_posA_081_posB_071_posC_082_record_101_frame_13.png,E,101,13,26,0.81,0.71,0.82
FRS_setE_posA_081_posB_071_posC_082_record_101_frame_14.png,E,101,14,28,0.81,0.71,0.82
FRS_setE_posA_081_posB_071_posC_082_record_101_frame_15.png,E,101,15,30,0.81,0.71,0.82
FRS_setE_posA_081_posB_071_posC_082_record_101_frame_16.png,E,101,16,32,0.81,0.71,0.82
FRS_setE_posA_081_posB_071_posC_082_record_101_frame_17.png,E,101,17,34,0.81,0.71,0.82
FRS_setE_posA_081_posB_071_posC_082_record_101_frame_18.png,E,101,18,36,0.81,0.71,0.82
FRS_setE_posA_081_posB_071_posC_082_record_101_frame_19.png,E,101,19,38,0.81,0.71,0.82
FRS_setE_posA_082_posB_070_posC_082_record_102_frame_00.png,E,102,0,0,0.82,0.7,0.82
FRS_setE_posA_082_posB_070_posC_082_record_102_frame_01.png,E,102,1,2,0.82,0.7,0.82
FRS_setE_posA_082_posB_070_posC_082_record_102_frame_02.png,E,102,2,4,0.82,0.7,0.82
FRS_setE_posA_082_posB_070_posC_082_record_102_frame_03.png,E,102,3,6,0.82,0.7,0.82
FRS_setE_posA_082_posB_070_posC_082_record_102_frame_04.png,E,102,4,8,0.82,0.7,0.82
FRS_setE_posA_082_posB_070_posC_082_record_102_frame_05.png,E,102,5,10,0.82,0.7,0.82
FRS_setE_posA_082_posB_070_posC_082_record_102_frame_06.png,E,102,6,12,0.82,0.7,0.82
FRS_setE_posA_082_posB_070_posC_082_record_102_frame_07.png,E,102,7,14,0.82,0.7,0.82
FRS_setE_posA_082_posB_070_posC_082_record_102_frame_08.png,E,102,8,16,0.82,0.7,0.82
FRS_setE_posA_082_posB_070_posC_082_record_102_frame_09.png,E,102,9,18,0.82,0.7,0.82
FRS_setE_posA_082_posB_070_posC_082_record_102_frame_10.png,E,102,10,20,0.82,0.7,0.82
FRS_setE_posA_082_posB_070_posC_082_record_102_frame_11.png,E,102,11,22,0.82,0.7,0.82
FRS_setE_posA_082_posB_070_posC_082_record_102_frame_12.png,E,102,12,24,0.82,0.7,0.82
FRS_setE_posA_082_posB_070_posC_082_record_102_frame_13.png,E,102,13,26,0.82,0.7,0.82
FRS_setE_posA_082_posB_070_posC_082_record_102_frame_14.png,E,102,14,28,0.82,0.7,0.82
FRS_setE_posA_082_posB_070_posC_082_record_102_frame_15.png,E,102,15,30,0.82,0.7,0.82
FRS_setE_posA_082_posB_070_posC_082_record_102_frame_16.png,E,102,16,32,0.82,0.7,0.82
FRS_setE_posA_082_posB_070_posC_082_record_102_frame_17.png,E,102,17,34,0.82,0.7,0.82
FRS_setE_posA_082_posB_070_posC_082_record_102_frame_18.png,E,102,18,36,0.82,0.7,0.82
FRS_setE_posA_082_posB_070_posC_082_record_102_frame_19.png,E,102,19,38,0.82,0.7,0.82
FRS_setE_posA_083_posB_070_posC_082_record_103_frame_00.png,E,103,0,0,0.83,0.7,0.82
FRS_setE_posA_083_posB_070_posC_082_record_103_frame_01.png,E,103,1,2,0.83,0.7,0.82
FRS_setE_posA_083_posB_070_posC_082_record_103_frame_02.png,E,103,2,4,0.83,0.7,0.82
FRS_setE_posA_083_posB_070_posC_082_record_103_frame_03.png,E,103,3,6,0.83,0.7,0.82
FRS_setE_posA_083_posB_070_posC_082_record_103_frame_04.png,E,103,4,8,0.83,0.7,0.82
FRS_setE_posA_083_posB_070_posC_082_record_103_frame_05.png,E,103,5,10,0.83,0.7,0.82
FRS_setE_posA_083_posB_070_posC_082_record_103_frame_06.png,E,103,6,12,0.83,0.7,0.82
FRS_setE_posA_083_posB_070_posC_082_record_103_frame_07.png,E,103,7,14,0.83,0.7,0.82
FRS_setE_posA_083_posB_070_posC_082_record_103_frame_08.png,E,103,8,16,0.83,0.7,0.82
FRS_setE_posA_083_posB_070_posC_082_record_103_frame_09.png,E,103,9,18,0.83,0.7,0.82
FRS_setE_posA_083_posB_070_posC_082_record_103_frame_10.png,E,103,10,20,0.83,0.7,0.82
FRS_setE_posA_083_posB_070_posC_082_record_103_frame_11.png,E,103,11,22,0.83,0.7,0.82
FRS_setE_posA_083_posB_070_posC_082_record_103_frame_12.png,E,103,12,24,0.83,0.7,0.82
FRS_setE_posA_083_posB_070_posC_082_record_103_frame_13.png,E,103,13,26,0.83,0.7,0.82
FRS_setE_posA_083_posB_070_posC_082_record_103_frame_14.png,E,103,14,28,0.83,0.7,0.82
FRS_setE_posA_083_posB_070_posC_082_record_103_frame_15.png,E,103,15,30,0.83,0.7,0.82
FRS_setE_posA_083_posB_070_posC_082_record_103_frame_16.png,E,103,16,32,0.83,0.7,0.82
FRS_setE_posA_083_posB_070_posC_082_record_103_frame_17.png,E,103,17,34,0.83,0.7,0.82
FRS_setE_posA_083_posB_070_posC_082_record_103_frame_18.png,E,103,18,36,0.83,0.7,0.82
FRS_setE_posA_083_posB_070_posC_082_record_103_frame_19.png,E,103,19,38,0.83,0.7,0.82
FRS_setE_posA_083_posB_071_posC_084_record_104_frame_00.png,E,104,0,0,0.83,0.71,0.84
FRS_setE_posA_083_posB_071_posC_084_record_104_frame_01.png,E,104,1,2,0.83,0.71,0.84
FRS_setE_posA_083_posB_071_posC_084_record_104_frame_02.png,E,104,2,4,0.83,0.71,0.84
FRS_setE_posA_083_posB_071_posC_084_record_104_frame_03.png,E,104,3,6,0.83,0.71,0.84
FRS_setE_posA_083_posB_071_posC_084_record_104_frame_04.png,E,104,4,8,0.83,0.71,0.84
FRS_setE_posA_083_posB_071_posC_084_record_104_frame_05.png,E,104,5,10,0.83,0.71,0.84
FRS_setE_posA_083_posB_071_posC_084_record_104_frame_06.png,E,104,6,12,0.83,0.71,0.84
FRS_setE_posA_083_posB_071_posC_084_record_104_frame_07.png,E,104,7,14,0.83,0.71,0.84
FRS_setE_posA_083_posB_071_posC_084_record_104_frame_08.png,E,104,8,16,0.83,0.71,0.84
FRS_setE_posA_083_posB_071_posC_084_record_104_frame_09.png,E,104,9,18,0.83,0.71,0.84
FRS_setE_posA_083_posB_071_posC_084_record_104_frame_10.png,E,104,10,20,0.83,0.71,0.84
FRS_setE_posA_083_posB_071_posC_084_record_104_frame_11.png,E,104,11,22,0.83,0.71,0.84
FRS_setE_posA_083_posB_071_posC_084_record_104_frame_12.png,E,104,12,24,0.83,0.71,0.84
FRS_setE_posA_083_posB_071_posC_084_record_104_frame_13.png,E,104,13,26,0.83,0.71,0.84
FRS_setE_posA_083_posB_071_posC_084_record_104_frame_14.png,E,104,14,28,0.83,0.71,0.84
FRS_setE_posA_083_posB_071_posC_084_record_104_frame_15.png,E,104,15,30,0.83,0.71,0.84
FRS_setE_posA_083_posB_071_posC_084_record_104_frame_16.png,E,104,16,32,0.83,0.71,0.84
FRS_setE_posA_083_posB_071_posC_084_record_104_frame_17.png,E,104,17,34,0.83,0.71,0.84
FRS_setE_posA_083_posB_071_posC_084_record_104_frame_18.png,E,104,18,36,0.83,0.71,0.84
FRS_setE_posA_083_posB_071_posC_084_record_104_frame_19.png,E,104,19,38,0.83,0.71,0.84
FRS_setE_posA_084_posB_071_posC_085_record_105_frame_00.png,E,105,0,0,0.84,0.71,0.85
FRS_setE_posA_084_posB_071_posC_085_record_105_frame_01.png,E,105,1,2,0.84,0.71,0.85
FRS_setE_posA_084_posB_071_posC_085_record_105_frame_02.png,E,105,2,4,0.84,0.71,0.85
FRS_setE_posA_084_posB_071_posC_085_record_105_frame_03.png,E,105,3,6,0.84,0.71,0.85
FRS_setE_posA_084_posB_071_posC_085_record_105_frame_04.png,E,105,4,8,0.84,0.71,0.85
FRS_setE_posA_084_posB_071_posC_085_record_105_frame_05.png,E,105,5,10,0.84,0.71,0.85
FRS_setE_posA_084_posB_071_posC_085_record_105_frame_06.png,E,105,6,12,0.84,0.71,0.85
FRS_setE_posA_084_posB_071_posC_085_record_105_frame_07.png,E,105,7,14,0.84,0.71,0.85
FRS_setE_posA_084_posB_071_posC_085_record_105_frame_08.png,E,105,8,16,0.84,0.71,0.85
FRS_setE_posA_084_posB_071_posC_085_record_105_frame_09.png,E,105,9,18,0.84,0.71,0.85
FRS_setE_posA_084_posB_071_posC_085_record_105_frame_10.png,E,105,10,20,0.84,0.71,0.85
FRS_setE_posA_084_posB_071_posC_085_record_105_frame_11.png,E,105,11,22,0.84,0.71,0.85
FRS_setE_posA_084_posB_071_posC_085_record_105_frame_12.png,E,105,12,24,0.84,0.71,0.85
FRS_setE_posA_084_posB_071_posC_085_record_105_frame_13.png,E,105,13,26,0.84,0.71,0.85
FRS_setE_posA_084_posB_071_posC_085_record_105_frame_14.png,E,105,14,28,0.84,0.71,0.85
FRS_setE_posA_084_posB_071_posC_085_record_105_frame_15.png,E,105,15,30,0.84,0.71,0.85
FRS_setE_posA_084_posB_071_posC_085_record_105_frame_16.png,E,105,16,32,0.84,0.71,0.85
FRS_setE_posA_084_posB_071_posC_085_record_105_frame_17.png,E,105,17,34,0.84,0.71,0.85
FRS_setE_posA_084_posB_071_posC_085_record_105_frame_18.png,E,105,18,36,0.84,0.71,0.85
FRS_setE_posA_084_posB_071_posC_085_record_105_frame_19.png,E,105,19,38,0.84,0.71,0.85
FRS_setE_posA_084_posB_071_posC_086_record_106_frame_00.png,E,106,0,0,0.84,0.71,0.86
FRS_setE_posA_084_posB_071_posC_086_record_106_frame_01.png,E,106,1,2,0.84,0.71,0.86
FRS_setE_posA_084_posB_071_posC_086_record_106_frame_02.png,E,106,2,4,0.84,0.71,0.86
FRS_setE_posA_084_posB_071_posC_086_record_106_frame_03.png,E,106,3,6,0.84,0.71,0.86
FRS_setE_posA_084_posB_071_posC_086_record_106_frame_04.png,E,106,4,8,0.84,0.71,0.86
FRS_setE_posA_084_posB_071_posC_086_record_106_frame_05.png,E,106,5,10,0.84,0.71,0.86
FRS_setE_posA_084_posB_071_posC_086_record_106_frame_06.png,E,106,6,12,0.84,0.71,0.86
FRS_setE_posA_084_posB_071_posC_086_record_106_frame_07.png,E,106,7,14,0.84,0.71,0.86
FRS_setE_posA_084_posB_071_posC_086_record_106_frame_08.png,E,106,8,16,0.84,0.71,0.86
FRS_setE_posA_084_posB_071_posC_086_record_106_frame_09.png,E,106,9,18,0.84,0.71,0.86
FRS_setE_posA_084_posB_071_posC_086_record_106_frame_10.png,E,106,10,20,0.84,0.71,0.86
FRS_setE_posA_084_posB_071_posC_086_record_106_frame_11.png,E,106,11,22,0.84,0.71,0.86
FRS_setE_posA_084_posB_071_posC_086_record_106_frame_12.png,E,106,12,24,0.84,0.71,0.86
FRS_setE_posA_084_posB_071_posC_086_record_106_frame_13.png,E,106,13,26,0.84,0.71,0.86
FRS_setE_posA_084_posB_071_posC_086_record_106_frame_14.png,E,106,14,28,0.84,0.71,0.86
FRS_setE_posA_084_posB_071_posC_086_record_106_frame_15.png,E,106,15,30,0.84,0.71,0.86
FRS_setE_posA_084_posB_071_posC_086_record_106_frame_16.png,E,106,16,32,0.84,0.71,0.86
FRS_setE_posA_084_posB_071_posC_086_record_106_frame_17.png,E,106,17,34,0.84,0.71,0.86
FRS_setE_posA_084_posB_071_posC_086_record_106_frame_18.png,E,106,18,36,0.84,0.71,0.86
FRS_setE_posA_084_posB_071_posC_086_record_106_frame_19.png,E,106,19,38,0.84,0.71,0.86
FRS_setE_posA_084_posB_071_posC_087_record_107_frame_00.png,E,107,0,0,0.84,0.71,0.87
FRS_setE_posA_084_posB_071_posC_087_record_107_frame_01.png,E,107,1,2,0.84,0.71,0.87
FRS_setE_posA_084_posB_071_posC_087_record_107_frame_02.png,E,107,2,4,0.84,0.71,0.87
FRS_setE_posA_084_posB_071_posC_087_record_107_frame_03.png,E,107,3,6,0.84,0.71,0.87
FRS_setE_posA_084_posB_071_posC_087_record_107_frame_04.png,E,107,4,8,0.84,0.71,0.87
FRS_setE_posA_084_posB_071_posC_087_record_107_frame_05.png,E,107,5,10,0.84,0.71,0.87
FRS_setE_posA_084_posB_071_posC_087_record_107_frame_06.png,E,107,6,12,0.84,0.71,0.87
FRS_setE_posA_084_posB_071_posC_087_record_107_frame_07.png,E,107,7,14,0.84,0.71,0.87
FRS_setE_posA_084_posB_071_posC_087_record_107_frame_08.png,E,107,8,16,0.84,0.71,0.87
FRS_setE_posA_084_posB_071_posC_087_record_107_frame_09.png,E,107,9,18,0.84,0.71,0.87
FRS_setE_posA_084_posB_071_posC_087_record_107_frame_10.png,E,107,10,20,0.84,0.71,0.87
FRS_setE_posA_084_posB_071_posC_087_record_107_frame_11.png,E,107,11,22,0.84,0.71,0.87
FRS_setE_posA_084_posB_071_posC_087_record_107_frame_12.png,E,107,12,24,0.84,0.71,0.87
FRS_setE_posA_084_posB_071_posC_087_record_107_frame_13.png,E,107,13,26,0.84,0.71,0.87
FRS_setE_posA_084_posB_071_posC_087_record_107_frame_14.png,E,107,14,28,0.84,0.71,0.87
FRS_setE_posA_084_posB_071_posC_087_record_107_frame_15.png,E,107,15,30,0.84,0.71,0.87
FRS_setE_posA_084_posB_071_posC_087_record_107_frame_16.png,E,107,16,32,0.84,0.71,0.87
FRS_setE_posA_084_posB_071_posC_087_record_107_frame_17.png,E,107,17,34,0.84,0.71,0.87
FRS_setE_posA_084_posB_071_posC_087_record_107_frame_18.png,E,107,18,36,0.84,0.71,0.87
FRS_setE_posA_084_posB_071_posC_087_record_107_frame_19.png,E,107,19,38,0.84,0.71,0.87
FRS_setE_posA_085_posB_071_posC_087_record_108_frame_00.png,E,108,0,0,0.85,0.71,0.87
FRS_setE_posA_085_posB_071_posC_087_record_108_frame_01.png,E,108,1,2,0.85,0.71,0.87
FRS_setE_posA_085_posB_071_posC_087_record_108_frame_02.png,E,108,2,4,0.85,0.71,0.87
FRS_setE_posA_085_posB_071_posC_087_record_108_frame_03.png,E,108,3,6,0.85,0.71,0.87
FRS_setE_posA_085_posB_071_posC_087_record_108_frame_04.png,E,108,4,8,0.85,0.71,0.87
FRS_setE_posA_085_posB_071_posC_087_record_108_frame_05.png,E,108,5,10,0.85,0.71,0.87
FRS_setE_posA_085_posB_071_posC_087_record_108_frame_06.png,E,108,6,12,0.85,0.71,0.87
FRS_setE_posA_085_posB_071_posC_087_record_108_frame_07.png,E,108,7,14,0.85,0.71,0.87
FRS_setE_posA_085_posB_071_posC_087_record_108_frame_08.png,E,108,8,16,0.85,0.71,0.87
FRS_setE_posA_085_posB_071_posC_087_record_108_frame_09.png,E,108,9,18,0.85,0.71,0.87
FRS_setE_posA_085_posB_071_posC_087_record_108_frame_10.png,E,108,10,20,0.85,0.71,0.87
FRS_setE_posA_085_posB_071_posC_087_record_108_frame_11.png,E,108,11,22,0.85,0.71,0.87
FRS_setE_posA_085_posB_071_posC_087_record_108_frame_12.png,E,108,12,24,0.85,0.71,0.87
FRS_setE_posA_085_posB_071_posC_087_record_108_frame_13.png,E,108,13,26,0.85,0.71,0.87
FRS_setE_posA_085_posB_071_posC_087_record_108_frame_14.png,E,108,14,28,0.85,0.71,0.87
FRS_setE_posA_085_posB_071_posC_087_record_108_frame_15.png,E,108,15,30,0.85,0.71,0.87
FRS_setE_posA_085_posB_071_posC_087_record_108_frame_16.png,E,108,16,32,0.85,0.71,0.87
FRS_setE_posA_085_posB_071_posC_087_record_108_frame_17.png,E,108,17,34,0.85,0.71,0.87
FRS_setE_posA_085_posB_071_posC_087_record_108_frame_18.png,E,108,18,36,0.85,0.71,0.87
FRS_setE_posA_085_posB_071_posC_087_record_108_frame_19.png,E,108,19,38,0.85,0.71,0.87
FRS_setE_posA_085_posB_072_posC_088_record_109_frame_00.png,E,109,0,0,0.85,0.72,0.88
FRS_setE_posA_085_posB_072_posC_088_record_109_frame_01.png,E,109,1,2,0.85,0.72,0.88
FRS_setE_posA_085_posB_072_posC_088_record_109_frame_02.png,E,109,2,4,0.85,0.72,0.88
FRS_setE_posA_085_posB_072_posC_088_record_109_frame_03.png,E,109,3,6,0.85,0.72,0.88
FRS_setE_posA_085_posB_072_posC_088_record_109_frame_04.png,E,109,4,8,0.85,0.72,0.88
FRS_setE_posA_085_posB_072_posC_088_record_109_frame_05.png,E,109,5,10,0.85,0.72,0.88
FRS_setE_posA_085_posB_072_posC_088_record_109_frame_06.png,E,109,6,12,0.85,0.72,0.88
FRS_setE_posA_085_posB_072_posC_088_record_109_frame_07.png,E,109,7,14,0.85,0.72,0.88
FRS_setE_posA_085_posB_072_posC_088_record_109_frame_08.png,E,109,8,16,0.85,0.72,0.88
FRS_setE_posA_085_posB_072_posC_088_record_109_frame_09.png,E,109,9,18,0.85,0.72,0.88
FRS_setE_posA_085_posB_072_posC_088_record_109_frame_10.png,E,109,10,20,0.85,0.72,0.88
FRS_setE_posA_085_posB_072_posC_088_record_109_frame_11.png,E,109,11,22,0.85,0.72,0.88
FRS_setE_posA_085_posB_072_posC_088_record_109_frame_12.png,E,109,12,24,0.85,0.72,0.88
FRS_setE_posA_085_posB_072_posC_088_record_109_frame_13.png,E,109,13,26,0.85,0.72,0.88
FRS_setE_posA_085_posB_072_posC_088_record_109_frame_14.png,E,109,14,28,0.85,0.72,0.88
FRS_setE_posA_085_posB_072_posC_088_record_109_frame_15.png,E,109,15,30,0.85,0.72,0.88
FRS_setE_posA_085_posB_072_posC_088_record_109_frame_16.png,E,109,16,32,0.85,0.72,0.88
FRS_setE_posA_085_posB_072_posC_088_record_109_frame_17.png,E,109,17,34,0.85,0.72,0.88
FRS_setE_posA_085_posB_072_posC_088_record_109_frame_18.png,E,109,18,36,0.85,0.72,0.88
FRS_setE_posA_085_posB_072_posC_088_record_109_frame_19.png,E,109,19,38,0.85,0.72,0.88
FRS_setE_posA_085_posB_072_posC_089_record_110_frame_00.png,E,110,0,0,0.85,0.72,0.89
FRS_setE_posA_085_posB_072_posC_089_record_110_frame_01.png,E,110,1,2,0.85,0.72,0.89
FRS_setE_posA_085_posB_072_posC_089_record_110_frame_02.png,E,110,2,4,0.85,0.72,0.89
FRS_setE_posA_085_posB_072_posC_089_record_110_frame_03.png,E,110,3,6,0.85,0.72,0.89
FRS_setE_posA_085_posB_072_posC_089_record_110_frame_04.png,E,110,4,8,0.85,0.72,0.89
FRS_setE_posA_085_posB_072_posC_089_record_110_frame_05.png,E,110,5,10,0.85,0.72,0.89
FRS_setE_posA_085_posB_072_posC_089_record_110_frame_06.png,E,110,6,12,0.85,0.72,0.89
FRS_setE_posA_085_posB_072_posC_089_record_110_frame_07.png,E,110,7,14,0.85,0.72,0.89
FRS_setE_posA_085_posB_072_posC_089_record_110_frame_08.png,E,110,8,16,0.85,0.72,0.89
FRS_setE_posA_085_posB_072_posC_089_record_110_frame_09.png,E,110,9,18,0.85,0.72,0.89
FRS_setE_posA_085_posB_072_posC_089_record_110_frame_10.png,E,110,10,20,0.85,0.72,0.89
FRS_setE_posA_085_posB_072_posC_089_record_110_frame_11.png,E,110,11,22,0.85,0.72,0.89
FRS_setE_posA_085_posB_072_posC_089_record_110_frame_12.png,E,110,12,24,0.85,0.72,0.89
FRS_setE_posA_085_posB_072_posC_089_record_110_frame_13.png,E,110,13,26,0.85,0.72,0.89
FRS_setE_posA_085_posB_072_posC_089_record_110_frame_14.png,E,110,14,28,0.85,0.72,0.89
FRS_setE_posA_085_posB_072_posC_089_record_110_frame_15.png,E,110,15,30,0.85,0.72,0.89
FRS_setE_posA_085_posB_072_posC_089_record_110_frame_16.png,E,110,16,32,0.85,0.72,0.89
FRS_setE_posA_085_posB_072_posC_089_record_110_frame_17.png,E,110,17,34,0.85,0.72,0.89
FRS_setE_posA_085_posB_072_posC_089_record_110_frame_18.png,E,110,18,36,0.85,0.72,0.89
FRS_setE_posA_085_posB_072_posC_089_record_110_frame_19.png,E,110,19,38,0.85,0.72,0.89
FRS_setE_posA_086_posB_072_posC_089_record_111_frame_00.png,E,111,0,0,0.86,0.72,0.89
FRS_setE_posA_086_posB_072_posC_089_record_111_frame_01.png,E,111,1,2,0.86,0.72,0.89
FRS_setE_posA_086_posB_072_posC_089_record_111_frame_02.png,E,111,2,4,0.86,0.72,0.89
FRS_setE_posA_086_posB_072_posC_089_record_111_frame_03.png,E,111,3,6,0.86,0.72,0.89
FRS_setE_posA_086_posB_072_posC_089_record_111_frame_04.png,E,111,4,8,0.86,0.72,0.89
FRS_setE_posA_086_posB_072_posC_089_record_111_frame_05.png,E,111,5,10,0.86,0.72,0.89
FRS_setE_posA_086_posB_072_posC_089_record_111_frame_06.png,E,111,6,12,0.86,0.72,0.89
FRS_setE_posA_086_posB_072_posC_089_record_111_frame_07.png,E,111,7,14,0.86,0.72,0.89
FRS_setE_posA_086_posB_072_posC_089_record_111_frame_08.png,E,111,8,16,0.86,0.72,0.89
FRS_setE_posA_086_posB_072_posC_089_record_111_frame_09.png,E,111,9,18,0.86,0.72,0.89
FRS_setE_posA_086_posB_072_posC_089_record_111_frame_10.png,E,111,10,20,0.86,0.72,0.89
FRS_setE_posA_086_posB_072_posC_089_record_111_frame_11.png,E,111,11,22,0.86,0.72,0.89
FRS_setE_posA_086_posB_072_posC_089_record_111_frame_12.png,E,111,12,24,0.86,0.72,0.89
FRS_setE_posA_086_posB_072_posC_089_record_111_frame_13.png,E,111,13,26,0.86,0.72,0.89
FRS_setE_posA_086_posB_072_posC_089_record_111_frame_14.png,E,111,14,28,0.86,0.72,0.89
FRS_setE_posA_086_posB_072_posC_089_record_111_frame_15.png,E,111,15,30,0.86,0.72,0.89
FRS_setE_posA_086_posB_072_posC_089_record_111_frame_16.png,E,111,16,32,0.86,0.72,0.89
FRS_setE_posA_086_posB_072_posC_089_record_111_frame_17.png,E,111,17,34,0.86,0.72,0.89
FRS_setE_posA_086_posB_072_posC_089_record_111_frame_18.png,E,111,18,36,0.86,0.72,0.89
FRS_setE_posA_086_posB_072_posC_089_record_111_frame_19.png,E,111,19,38,0.86,0.72,0.89
FRS_setE_posA_087_posB_072_posC_089_record_112_frame_00.png,E,112,0,0,0.87,0.72,0.89
FRS_setE_posA_087_posB_072_posC_089_record_112_frame_01.png,E,112,1,2,0.87,0.72,0.89
FRS_setE_posA_087_posB_072_posC_089_record_112_frame_02.png,E,112,2,4,0.87,0.72,0.89
FRS_setE_posA_087_posB_072_posC_089_record_112_frame_03.png,E,112,3,6,0.87,0.72,0.89
FRS_setE_posA_087_posB_072_posC_089_record_112_frame_04.png,E,112,4,8,0.87,0.72,0.89
FRS_setE_posA_087_posB_072_posC_089_record_112_frame_05.png,E,112,5,10,0.87,0.72,0.89
FRS_setE_posA_087_posB_072_posC_089_record_112_frame_06.png,E,112,6,12,0.87,0.72,0.89
FRS_setE_posA_087_posB_072_posC_089_record_112_frame_07.png,E,112,7,14,0.87,0.72,0.89
FRS_setE_posA_087_posB_072_posC_089_record_112_frame_08.png,E,112,8,16,0.87,0.72,0.89
FRS_setE_posA_087_posB_072_posC_089_record_112_frame_09.png,E,112,9,18,0.87,0.72,0.89
FRS_setE_posA_087_posB_072_posC_089_record_112_frame_10.png,E,112,10,20,0.87,0.72,0.89
FRS_setE_posA_087_posB_072_posC_089_record_112_frame_11.png,E,112,11,22,0.87,0.72,0.89
FRS_setE_posA_087_posB_072_posC_089_record_112_frame_12.png,E,112,12,24,0.87,0.72,0.89
FRS_setE_posA_087_posB_072_posC_089_record_112_frame_13.png,E,112,13,26,0.87,0.72,0.89
FRS_setE_posA_087_posB_072_posC_089_record_112_frame_14.png,E,112,14,28,0.87,0.72,0.89
FRS_setE_posA_087_posB_072_posC_089_record_112_frame_15.png,E,112,15,30,0.87,0.72,0.89
FRS_setE_posA_087_posB_072_posC_089_record_112_frame_16.png,E,112,16,32,0.87,0.72,0.89
FRS_setE_posA_087_posB_072_posC_089_record_112_frame_17.png,E,112,17,34,0.87,0.72,0.89
FRS_setE_posA_087_posB_072_posC_089_record_112_frame_18.png,E,112,18,36,0.87,0.72,0.89
FRS_setE_posA_087_posB_072_posC_089_record_112_frame_19.png,E,112,19,38,0.87,0.72,0.89
FRS_setE_posA_088_posB_072_posC_089_record_113_frame_00.png,E,113,0,0,0.88,0.72,0.89
FRS_setE_posA_088_posB_072_posC_089_record_113_frame_01.png,E,113,1,2,0.88,0.72,0.89
FRS_setE_posA_088_posB_072_posC_089_record_113_frame_02.png,E,113,2,4,0.88,0.72,0.89
FRS_setE_posA_088_posB_072_posC_089_record_113_frame_03.png,E,113,3,6,0.88,0.72,0.89
FRS_setE_posA_088_posB_072_posC_089_record_113_frame_04.png,E,113,4,8,0.88,0.72,0.89
FRS_setE_posA_088_posB_072_posC_089_record_113_frame_05.png,E,113,5,10,0.88,0.72,0.89
FRS_setE_posA_088_posB_072_posC_089_record_113_frame_06.png,E,113,6,12,0.88,0.72,0.89
FRS_setE_posA_088_posB_072_posC_089_record_113_frame_07.png,E,113,7,14,0.88,0.72,0.89
FRS_setE_posA_088_posB_072_posC_089_record_113_frame_08.png,E,113,8,16,0.88,0.72,0.89
FRS_setE_posA_088_posB_072_posC_089_record_113_frame_09.png,E,113,9,18,0.88,0.72,0.89
FRS_setE_posA_088_posB_072_posC_089_record_113_frame_10.png,E,113,10,20,0.88,0.72,0.89
FRS_setE_posA_088_posB_072_posC_089_record_113_frame_11.png,E,113,11,22,0.88,0.72,0.89
FRS_setE_posA_088_posB_072_posC_089_record_113_frame_12.png,E,113,12,24,0.88,0.72,0.89
FRS_setE_posA_088_posB_072_posC_089_record_113_frame_13.png,E,113,13,26,0.88,0.72,0.89
FRS_setE_posA_088_posB_072_posC_089_record_113_frame_14.png,E,113,14,28,0.88,0.72,0.89
FRS_setE_posA_088_posB_072_posC_089_record_113_frame_15.png,E,113,15,30,0.88,0.72,0.89
FRS_setE_posA_088_posB_072_posC_089_record_113_frame_16.png,E,113,16,32,0.88,0.72,0.89
FRS_setE_posA_088_posB_072_posC_089_record_113_frame_17.png,E,113,17,34,0.88,0.72,0.89
FRS_setE_posA_088_posB_072_posC_089_record_113_frame_18.png,E,113,18,36,0.88,0.72,0.89
FRS_setE_posA_088_posB_072_posC_089_record_113_frame_19.png,E,113,19,38,0.88,0.72,0.89
FRS_setE_posA_089_posB_073_posC_089_record_114_frame_00.png,E,114,0,0,0.89,0.73,0.89
FRS_setE_posA_089_posB_073_posC_089_record_114_frame_01.png,E,114,1,2,0.89,0.73,0.89
FRS_setE_posA_089_posB_073_posC_089_record_114_frame_02.png,E,114,2,4,0.89,0.73,0.89
FRS_setE_posA_089_posB_073_posC_089_record_114_frame_03.png,E,114,3,6,0.89,0.73,0.89
FRS_setE_posA_089_posB_073_posC_089_record_114_frame_04.png,E,114,4,8,0.89,0.73,0.89
FRS_setE_posA_089_posB_073_posC_089_record_114_frame_05.png,E,114,5,10,0.89,0.73,0.89
FRS_setE_posA_089_posB_073_posC_089_record_114_frame_06.png,E,114,6,12,0.89,0.73,0.89
FRS_setE_posA_089_posB_073_posC_089_record_114_frame_07.png,E,114,7,14,0.89,0.73,0.89
FRS_setE_posA_089_posB_073_posC_089_record_114_frame_08.png,E,114,8,16,0.89,0.73,0.89
FRS_setE_posA_089_posB_073_posC_089_record_114_frame_09.png,E,114,9,18,0.89,0.73,0.89
FRS_setE_posA_089_posB_073_posC_089_record_114_frame_10.png,E,114,10,20,0.89,0.73,0.89
FRS_setE_posA_089_posB_073_posC_089_record_114_frame_11.png,E,114,11,22,0.89,0.73,0.89
FRS_setE_posA_089_posB_073_posC_089_record_114_frame_12.png,E,114,12,24,0.89,0.73,0.89
FRS_setE_posA_089_posB_073_posC_089_record_114_frame_13.png,E,114,13,26,0.89,0.73,0.89
FRS_setE_posA_089_posB_073_posC_089_record_114_frame_14.png,E,114,14,28,0.89,0.73,0.89
FRS_setE_posA_089_posB_073_posC_089_record_114_frame_15.png,E,114,15,30,0.89,0.73,0.89
FRS_setE_posA_089_posB_073_posC_089_record_114_frame_16.png,E,114,16,32,0.89,0.73,0.89
FRS_setE_posA_089_posB_073_posC_089_record_114_frame_17.png,E,114,17,34,0.89,0.73,0.89
FRS_setE_posA_089_posB_073_posC_089_record_114_frame_18.png,E,114,18,36,0.89,0.73,0.89
FRS_setE_posA_089_posB_073_posC_089_record_114_frame_19.png,E,114,19,38,0.89,0.73,0.89
FRS_setE_posA_090_posB_073_posC_089_record_115_frame_00.png,E,115,0,0,0.9,0.73,0.89
FRS_setE_posA_090_posB_073_posC_089_record_115_frame_01.png,E,115,1,2,0.9,0.73,0.89
FRS_setE_posA_090_posB_073_posC_089_record_115_frame_02.png,E,115,2,4,0.9,0.73,0.89
FRS_setE_posA_090_posB_073_posC_089_record_115_frame_03.png,E,115,3,6,0.9,0.73,0.89
FRS_setE_posA_090_posB_073_posC_089_record_115_frame_04.png,E,115,4,8,0.9,0.73,0.89
FRS_setE_posA_090_posB_073_posC_089_record_115_frame_05.png,E,115,5,10,0.9,0.73,0.89
FRS_setE_posA_090_posB_073_posC_089_record_115_frame_06.png,E,115,6,12,0.9,0.73,0.89
FRS_setE_posA_090_posB_073_posC_089_record_115_frame_07.png,E,115,7,14,0.9,0.73,0.89
FRS_setE_posA_090_posB_073_posC_089_record_115_frame_08.png,E,115,8,16,0.9,0.73,0.89
FRS_setE_posA_090_posB_073_posC_089_record_115_frame_09.png,E,115,9,18,0.9,0.73,0.89
FRS_setE_posA_090_posB_073_posC_089_record_115_frame_10.png,E,115,10,20,0.9,0.73,0.89
FRS_setE_posA_090_posB_073_posC_089_record_115_frame_11.png,E,115,11,22,0.9,0.73,0.89
FRS_setE_posA_090_posB_073_posC_089_record_115_frame_12.png,E,115,12,24,0.9,0.73,0.89
FRS_setE_posA_090_posB_073_posC_089_record_115_frame_13.png,E,115,13,26,0.9,0.73,0.89
FRS_setE_posA_090_posB_073_posC_089_record_115_frame_14.png,E,115,14,28,0.9,0.73,0.89
FRS_setE_posA_090_posB_073_posC_089_record_115_frame_15.png,E,115,15,30,0.9,0.73,0.89
FRS_setE_posA_090_posB_073_posC_089_record_115_frame_16.png,E,115,16,32,0.9,0.73,0.89
FRS_setE_posA_090_posB_073_posC_089_record_115_frame_17.png,E,115,17,34,0.9,0.73,0.89
FRS_setE_posA_090_posB_073_posC_089_record_115_frame_18.png,E,115,18,36,0.9,0.73,0.89
FRS_setE_posA_090_posB_073_posC_089_record_115_frame_19.png,E,115,19,38,0.9,0.73,0.89
FRS_setE_posA_090_posB_073_posC_090_record_116_frame_00.png,E,116,0,0,0.9,0.73,0.9
FRS_setE_posA_090_posB_073_posC_090_record_116_frame_01.png,E,116,1,2,0.9,0.73,0.9
FRS_setE_posA_090_posB_073_posC_090_record_116_frame_02.png,E,116,2,4,0.9,0.73,0.9
FRS_setE_posA_090_posB_073_posC_090_record_116_frame_03.png,E,116,3,6,0.9,0.73,0.9
FRS_setE_posA_090_posB_073_posC_090_record_116_frame_04.png,E,116,4,8,0.9,0.73,0.9
FRS_setE_posA_090_posB_073_posC_090_record_116_frame_05.png,E,116,5,10,0.9,0.73,0.9
FRS_setE_posA_090_posB_073_posC_090_record_116_frame_06.png,E,116,6,12,0.9,0.73,0.9
FRS_setE_posA_090_posB_073_posC_090_record_116_frame_07.png,E,116,7,14,0.9,0.73,0.9
FRS_setE_posA_090_posB_073_posC_090_record_116_frame_08.png,E,116,8,16,0.9,0.73,0.9
FRS_setE_posA_090_posB_073_posC_090_record_116_frame_09.png,E,116,9,18,0.9,0.73,0.9
FRS_setE_posA_090_posB_073_posC_090_record_116_frame_10.png,E,116,10,20,0.9,0.73,0.9
FRS_setE_posA_090_posB_073_posC_090_record_116_frame_11.png,E,116,11,22,0.9,0.73,0.9
FRS_setE_posA_090_posB_073_posC_090_record_116_frame_12.png,E,116,12,24,0.9,0.73,0.9
FRS_setE_posA_090_posB_073_posC_090_record_116_frame_13.png,E,116,13,26,0.9,0.73,0.9
FRS_setE_posA_090_posB_073_posC_090_record_116_frame_14.png,E,116,14,28,0.9,0.73,0.9
FRS_setE_posA_090_posB_073_posC_090_record_116_frame_15.png,E,116,15,30,0.9,0.73,0.9
FRS_setE_posA_090_posB_073_posC_090_record_116_frame_16.png,E,116,16,32,0.9,0.73,0.9
FRS_setE_posA_090_posB_073_posC_090_record_116_frame_17.png,E,116,17,34,0.9,0.73,0.9
FRS_setE_posA_090_posB_073_posC_090_record_116_frame_18.png,E,116,18,36,0.9,0.73,0.9
FRS_setE_posA_090_posB_073_posC_090_record_116_frame_19.png,E,116,19,38,0.9,0.73,0.9
FRS_setE_posA_091_posB_073_posC_091_record_117_frame_00.png,E,117,0,0,0.91,0.73,0.91
FRS_setE_posA_091_posB_073_posC_091_record_117_frame_01.png,E,117,1,2,0.91,0.73,0.91
FRS_setE_posA_091_posB_073_posC_091_record_117_frame_02.png,E,117,2,4,0.91,0.73,0.91
FRS_setE_posA_091_posB_073_posC_091_record_117_frame_03.png,E,117,3,6,0.91,0.73,0.91
FRS_setE_posA_091_posB_073_posC_091_record_117_frame_04.png,E,117,4,8,0.91,0.73,0.91
FRS_setE_posA_091_posB_073_posC_091_record_117_frame_05.png,E,117,5,10,0.91,0.73,0.91
FRS_setE_posA_091_posB_073_posC_091_record_117_frame_06.png,E,117,6,12,0.91,0.73,0.91
FRS_setE_posA_091_posB_073_posC_091_record_117_frame_07.png,E,117,7,14,0.91,0.73,0.91
FRS_setE_posA_091_posB_073_posC_091_record_117_frame_08.png,E,117,8,16,0.91,0.73,0.91
FRS_setE_posA_091_posB_073_posC_091_record_117_frame_09.png,E,117,9,18,0.91,0.73,0.91
FRS_setE_posA_091_posB_073_posC_091_record_117_frame_10.png,E,117,10,20,0.91,0.73,0.91
FRS_setE_posA_091_posB_073_posC_091_record_117_frame_11.png,E,117,11,22,0.91,0.73,0.91
FRS_setE_posA_091_posB_073_posC_091_record_117_frame_12.png,E,117,12,24,0.91,0.73,0.91
FRS_setE_posA_091_posB_073_posC_091_record_117_frame_13.png,E,117,13,26,0.91,0.73,0.91
FRS_setE_posA_091_posB_073_posC_091_record_117_frame_14.png,E,117,14,28,0.91,0.73,0.91
FRS_setE_posA_091_posB_073_posC_091_record_117_frame_15.png,E,117,15,30,0.91,0.73,0.91
FRS_setE_posA_091_posB_073_posC_091_record_117_frame_16.png,E,117,16,32,0.91,0.73,0.91
FRS_setE_posA_091_posB_073_posC_091_record_117_frame_17.png,E,117,17,34,0.91,0.73,0.91
FRS_setE_posA_091_posB_073_posC_091_record_117_frame_18.png,E,117,18,36,0.91,0.73,0.91
FRS_setE_posA_091_posB_073_posC_091_record_117_frame_19.png,E,117,19,38,0.91,0.73,0.91
FRS_setE_posA_091_posB_074_posC_091_record_118_frame_00.png,E,118,0,0,0.91,0.74,0.91
FRS_setE_posA_091_posB_074_posC_091_record_118_frame_01.png,E,118,1,2,0.91,0.74,0.91
FRS_setE_posA_091_posB_074_posC_091_record_118_frame_02.png,E,118,2,4,0.91,0.74,0.91
FRS_setE_posA_091_posB_074_posC_091_record_118_frame_03.png,E,118,3,6,0.91,0.74,0.91
FRS_setE_posA_091_posB_074_posC_091_record_118_frame_04.png,E,118,4,8,0.91,0.74,0.91
FRS_setE_posA_091_posB_074_posC_091_record_118_frame_05.png,E,118,5,10,0.91,0.74,0.91
FRS_setE_posA_091_posB_074_posC_091_record_118_frame_06.png,E,118,6,12,0.91,0.74,0.91
FRS_setE_posA_091_posB_074_posC_091_record_118_frame_07.png,E,118,7,14,0.91,0.74,0.91
FRS_setE_posA_091_posB_074_posC_091_record_118_frame_08.png,E,118,8,16,0.91,0.74,0.91
FRS_setE_posA_091_posB_074_posC_091_record_118_frame_09.png,E,118,9,18,0.91,0.74,0.91
FRS_setE_posA_091_posB_074_posC_091_record_118_frame_10.png,E,118,10,20,0.91,0.74,0.91
FRS_setE_posA_091_posB_074_posC_091_record_118_frame_11.png,E,118,11,22,0.91,0.74,0.91
FRS_setE_posA_091_posB_074_posC_091_record_118_frame_12.png,E,118,12,24,0.91,0.74,0.91
FRS_setE_posA_091_posB_074_posC_091_record_118_frame_13.png,E,118,13,26,0.91,0.74,0.91
FRS_setE_posA_091_posB_074_posC_091_record_118_frame_14.png,E,118,14,28,0.91,0.74,0.91
FRS_setE_posA_091_posB_074_posC_091_record_118_frame_15.png,E,118,15,30,0.91,0.74,0.91
FRS_setE_posA_091_posB_074_posC_091_record_118_frame_16.png,E,118,16,32,0.91,0.74,0.91
FRS_setE_posA_091_posB_074_posC_091_record_118_frame_17.png,E,118,17,34,0.91,0.74,0.91
FRS_setE_posA_091_posB_074_posC_091_record_118_frame_18.png,E,118,18,36,0.91,0.74,0.91
FRS_setE_posA_091_posB_074_posC_091_record_118_frame_19.png,E,118,19,38,0.91,0.74,0.91
FRS_setE_posA_091_posB_074_posC_092_record_119_frame_00.png,E,119,0,0,0.91,0.74,0.92
FRS_setE_posA_091_posB_074_posC_092_record_119_frame_01.png,E,119,1,2,0.91,0.74,0.92
FRS_setE_posA_091_posB_074_posC_092_record_119_frame_02.png,E,119,2,4,0.91,0.74,0.92
FRS_setE_posA_091_posB_074_posC_092_record_119_frame_03.png,E,119,3,6,0.91,0.74,0.92
FRS_setE_posA_091_posB_074_posC_092_record_119_frame_04.png,E,119,4,8,0.91,0.74,0.92
FRS_setE_posA_091_posB_074_posC_092_record_119_frame_05.png,E,119,5,10,0.91,0.74,0.92
FRS_setE_posA_091_posB_074_posC_092_record_119_frame_06.png,E,119,6,12,0.91,0.74,0.92
FRS_setE_posA_091_posB_074_posC_092_record_119_frame_07.png,E,119,7,14,0.91,0.74,0.92
FRS_setE_posA_091_posB_074_posC_092_record_119_frame_08.png,E,119,8,16,0.91,0.74,0.92
FRS_setE_posA_091_posB_074_posC_092_record_119_frame_09.png,E,119,9,18,0.91,0.74,0.92
FRS_setE_posA_091_posB_074_posC_092_record_119_frame_10.png,E,119,10,20,0.91,0.74,0.92
FRS_setE_posA_091_posB_074_posC_092_record_119_frame_11.png,E,119,11,22,0.91,0.74,0.92
FRS_setE_posA_091_posB_074_posC_092_record_119_frame_12.png,E,119,12,24,0.91,0.74,0.92
FRS_setE_posA_091_posB_074_posC_092_record_119_frame_13.png,E,119,13,26,0.91,0.74,0.92
FRS_setE_posA_091_posB_074_posC_092_record_119_frame_14.png,E,119,14,28,0.91,0.74,0.92
FRS_setE_posA_091_posB_074_posC_092_record_119_frame_15.png,E,119,15,30,0.91,0.74,0.92
FRS_setE_posA_091_posB_074_posC_092_record_119_frame_16.png,E,119,16,32,0.91,0.74,0.92
FRS_setE_posA_091_posB_074_posC_092_record_119_frame_17.png,E,119,17,34,0.91,0.74,0.92
FRS_setE_posA_091_posB_074_posC_092_record_119_frame_18.png,E,119,18,36,0.91,0.74,0.92
FRS_setE_posA_091_posB_074_posC_092_record_119_frame_19.png,E,119,19,38,0.91,0.74,0.92
FRS_setE_posA_092_posB_074_posC_093_record_120_frame_00.png,E,120,0,0,0.92,0.74,0.93
FRS_setE_posA_092_posB_074_posC_093_record_120_frame_01.png,E,120,1,2,0.92,0.74,0.93
FRS_setE_posA_092_posB_074_posC_093_record_120_frame_02.png,E,120,2,4,0.92,0.74,0.93
FRS_setE_posA_092_posB_074_posC_093_record_120_frame_03.png,E,120,3,6,0.92,0.74,0.93
FRS_setE_posA_092_posB_074_posC_093_record_120_frame_04.png,E,120,4,8,0.92,0.74,0.93
FRS_setE_posA_092_posB_074_posC_093_record_120_frame_05.png,E,120,5,10,0.92,0.74,0.93
FRS_setE_posA_092_posB_074_posC_093_record_120_frame_06.png,E,120,6,12,0.92,0.74,0.93
FRS_setE_posA_092_posB_074_posC_093_record_120_frame_07.png,E,120,7,14,0.92,0.74,0.93
FRS_setE_posA_092_posB_074_posC_093_record_120_frame_08.png,E,120,8,16,0.92,0.74,0.93
FRS_setE_posA_092_posB_074_posC_093_record_120_frame_09.png,E,120,9,18,0.92,0.74,0.93
FRS_setE_posA_092_posB_074_posC_093_record_120_frame_10.png,E,120,10,20,0.92,0.74,0.93
FRS_setE_posA_092_posB_074_posC_093_record_120_frame_11.png,E,120,11,22,0.92,0.74,0.93
FRS_setE_posA_092_posB_074_posC_093_record_120_frame_12.png,E,120,12,24,0.92,0.74,0.93
FRS_setE_posA_092_posB_074_posC_093_record_120_frame_13.png,E,120,13,26,0.92,0.74,0.93
FRS_setE_posA_092_posB_074_posC_093_record_120_frame_14.png,E,120,14,28,0.92,0.74,0.93
FRS_setE_posA_092_posB_074_posC_093_record_120_frame_15.png,E,120,15,30,0.92,0.74,0.93
FRS_setE_posA_092_posB_074_posC_093_record_120_frame_16.png,E,120,16,32,0.92,0.74,0.93
FRS_setE_posA_092_posB_074_posC_093_record_120_frame_17.png,E,120,17,34,0.92,0.74,0.93
FRS_setE_posA_092_posB_074_posC_093_record_120_frame_18.png,E,120,18,36,0.92,0.74,0.93
FRS_setE_posA_092_posB_074_posC_093_record_120_frame_19.png,E,120,19,38,0.92,0.74,0.93
FRS_setE_posA_093_posB_074_posC_093_record_121_frame_00.png,E,121,0,0,0.93,0.74,0.93
FRS_setE_posA_093_posB_074_posC_093_record_121_frame_01.png,E,121,1,2,0.93,0.74,0.93
FRS_setE_posA_093_posB_074_posC_093_record_121_frame_02.png,E,121,2,4,0.93,0.74,0.93
FRS_setE_posA_093_posB_074_posC_093_record_121_frame_03.png,E,121,3,6,0.93,0.74,0.93
FRS_setE_posA_093_posB_074_posC_093_record_121_frame_04.png,E,121,4,8,0.93,0.74,0.93
FRS_setE_posA_093_posB_074_posC_093_record_121_frame_05.png,E,121,5,10,0.93,0.74,0.93
FRS_setE_posA_093_posB_074_posC_093_record_121_frame_06.png,E,121,6,12,0.93,0.74,0.93
FRS_setE_posA_093_posB_074_posC_093_record_121_frame_07.png,E,121,7,14,0.93,0.74,0.93
FRS_setE_posA_093_posB_074_posC_093_record_121_frame_08.png,E,121,8,16,0.93,0.74,0.93
FRS_setE_posA_093_posB_074_posC_093_record_121_frame_09.png,E,121,9,18,0.93,0.74,0.93
FRS_setE_posA_093_posB_074_posC_093_record_121_frame_10.png,E,121,10,20,0.93,0.74,0.93
FRS_setE_posA_093_posB_074_posC_093_record_121_frame_11.png,E,121,11,22,0.93,0.74,0.93
FRS_setE_posA_093_posB_074_posC_093_record_121_frame_12.png,E,121,12,24,0.93,0.74,0.93
FRS_setE_posA_093_posB_074_posC_093_record_121_frame_13.png,E,121,13,26,0.93,0.74,0.93
FRS_setE_posA_093_posB_074_posC_093_record_121_frame_14.png,E,121,14,28,0.93,0.74,0.93
FRS_setE_posA_093_posB_074_posC_093_record_121_frame_15.png,E,121,15,30,0.93,0.74,0.93
FRS_setE_posA_093_posB_074_posC_093_record_121_frame_16.png,E,121,16,32,0.93,0.74,0.93
FRS_setE_posA_093_posB_074_posC_093_record_121_frame_17.png,E,121,17,34,0.93,0.74,0.93
FRS_setE_posA_093_posB_074_posC_093_record_121_frame_18.png,E,121,18,36,0.93,0.74,0.93
FRS_setE_posA_093_posB_074_posC_093_record_121_frame_19.png,E,121,19,38,0.93,0.74,0.93
FRS_setE_posA_094_posB_075_posC_094_record_122_frame_00.png,E,122,0,0,0.94,0.75,0.94
FRS_setE_posA_094_posB_075_posC_094_record_122_frame_01.png,E,122,1,2,0.94,0.75,0.94
FRS_setE_posA_094_posB_075_posC_094_record_122_frame_02.png,E,122,2,4,0.94,0.75,0.94
FRS_setE_posA_094_posB_075_posC_094_record_122_frame_03.png,E,122,3,6,0.94,0.75,0.94
FRS_setE_posA_094_posB_075_posC_094_record_122_frame_04.png,E,122,4,8,0.94,0.75,0.94
FRS_setE_posA_094_posB_075_posC_094_record_122_frame_05.png,E,122,5,10,0.94,0.75,0.94
FRS_setE_posA_094_posB_075_posC_094_record_122_frame_06.png,E,122,6,12,0.94,0.75,0.94
FRS_setE_posA_094_posB_075_posC_094_record_122_frame_07.png,E,122,7,14,0.94,0.75,0.94
FRS_setE_posA_094_posB_075_posC_094_record_122_frame_08.png,E,122,8,16,0.94,0.75,0.94
FRS_setE_posA_094_posB_075_posC_094_record_122_frame_09.png,E,122,9,18,0.94,0.75,0.94
FRS_setE_posA_094_posB_075_posC_094_record_122_frame_10.png,E,122,10,20,0.94,0.75,0.94
FRS_setE_posA_094_posB_075_posC_094_record_122_frame_11.png,E,122,11,22,0.94,0.75,0.94
FRS_setE_posA_094_posB_075_posC_094_record_122_frame_12.png,E,122,12,24,0.94,0.75,0.94
FRS_setE_posA_094_posB_075_posC_094_record_122_frame_13.png,E,122,13,26,0.94,0.75,0.94
FRS_setE_posA_094_posB_075_posC_094_record_122_frame_14.png,E,122,14,28,0.94,0.75,0.94
FRS_setE_posA_094_posB_075_posC_094_record_122_frame_15.png,E,122,15,30,0.94,0.75,0.94
FRS_setE_posA_094_posB_075_posC_094_record_122_frame_16.png,E,122,16,32,0.94,0.75,0.94
FRS_setE_posA_094_posB_075_posC_094_record_122_frame_17.png,E,122,17,34,0.94,0.75,0.94
FRS_setE_posA_094_posB_075_posC_094_record_122_frame_18.png,E,122,18,36,0.94,0.75,0.94
FRS_setE_posA_094_posB_075_posC_094_record_122_frame_19.png,E,122,19,38,0.94,0.75,0.94
FRS_setE_posA_095_posB_075_posC_094_record_123_frame_00.png,E,123,0,0,0.95,0.75,0.94
FRS_setE_posA_095_posB_075_posC_094_record_123_frame_01.png,E,123,1,2,0.95,0.75,0.94
FRS_setE_posA_095_posB_075_posC_094_record_123_frame_02.png,E,123,2,4,0.95,0.75,0.94
FRS_setE_posA_095_posB_075_posC_094_record_123_frame_03.png,E,123,3,6,0.95,0.75,0.94
FRS_setE_posA_095_posB_075_posC_094_record_123_frame_04.png,E,123,4,8,0.95,0.75,0.94
FRS_setE_posA_095_posB_075_posC_094_record_123_frame_05.png,E,123,5,10,0.95,0.75,0.94
FRS_setE_posA_095_posB_075_posC_094_record_123_frame_06.png,E,123,6,12,0.95,0.75,0.94
FRS_setE_posA_095_posB_075_posC_094_record_123_frame_07.png,E,123,7,14,0.95,0.75,0.94
FRS_setE_posA_095_posB_075_posC_094_record_123_frame_08.png,E,123,8,16,0.95,0.75,0.94
FRS_setE_posA_095_posB_075_posC_094_record_123_frame_09.png,E,123,9,18,0.95,0.75,0.94
FRS_setE_posA_095_posB_075_posC_094_record_123_frame_10.png,E,123,10,20,0.95,0.75,0.94
FRS_setE_posA_095_posB_075_posC_094_record_123_frame_11.png,E,123,11,22,0.95,0.75,0.94
FRS_setE_posA_095_posB_075_posC_094_record_123_frame_12.png,E,123,12,24,0.95,0.75,0.94
FRS_setE_posA_095_posB_075_posC_094_record_123_frame_13.png,E,123,13,26,0.95,0.75,0.94
FRS_setE_posA_095_posB_075_posC_094_record_123_frame_14.png,E,123,14,28,0.95,0.75,0.94
FRS_setE_posA_095_posB_075_posC_094_record_123_frame_15.png,E,123,15,30,0.95,0.75,0.94
FRS_setE_posA_095_posB_075_posC_094_record_123_frame_16.png,E,123,16,32,0.95,0.75,0.94
FRS_setE_posA_095_posB_075_posC_094_record_123_frame_17.png,E,123,17,34,0.95,0.75,0.94
FRS_setE_posA_095_posB_075_posC_094_record_123_frame_18.png,E,123,18,36,0.95,0.75,0.94
FRS_setE_posA_095_posB_075_posC_094_record_123_frame_19.png,E,123,19,38,0.95,0.75,0.94
FRS_setE_posA_096_posB_075_posC_094_record_124_frame_00.png,E,124,0,0,0.96,0.75,0.94
FRS_setE_posA_096_posB_075_posC_094_record_124_frame_01.png,E,124,1,2,0.96,0.75,0.94
FRS_setE_posA_096_posB_075_posC_094_record_124_frame_02.png,E,124,2,4,0.96,0.75,0.94
FRS_setE_posA_096_posB_075_posC_094_record_124_frame_03.png,E,124,3,6,0.96,0.75,0.94
FRS_setE_posA_096_posB_075_posC_094_record_124_frame_04.png,E,124,4,8,0.96,0.75,0.94
FRS_setE_posA_096_posB_075_posC_094_record_124_frame_05.png,E,124,5,10,0.96,0.75,0.94
FRS_setE_posA_096_posB_075_posC_094_record_124_frame_06.png,E,124,6,12,0.96,0.75,0.94
FRS_setE_posA_096_posB_075_posC_094_record_124_frame_07.png,E,124,7,14,0.96,0.75,0.94
FRS_setE_posA_096_posB_075_posC_094_record_124_frame_08.png,E,124,8,16,0.96,0.75,0.94
FRS_setE_posA_096_posB_075_posC_094_record_124_frame_09.png,E,124,9,18,0.96,0.75,0.94
FRS_setE_posA_096_posB_075_posC_094_record_124_frame_10.png,E,124,10,20,0.96,0.75,0.94
FRS_setE_posA_096_posB_075_posC_094_record_124_frame_11.png,E,124,11,22,0.96,0.75,0.94
FRS_setE_posA_096_posB_075_posC_094_record_124_frame_12.png,E,124,12,24,0.96,0.75,0.94
FRS_setE_posA_096_posB_075_posC_094_record_124_frame_13.png,E,124,13,26,0.96,0.75,0.94
FRS_setE_posA_096_posB_075_posC_094_record_124_frame_14.png,E,124,14,28,0.96,0.75,0.94
FRS_setE_posA_096_posB_075_posC_094_record_124_frame_15.png,E,124,15,30,0.96,0.75,0.94
FRS_setE_posA_096_posB_075_posC_094_record_124_frame_16.png,E,124,16,32,0.96,0.75,0.94
FRS_setE_posA_096_posB_075_posC_094_record_124_frame_17.png,E,124,17,34,0.96,0.75,0.94
FRS_setE_posA_096_posB_075_posC_094_record_124_frame_18.png,E,124,18,36,0.96,0.75,0.94
FRS_setE_posA_096_posB_075_posC_094_record_124_frame_19.png,E,124,19,38,0.96,0.75,0.94
FRS_setE_posA_096_posB_076_posC_095_record_125_frame_00.png,E,125,0,0,0.96,0.76,0.95
FRS_setE_posA_096_posB_076_posC_095_record_125_frame_01.png,E,125,1,2,0.96,0.76,0.95
FRS_setE_posA_096_posB_076_posC_095_record_125_frame_02.png,E,125,2,4,0.96,0.76,0.95
FRS_setE_posA_096_posB_076_posC_095_record_125_frame_03.png,E,125,3,6,0.96,0.76,0.95
FRS_setE_posA_096_posB_076_posC_095_record_125_frame_04.png,E,125,4,8,0.96,0.76,0.95
FRS_setE_posA_096_posB_076_posC_095_record_125_frame_05.png,E,125,5,10,0.96,0.76,0.95
FRS_setE_posA_096_posB_076_posC_095_record_125_frame_06.png,E,125,6,12,0.96,0.76,0.95
FRS_setE_posA_096_posB_076_posC_095_record_125_frame_07.png,E,125,7,14,0.96,0.76,0.95
FRS_setE_posA_096_posB_076_posC_095_record_125_frame_08.png,E,125,8,16,0.96,0.76,0.95
FRS_setE_posA_096_posB_076_posC_095_record_125_frame_09.png,E,125,9,18,0.96,0.76,0.95
FRS_setE_posA_096_posB_076_posC_095_record_125_frame_10.png,E,125,10,20,0.96,0.76,0.95
FRS_setE_posA_096_posB_076_posC_095_record_125_frame_11.png,E,125,11,22,0.96,0.76,0.95
FRS_setE_posA_096_posB_076_posC_095_record_125_frame_12.png,E,125,12,24,0.96,0.76,0.95
FRS_setE_posA_096_posB_076_posC_095_record_125_frame_13.png,E,125,13,26,0.96,0.76,0.95
FRS_setE_posA_096_posB_076_posC_095_record_125_frame_14.png,E,125,14,28,0.96,0.76,0.95
FRS_setE_posA_096_posB_076_posC_095_record_125_frame_15.png,E,125,15,30,0.96,0.76,0.95
FRS_setE_posA_096_posB_076_posC_095_record_125_frame_16.png,E,125,16,32,0.96,0.76,0.95
FRS_setE_posA_096_posB_076_posC_095_record_125_frame_17.png,E,125,17,34,0.96,0.76,0.95
FRS_setE_posA_096_posB_076_posC_095_record_125_frame_18.png,E,125,18,36,0.96,0.76,0.95
FRS_setE_posA_096_posB_076_posC_095_record_125_frame_19.png,E,125,19,38,0.96,0.76,0.95
FRS_setE_posA_096_posB_076_posC_096_record_126_frame_00.png,E,126,0,0,0.96,0.76,0.96
FRS_setE_posA_096_posB_076_posC_096_record_126_frame_01.png,E,126,1,2,0.96,0.76,0.96
FRS_setE_posA_096_posB_076_posC_096_record_126_frame_02.png,E,126,2,4,0.96,0.76,0.96
FRS_setE_posA_096_posB_076_posC_096_record_126_frame_03.png,E,126,3,6,0.96,0.76,0.96
FRS_setE_posA_096_posB_076_posC_096_record_126_frame_04.png,E,126,4,8,0.96,0.76,0.96
FRS_setE_posA_096_posB_076_posC_096_record_126_frame_05.png,E,126,5,10,0.96,0.76,0.96
FRS_setE_posA_096_posB_076_posC_096_record_126_frame_06.png,E,126,6,12,0.96,0.76,0.96
FRS_setE_posA_096_posB_076_posC_096_record_126_frame_07.png,E,126,7,14,0.96,0.76,0.96
FRS_setE_posA_096_posB_076_posC_096_record_126_frame_08.png,E,126,8,16,0.96,0.76,0.96
FRS_setE_posA_096_posB_076_posC_096_record_126_frame_09.png,E,126,9,18,0.96,0.76,0.96
FRS_setE_posA_096_posB_076_posC_096_record_126_frame_10.png,E,126,10,20,0.96,0.76,0.96
FRS_setE_posA_096_posB_076_posC_096_record_126_frame_11.png,E,126,11,22,0.96,0.76,0.96
FRS_setE_posA_096_posB_076_posC_096_record_126_frame_12.png,E,126,12,24,0.96,0.76,0.96
FRS_setE_posA_096_posB_076_posC_096_record_126_frame_13.png,E,126,13,26,0.96,0.76,0.96
FRS_setE_posA_096_posB_076_posC_096_record_126_frame_14.png,E,126,14,28,0.96,0.76,0.96
FRS_setE_posA_096_posB_076_posC_096_record_126_frame_15.png,E,126,15,30,0.96,0.76,0.96
FRS_setE_posA_096_posB_076_posC_096_record_126_frame_16.png,E,126,16,32,0.96,0.76,0.96
FRS_setE_posA_096_posB_076_posC_096_record_126_frame_17.png,E,126,17,34,0.96,0.76,0.96
FRS_setE_posA_096_posB_076_posC_096_record_126_frame_18.png,E,126,18,36,0.96,0.76,0.96
FRS_setE_posA_096_posB_076_posC_096_record_126_frame_19.png,E,126,19,38,0.96,0.76,0.96
FRS_setE_posA_097_posB_076_posC_096_record_127_frame_00.png,E,127,0,0,0.97,0.76,0.96
FRS_setE_posA_097_posB_076_posC_096_record_127_frame_01.png,E,127,1,2,0.97,0.76,0.96
FRS_setE_posA_097_posB_076_posC_096_record_127_frame_02.png,E,127,2,4,0.97,0.76,0.96
FRS_setE_posA_097_posB_076_posC_096_record_127_frame_03.png,E,127,3,6,0.97,0.76,0.96
FRS_setE_posA_097_posB_076_posC_096_record_127_frame_04.png,E,127,4,8,0.97,0.76,0.96
FRS_setE_posA_097_posB_076_posC_096_record_127_frame_05.png,E,127,5,10,0.97,0.76,0.96
FRS_setE_posA_097_posB_076_posC_096_record_127_frame_06.png,E,127,6,12,0.97,0.76,0.96
FRS_setE_posA_097_posB_076_posC_096_record_127_frame_07.png,E,127,7,14,0.97,0.76,0.96
FRS_setE_posA_097_posB_076_posC_096_record_127_frame_08.png,E,127,8,16,0.97,0.76,0.96
FRS_setE_posA_097_posB_076_posC_096_record_127_frame_09.png,E,127,9,18,0.97,0.76,0.96
FRS_setE_posA_097_posB_076_posC_096_record_127_frame_10.png,E,127,10,20,0.97,0.76,0.96
FRS_setE_posA_097_posB_076_posC_096_record_127_frame_11.png,E,127,11,22,0.97,0.76,0.96
FRS_setE_posA_097_posB_076_posC_096_record_127_frame_12.png,E,127,12,24,0.97,0.76,0.96
FRS_setE_posA_097_posB_076_posC_096_record_127_frame_13.png,E,127,13,26,0.97,0.76,0.96
FRS_setE_posA_097_posB_076_posC_096_record_127_frame_14.png,E,127,14,28,0.97,0.76,0.96
FRS_setE_posA_097_posB_076_posC_096_record_127_frame_15.png,E,127,15,30,0.97,0.76,0.96
FRS_setE_posA_097_posB_076_posC_096_record_127_frame_16.png,E,127,16,32,0.97,0.76,0.96
FRS_setE_posA_097_posB_076_posC_096_record_127_frame_17.png,E,127,17,34,0.97,0.76,0.96
FRS_setE_posA_097_posB_076_posC_096_record_127_frame_18.png,E,127,18,36,0.97,0.76,0.96
FRS_setE_posA_097_posB_076_posC_096_record_127_frame_19.png,E,127,19,38,0.97,0.76,0.96
FRS_setE_posA_098_posB_077_posC_096_record_128_frame_00.png,E,128,0,0,0.98,0.77,0.96
FRS_setE_posA_098_posB_077_posC_096_record_128_frame_01.png,E,128,1,2,0.98,0.77,0.96
FRS_setE_posA_098_posB_077_posC_096_record_128_frame_02.png,E,128,2,4,0.98,0.77,0.96
FRS_setE_posA_098_posB_077_posC_096_record_128_frame_03.png,E,128,3,6,0.98,0.77,0.96
FRS_setE_posA_098_posB_077_posC_096_record_128_frame_04.png,E,128,4,8,0.98,0.77,0.96
FRS_setE_posA_098_posB_077_posC_096_record_128_frame_05.png,E,128,5,10,0.98,0.77,0.96
FRS_setE_posA_098_posB_077_posC_096_record_128_frame_06.png,E,128,6,12,0.98,0.77,0.96
FRS_setE_posA_098_posB_077_posC_096_record_128_frame_07.png,E,128,7,14,0.98,0.77,0.96
FRS_setE_posA_098_posB_077_posC_096_record_128_frame_08.png,E,128,8,16,0.98,0.77,0.96
FRS_setE_posA_098_posB_077_posC_096_record_128_frame_09.png,E,128,9,18,0.98,0.77,0.96
FRS_setE_posA_098_posB_077_posC_096_record_128_frame_10.png,E,128,10,20,0.98,0.77,0.96
FRS_setE_posA_098_posB_077_posC_096_record_128_frame_11.png,E,128,11,22,0.98,0.77,0.96
FRS_setE_posA_098_posB_077_posC_096_record_128_frame_12.png,E,128,12,24,0.98,0.77,0.96
FRS_setE_posA_098_posB_077_posC_096_record_128_frame_13.png,E,128,13,26,0.98,0.77,0.96
FRS_setE_posA_098_posB_077_posC_096_record_128_frame_14.png,E,128,14,28,0.98,0.77,0.96
FRS_setE_posA_098_posB_077_posC_096_record_128_frame_15.png,E,128,15,30,0.98,0.77,0.96
FRS_setE_posA_098_posB_077_posC_096_record_128_frame_16.png,E,128,16,32,0.98,0.77,0.96
FRS_setE_posA_098_posB_077_posC_096_record_128_frame_17.png,E,128,17,34,0.98,0.77,0.96
FRS_setE_posA_098_posB_077_posC_096_record_128_frame_18.png,E,128,18,36,0.98,0.77,0.96
FRS_setE_posA_098_posB_077_posC_096_record_128_frame_19.png,E,128,19,38,0.98,0.77,0.96
FRS_setE_posA_098_posB_077_posC_097_record_129_frame_00.png,E,129,0,0,0.98,0.77,0.97
FRS_setE_posA_098_posB_077_posC_097_record_129_frame_01.png,E,129,1,2,0.98,0.77,0.97
FRS_setE_posA_098_posB_077_posC_097_record_129_frame_02.png,E,129,2,4,0.98,0.77,0.97
FRS_setE_posA_098_posB_077_posC_097_record_129_frame_03.png,E,129,3,6,0.98,0.77,0.97
FRS_setE_posA_098_posB_077_posC_097_record_129_frame_04.png,E,129,4,8,0.98,0.77,0.97
FRS_setE_posA_098_posB_077_posC_097_record_129_frame_05.png,E,129,5,10,0.98,0.77,0.97
FRS_setE_posA_098_posB_077_posC_097_record_129_frame_06.png,E,129,6,12,0.98,0.77,0.97
FRS_setE_posA_098_posB_077_posC_097_record_129_frame_07.png,E,129,7,14,0.98,0.77,0.97
FRS_setE_posA_098_posB_077_posC_097_record_129_frame_08.png,E,129,8,16,0.98,0.77,0.97
FRS_setE_posA_098_posB_077_posC_097_record_129_frame_09.png,E,129,9,18,0.98,0.77,0.97
FRS_setE_posA_098_posB_077_posC_097_record_129_frame_10.png,E,129,10,20,0.98,0.77,0.97
FRS_setE_posA_098_posB_077_posC_097_record_129_frame_11.png,E,129,11,22,0.98,0.77,0.97
FRS_setE_posA_098_posB_077_posC_097_record_129_frame_12.png,E,129,12,24,0.98,0.77,0.97
FRS_setE_posA_098_posB_077_posC_097_record_129_frame_13.png,E,129,13,26,0.98,0.77,0.97
FRS_setE_posA_098_posB_077_posC_097_record_129_frame_14.png,E,129,14,28,0.98,0.77,0.97
FRS_setE_posA_098_posB_077_posC_097_record_129_frame_15.png,E,129,15,30,0.98,0.77,0.97
FRS_setE_posA_098_posB_077_posC_097_record_129_frame_16.png,E,129,16,32,0.98,0.77,0.97
FRS_setE_posA_098_posB_077_posC_097_record_129_frame_17.png,E,129,17,34,0.98,0.77,0.97
FRS_setE_posA_098_posB_077_posC_097_record_129_frame_18.png,E,129,18,36,0.98,0.77,0.97
FRS_setE_posA_098_posB_077_posC_097_record_129_frame_19.png,E,129,19,38,0.98,0.77,0.97
FRS_setE_posA_098_posB_077_posC_098_record_130_frame_00.png,E,130,0,0,0.98,0.77,0.98
FRS_setE_posA_098_posB_077_posC_098_record_130_frame_01.png,E,130,1,2,0.98,0.77,0.98
FRS_setE_posA_098_posB_077_posC_098_record_130_frame_02.png,E,130,2,4,0.98,0.77,0.98
FRS_setE_posA_098_posB_077_posC_098_record_130_frame_03.png,E,130,3,6,0.98,0.77,0.98
FRS_setE_posA_098_posB_077_posC_098_record_130_frame_04.png,E,130,4,8,0.98,0.77,0.98
FRS_setE_posA_098_posB_077_posC_098_record_130_frame_05.png,E,130,5,10,0.98,0.77,0.98
FRS_setE_posA_098_posB_077_posC_098_record_130_frame_06.png,E,130,6,12,0.98,0.77,0.98
FRS_setE_posA_098_posB_077_posC_098_record_130_frame_07.png,E,130,7,14,0.98,0.77,0.98
FRS_setE_posA_098_posB_077_posC_098_record_130_frame_08.png,E,130,8,16,0.98,0.77,0.98
FRS_setE_posA_098_posB_077_posC_098_record_130_frame_09.png,E,130,9,18,0.98,0.77,0.98
FRS_setE_posA_098_posB_077_posC_098_record_130_frame_10.png,E,130,10,20,0.98,0.77,0.98
FRS_setE_posA_098_posB_077_posC_098_record_130_frame_11.png,E,130,11,22,0.98,0.77,0.98
FRS_setE_posA_098_posB_077_posC_098_record_130_frame_12.png,E,130,12,24,0.98,0.77,0.98
FRS_setE_posA_098_posB_077_posC_098_record_130_frame_13.png,E,130,13,26,0.98,0.77,0.98
FRS_setE_posA_098_posB_077_posC_098_record_130_frame_14.png,E,130,14,28,0.98,0.77,0.98
FRS_setE_posA_098_posB_077_posC_098_record_130_frame_15.png,E,130,15,30,0.98,0.77,0.98
FRS_setE_posA_098_posB_077_posC_098_record_130_frame_16.png,E,130,16,32,0.98,0.77,0.98
FRS_setE_posA_098_posB_077_posC_098_record_130_frame_17.png,E,130,17,34,0.98,0.77,0.98
FRS_setE_posA_098_posB_077_posC_098_record_130_frame_18.png,E,130,18,36,0.98,0.77,0.98
FRS_setE_posA_098_posB_077_posC_098_record_130_frame_19.png,E,130,19,38,0.98,0.77,0.98
FRS_setE_posA_098_posB_077_posC_099_record_131_frame_00.png,E,131,0,0,0.98,0.77,0.99
FRS_setE_posA_098_posB_077_posC_099_record_131_frame_01.png,E,131,1,2,0.98,0.77,0.99
FRS_setE_posA_098_posB_077_posC_099_record_131_frame_02.png,E,131,2,4,0.98,0.77,0.99
FRS_setE_posA_098_posB_077_posC_099_record_131_frame_03.png,E,131,3,6,0.98,0.77,0.99
FRS_setE_posA_098_posB_077_posC_099_record_131_frame_04.png,E,131,4,8,0.98,0.77,0.99
FRS_setE_posA_098_posB_077_posC_099_record_131_frame_05.png,E,131,5,10,0.98,0.77,0.99
FRS_setE_posA_098_posB_077_posC_099_record_131_frame_06.png,E,131,6,12,0.98,0.77,0.99
FRS_setE_posA_098_posB_077_posC_099_record_131_frame_07.png,E,131,7,14,0.98,0.77,0.99
FRS_setE_posA_098_posB_077_posC_099_record_131_frame_08.png,E,131,8,16,0.98,0.77,0.99
FRS_setE_posA_098_posB_077_posC_099_record_131_frame_09.png,E,131,9,18,0.98,0.77,0.99
FRS_setE_posA_098_posB_077_posC_099_record_131_frame_10.png,E,131,10,20,0.98,0.77,0.99
FRS_setE_posA_098_posB_077_posC_099_record_131_frame_11.png,E,131,11,22,0.98,0.77,0.99
FRS_setE_posA_098_posB_077_posC_099_record_131_frame_12.png,E,131,12,24,0.98,0.77,0.99
FRS_setE_posA_098_posB_077_posC_099_record_131_frame_13.png,E,131,13,26,0.98,0.77,0.99
FRS_setE_posA_098_posB_077_posC_099_record_131_frame_14.png,E,131,14,28,0.98,0.77,0.99
FRS_setE_posA_098_posB_077_posC_099_record_131_frame_15.png,E,131,15,30,0.98,0.77,0.99
FRS_setE_posA_098_posB_077_posC_099_record_131_frame_16.png,E,131,16,32,0.98,0.77,0.99
FRS_setE_posA_098_posB_077_posC_099_record_131_frame_17.png,E,131,17,34,0.98,0.77,0.99
FRS_setE_posA_098_posB_077_posC_099_record_131_frame_18.png,E,131,18,36,0.98,0.77,0.99
FRS_setE_posA_098_posB_077_posC_099_record_131_frame_19.png,E,131,19,38,0.98,0.77,0.99
FRS_setE_posA_099_posB_077_posC_100_record_132_frame_00.png,E,132,0,0,0.99,0.77,1
FRS_setE_posA_099_posB_077_posC_100_record_132_frame_01.png,E,132,1,2,0.99,0.77,1
FRS_setE_posA_099_posB_077_posC_100_record_132_frame_02.png,E,132,2,4,0.99,0.77,1
FRS_setE_posA_099_posB_077_posC_100_record_132_frame_03.png,E,132,3,6,0.99,0.77,1
FRS_setE_posA_099_posB_077_posC_100_record_132_frame_04.png,E,132,4,8,0.99,0.77,1
FRS_setE_posA_099_posB_077_posC_100_record_132_frame_05.png,E,132,5,10,0.99,0.77,1
FRS_setE_posA_099_posB_077_posC_100_record_132_frame_06.png,E,132,6,12,0.99,0.77,1
FRS_setE_posA_099_posB_077_posC_100_record_132_frame_07.png,E,132,7,14,0.99,0.77,1
FRS_setE_posA_099_posB_077_posC_100_record_132_frame_08.png,E,132,8,16,0.99,0.77,1
FRS_setE_posA_099_posB_077_posC_100_record_132_frame_09.png,E,132,9,18,0.99,0.77,1
FRS_setE_posA_099_posB_077_posC_100_record_132_frame_10.png,E,132,10,20,0.99,0.77,1
FRS_setE_posA_099_posB_077_posC_100_record_132_frame_11.png,E,132,11,22,0.99,0.77,1
FRS_setE_posA_099_posB_077_posC_100_record_132_frame_12.png,E,132,12,24,0.99,0.77,1
FRS_setE_posA_099_posB_077_posC_100_record_132_frame_13.png,E,132,13,26,0.99,0.77,1
FRS_setE_posA_099_posB_077_posC_100_record_132_frame_14.png,E,132,14,28,0.99,0.77,1
FRS_setE_posA_099_posB_077_posC_100_record_132_frame_15.png,E,132,15,30,0.99,0.77,1
FRS_setE_posA_099_posB_077_posC_100_record_132_frame_16.png,E,132,16,32,0.99,0.77,1
FRS_setE_posA_099_posB_077_posC_100_record_132_frame_17.png,E,132,17,34,0.99,0.77,1
FRS_setE_posA_099_posB_077_posC_100_record_132_frame_18.png,E,132,18,36,0.99,0.77,1
FRS_setE_posA_099_posB_077_posC_100_record_132_frame_19.png,E,132,19,38,0.99,0.77,1
FRS_setE_posA_100_posB_077_posC_100_record_133_frame_00.png,E,133,0,0,1,0.77,1
FRS_setE_posA_100_posB_077_posC_100_record_133_frame_01.png,E,133,1,2,1,0.77,1
FRS_setE_posA_100_posB_077_posC_100_record_133_frame_02.png,E,133,2,4,1,0.77,1
FRS_setE_posA_100_posB_077_posC_100_record_133_frame_03.png,E,133,3,6,1,0.77,1
FRS_setE_posA_100_posB_077_posC_100_record_133_frame_04.png,E,133,4,8,1,0.77,1
FRS_setE_posA_100_posB_077_posC_100_record_133_frame_05.png,E,133,5,10,1,0.77,1
FRS_setE_posA_100_posB_077_posC_100_record_133_frame_06.png,E,133,6,12,1,0.77,1
FRS_setE_posA_100_posB_077_posC_100_record_133_frame_07.png,E,133,7,14,1,0.77,1
FRS_setE_posA_100_posB_077_posC_100_record_133_frame_08.png,E,133,8,16,1,0.77,1
FRS_setE_posA_100_posB_077_posC_100_record_133_frame_09.png,E,133,9,18,1,0.77,1
FRS_setE_posA_100_posB_077_posC_100_record_133_frame_10.png,E,133,10,20,1,0.77,1
FRS_setE_posA_100_posB_077_posC_100_record_133_frame_11.png,E,133,11,22,1,0.77,1
FRS_setE_posA_100_posB_077_posC_100_record_133_frame_12.png,E,133,12,24,1,0.77,1
FRS_setE_posA_100_posB_077_posC_100_record_133_frame_13.png,E,133,13,26,1,0.77,1
FRS_setE_posA_100_posB_077_posC_100_record_133_frame_14.png,E,133,14,28,1,0.77,1
FRS_setE_posA_100_posB_077_posC_100_record_133_frame_15.png,E,133,15,30,1,0.77,1
FRS_setE_posA_100_posB_077_posC_100_record_133_frame_16.png,E,133,16,32,1,0.77,1
FRS_setE_posA_100_posB_077_posC_100_record_133_frame_17.png,E,133,17,34,1,0.77,1
FRS_setE_posA_100_posB_077_posC_100_record_133_frame_18.png,E,133,18,36,1,0.77,1
FRS_setE_posA_100_posB_077_posC_100_record_133_frame_19.png,E,133,19,38,1,0.77,1
FRS_setE_posA_101_posB_078_posC_100_record_134_frame_00.png,E,134,0,0,1.01,0.78,1
FRS_setE_posA_101_posB_078_posC_100_record_134_frame_01.png,E,134,1,2,1.01,0.78,1
FRS_setE_posA_101_posB_078_posC_100_record_134_frame_02.png,E,134,2,4,1.01,0.78,1
FRS_setE_posA_101_posB_078_posC_100_record_134_frame_03.png,E,134,3,6,1.01,0.78,1
FRS_setE_posA_101_posB_078_posC_100_record_134_frame_04.png,E,134,4,8,1.01,0.78,1
FRS_setE_posA_101_posB_078_posC_100_record_134_frame_05.png,E,134,5,10,1.01,0.78,1
FRS_setE_posA_101_posB_078_posC_100_record_134_frame_06.png,E,134,6,12,1.01,0.78,1
FRS_setE_posA_101_posB_078_posC_100_record_134_frame_07.png,E,134,7,14,1.01,0.78,1
FRS_setE_posA_101_posB_078_posC_100_record_134_frame_08.png,E,134,8,16,1.01,0.78,1
FRS_setE_posA_101_posB_078_posC_100_record_134_frame_09.png,E,134,9,18,1.01,0.78,1
FRS_setE_posA_101_posB_078_posC_100_record_134_frame_10.png,E,134,10,20,1.01,0.78,1
FRS_setE_posA_101_posB_078_posC_100_record_134_frame_11.png,E,134,11,22,1.01,0.78,1
FRS_setE_posA_101_posB_078_posC_100_record_134_frame_12.png,E,134,12,24,1.01,0.78,1
FRS_setE_posA_101_posB_078_posC_100_record_134_frame_13.png,E,134,13,26,1.01,0.78,1
FRS_setE_posA_101_posB_078_posC_100_record_134_frame_14.png,E,134,14,28,1.01,0.78,1
FRS_setE_posA_101_posB_078_posC_100_record_134_frame_15.png,E,134,15,30,1.01,0.78,1
FRS_setE_posA_101_posB_078_posC_100_record_134_frame_16.png,E,134,16,32,1.01,0.78,1
FRS_setE_posA_101_posB_078_posC_100_record_134_frame_17.png,E,134,17,34,1.01,0.78,1
FRS_setE_posA_101_posB_078_posC_100_record_134_frame_18.png,E,134,18,36,1.01,0.78,1
FRS_setE_posA_101_posB_078_posC_100_record_134_frame_19.png,E,134,19,38,1.01,0.78,1
FRS_setE_posA_103_posB_078_posC_100_record_135_frame_00.png,E,135,0,0,1.03,0.78,1
FRS_setE_posA_103_posB_078_posC_100_record_135_frame_01.png,E,135,1,2,1.03,0.78,1
FRS_setE_posA_103_posB_078_posC_100_record_135_frame_02.png,E,135,2,4,1.03,0.78,1
FRS_setE_posA_103_posB_078_posC_100_record_135_frame_03.png,E,135,3,6,1.03,0.78,1
FRS_setE_posA_103_posB_078_posC_100_record_135_frame_04.png,E,135,4,8,1.03,0.78,1
FRS_setE_posA_103_posB_078_posC_100_record_135_frame_05.png,E,135,5,10,1.03,0.78,1
FRS_setE_posA_103_posB_078_posC_100_record_135_frame_06.png,E,135,6,12,1.03,0.78,1
FRS_setE_posA_103_posB_078_posC_100_record_135_frame_07.png,E,135,7,14,1.03,0.78,1
FRS_setE_posA_103_posB_078_posC_100_record_135_frame_08.png,E,135,8,16,1.03,0.78,1
FRS_setE_posA_103_posB_078_posC_100_record_135_frame_09.png,E,135,9,18,1.03,0.78,1
FRS_setE_posA_103_posB_078_posC_100_record_135_frame_10.png,E,135,10,20,1.03,0.78,1
FRS_setE_posA_103_posB_078_posC_100_record_135_frame_11.png,E,135,11,22,1.03,0.78,1
FRS_setE_posA_103_posB_078_posC_100_record_135_frame_12.png,E,135,12,24,1.03,0.78,1
FRS_setE_posA_103_posB_078_posC_100_record_135_frame_13.png,E,135,13,26,1.03,0.78,1
FRS_setE_posA_103_posB_078_posC_100_record_135_frame_14.png,E,135,14,28,1.03,0.78,1
FRS_setE_posA_103_posB_078_posC_100_record_135_frame_15.png,E,135,15,30,1.03,0.78,1
FRS_setE_posA_103_posB_078_posC_100_record_135_frame_16.png,E,135,16,32,1.03,0.78,1
FRS_setE_posA_103_posB_078_posC_100_record_135_frame_17.png,E,135,17,34,1.03,0.78,1
FRS_setE_posA_103_posB_078_posC_100_record_135_frame_18.png,E,135,18,36,1.03,0.78,1
FRS_setE_posA_103_posB_078_posC_100_record_135_frame_19.png,E,135,19,38,1.03,0.78,1
FRS_setE_posA_104_posB_078_posC_100_record_136_frame_00.png,E,136,0,0,1.04,0.78,1
FRS_setE_posA_104_posB_078_posC_100_record_136_frame_01.png,E,136,1,2,1.04,0.78,1
FRS_setE_posA_104_posB_078_posC_100_record_136_frame_02.png,E,136,2,4,1.04,0.78,1
FRS_setE_posA_104_posB_078_posC_100_record_136_frame_03.png,E,136,3,6,1.04,0.78,1
FRS_setE_posA_104_posB_078_posC_100_record_136_frame_04.png,E,136,4,8,1.04,0.78,1
FRS_setE_posA_104_posB_078_posC_100_record_136_frame_05.png,E,136,5,10,1.04,0.78,1
FRS_setE_posA_104_posB_078_posC_100_record_136_frame_06.png,E,136,6,12,1.04,0.78,1
FRS_setE_posA_104_posB_078_posC_100_record_136_frame_07.png,E,136,7,14,1.04,0.78,1
FRS_setE_posA_104_posB_078_posC_100_record_136_frame_08.png,E,136,8,16,1.04,0.78,1
FRS_setE_posA_104_posB_078_posC_100_record_136_frame_09.png,E,136,9,18,1.04,0.78,1
FRS_setE_posA_104_posB_078_posC_100_record_136_frame_10.png,E,136,10,20,1.04,0.78,1
FRS_setE_posA_104_posB_078_posC_100_record_136_frame_11.png,E,136,11,22,1.04,0.78,1
FRS_setE_posA_104_posB_078_posC_100_record_136_frame_12.png,E,136,12,24,1.04,0.78,1
FRS_setE_posA_104_posB_078_posC_100_record_136_frame_13.png,E,136,13,26,1.04,0.78,1
FRS_setE_posA_104_posB_078_posC_100_record_136_frame_14.png,E,136,14,28,1.04,0.78,1
FRS_setE_posA_104_posB_078_posC_100_record_136_frame_15.png,E,136,15,30,1.04,0.78,1
FRS_setE_posA_104_posB_078_posC_100_record_136_frame_16.png,E,136,16,32,1.04,0.78,1
FRS_setE_posA_104_posB_078_posC_100_record_136_frame_17.png,E,136,17,34,1.04,0.78,1
FRS_setE_posA_104_posB_078_posC_100_record_136_frame_18.png,E,136,18,36,1.04,0.78,1
FRS_setE_posA_104_posB_078_posC_100_record_136_frame_19.png,E,136,19,38,1.04,0.78,1
FRS_setE_posA_105_posB_080_posC_101_record_137_frame_00.png,E,137,0,0,1.05,0.8,1.01
FRS_setE_posA_105_posB_080_posC_101_record_137_frame_01.png,E,137,1,2,1.05,0.8,1.01
FRS_setE_posA_105_posB_080_posC_101_record_137_frame_02.png,E,137,2,4,1.05,0.8,1.01
FRS_setE_posA_105_posB_080_posC_101_record_137_frame_03.png,E,137,3,6,1.05,0.8,1.01
FRS_setE_posA_105_posB_080_posC_101_record_137_frame_04.png,E,137,4,8,1.05,0.8,1.01
FRS_setE_posA_105_posB_080_posC_101_record_137_frame_05.png,E,137,5,10,1.05,0.8,1.01
FRS_setE_posA_105_posB_080_posC_101_record_137_frame_06.png,E,137,6,12,1.05,0.8,1.01
FRS_setE_posA_105_posB_080_posC_101_record_137_frame_07.png,E,137,7,14,1.05,0.8,1.01
FRS_setE_posA_105_posB_080_posC_101_record_137_frame_08.png,E,137,8,16,1.05,0.8,1.01
FRS_setE_posA_105_posB_080_posC_101_record_137_frame_09.png,E,137,9,18,1.05,0.8,1.01
FRS_setE_posA_105_posB_080_posC_101_record_137_frame_10.png,E,137,10,20,1.05,0.8,1.01
FRS_setE_posA_105_posB_080_posC_101_record_137_frame_11.png,E,137,11,22,1.05,0.8,1.01
FRS_setE_posA_105_posB_080_posC_101_record_137_frame_12.png,E,137,12,24,1.05,0.8,1.01
FRS_setE_posA_105_posB_080_posC_101_record_137_frame_13.png,E,137,13,26,1.05,0.8,1.01
FRS_setE_posA_105_posB_080_posC_101_record_137_frame_14.png,E,137,14,28,1.05,0.8,1.01
FRS_setE_posA_105_posB_080_posC_101_record_137_frame_15.png,E,137,15,30,1.05,0.8,1.01
FRS_setE_posA_105_posB_080_posC_101_record_137_frame_16.png,E,137,16,32,1.05,0.8,1.01
FRS_setE_posA_105_posB_080_posC_101_record_137_frame_17.png,E,137,17,34,1.05,0.8,1.01
FRS_setE_posA_105_posB_080_posC_101_record_137_frame_18.png,E,137,18,36,1.05,0.8,1.01
FRS_setE_posA_105_posB_080_posC_101_record_137_frame_19.png,E,137,19,38,1.05,0.8,1.01
FRS_setE_posA_106_posB_080_posC_101_record_138_frame_00.png,E,138,0,0,1.06,0.8,1.01
FRS_setE_posA_106_posB_080_posC_101_record_138_frame_01.png,E,138,1,2,1.06,0.8,1.01
FRS_setE_posA_106_posB_080_posC_101_record_138_frame_02.png,E,138,2,4,1.06,0.8,1.01
FRS_setE_posA_106_posB_080_posC_101_record_138_frame_03.png,E,138,3,6,1.06,0.8,1.01
FRS_setE_posA_106_posB_080_posC_101_record_138_frame_04.png,E,138,4,8,1.06,0.8,1.01
FRS_setE_posA_106_posB_080_posC_101_record_138_frame_05.png,E,138,5,10,1.06,0.8,1.01
FRS_setE_posA_106_posB_080_posC_101_record_138_frame_06.png,E,138,6,12,1.06,0.8,1.01
FRS_setE_posA_106_posB_080_posC_101_record_138_frame_07.png,E,138,7,14,1.06,0.8,1.01
FRS_setE_posA_106_posB_080_posC_101_record_138_frame_08.png,E,138,8,16,1.06,0.8,1.01
FRS_setE_posA_106_posB_080_posC_101_record_138_frame_09.png,E,138,9,18,1.06,0.8,1.01
FRS_setE_posA_106_posB_080_posC_101_record_138_frame_10.png,E,138,10,20,1.06,0.8,1.01
FRS_setE_posA_106_posB_080_posC_101_record_138_frame_11.png,E,138,11,22,1.06,0.8,1.01
FRS_setE_posA_106_posB_080_posC_101_record_138_frame_12.png,E,138,12,24,1.06,0.8,1.01
FRS_setE_posA_106_posB_080_posC_101_record_138_frame_13.png,E,138,13,26,1.06,0.8,1.01
FRS_setE_posA_106_posB_080_posC_101_record_138_frame_14.png,E,138,14,28,1.06,0.8,1.01
FRS_setE_posA_106_posB_080_posC_101_record_138_frame_15.png,E,138,15,30,1.06,0.8,1.01
FRS_setE_posA_106_posB_080_posC_101_record_138_frame_16.png,E,138,16,32,1.06,0.8,1.01
FRS_setE_posA_106_posB_080_posC_101_record_138_frame_17.png,E,138,17,34,1.06,0.8,1.01
FRS_setE_posA_106_posB_080_posC_101_record_138_frame_18.png,E,138,18,36,1.06,0.8,1.01
FRS_setE_posA_106_posB_080_posC_101_record_138_frame_19.png,E,138,19,38,1.06,0.8,1.01
FRS_setE_posA_107_posB_080_posC_101_record_139_frame_00.png,E,139,0,0,1.07,0.8,1.01
FRS_setE_posA_107_posB_080_posC_101_record_139_frame_01.png,E,139,1,2,1.07,0.8,1.01
FRS_setE_posA_107_posB_080_posC_101_record_139_frame_02.png,E,139,2,4,1.07,0.8,1.01
FRS_setE_posA_107_posB_080_posC_101_record_139_frame_03.png,E,139,3,6,1.07,0.8,1.01
FRS_setE_posA_107_posB_080_posC_101_record_139_frame_04.png,E,139,4,8,1.07,0.8,1.01
FRS_setE_posA_107_posB_080_posC_101_record_139_frame_05.png,E,139,5,10,1.07,0.8,1.01
FRS_setE_posA_107_posB_080_posC_101_record_139_frame_06.png,E,139,6,12,1.07,0.8,1.01
FRS_setE_posA_107_posB_080_posC_101_record_139_frame_07.png,E,139,7,14,1.07,0.8,1.01
FRS_setE_posA_107_posB_080_posC_101_record_139_frame_08.png,E,139,8,16,1.07,0.8,1.01
FRS_setE_posA_107_posB_080_posC_101_record_139_frame_09.png,E,139,9,18,1.07,0.8,1.01
FRS_setE_posA_107_posB_080_posC_101_record_139_frame_10.png,E,139,10,20,1.07,0.8,1.01
FRS_setE_posA_107_posB_080_posC_101_record_139_frame_11.png,E,139,11,22,1.07,0.8,1.01
FRS_setE_posA_107_posB_080_posC_101_record_139_frame_12.png,E,139,12,24,1.07,0.8,1.01
FRS_setE_posA_107_posB_080_posC_101_record_139_frame_13.png,E,139,13,26,1.07,0.8,1.01
FRS_setE_posA_107_posB_080_posC_101_record_139_frame_14.png,E,139,14,28,1.07,0.8,1.01
FRS_setE_posA_107_posB_080_posC_101_record_139_frame_15.png,E,139,15,30,1.07,0.8,1.01
FRS_setE_posA_107_posB_080_posC_101_record_139_frame_16.png,E,139,16,32,1.07,0.8,1.01
FRS_setE_posA_107_posB_080_posC_101_record_139_frame_17.png,E,139,17,34,1.07,0.8,1.01
FRS_setE_posA_107_posB_080_posC_101_record_139_frame_18.png,E,139,18,36,1.07,0.8,1.01
FRS_setE_posA_107_posB_080_posC_101_record_139_frame_19.png,E,139,19,38,1.07,0.8,1.01
FRS_setE_posA_109_posB_080_posC_101_record_140_frame_00.png,E,140,0,0,1.09,0.8,1.01
FRS_setE_posA_109_posB_080_posC_101_record_140_frame_01.png,E,140,1,2,1.09,0.8,1.01
FRS_setE_posA_109_posB_080_posC_101_record_140_frame_02.png,E,140,2,4,1.09,0.8,1.01
FRS_setE_posA_109_posB_080_posC_101_record_140_frame_03.png,E,140,3,6,1.09,0.8,1.01
FRS_setE_posA_109_posB_080_posC_101_record_140_frame_04.png,E,140,4,8,1.09,0.8,1.01
FRS_setE_posA_109_posB_080_posC_101_record_140_frame_05.png,E,140,5,10,1.09,0.8,1.01
FRS_setE_posA_109_posB_080_posC_101_record_140_frame_06.png,E,140,6,12,1.09,0.8,1.01
FRS_setE_posA_109_posB_080_posC_101_record_140_frame_07.png,E,140,7,14,1.09,0.8,1.01
FRS_setE_posA_109_posB_080_posC_101_record_140_frame_08.png,E,140,8,16,1.09,0.8,1.01
FRS_setE_posA_109_posB_080_posC_101_record_140_frame_09.png,E,140,9,18,1.09,0.8,1.01
FRS_setE_posA_109_posB_080_posC_101_record_140_frame_10.png,E,140,10,20,1.09,0.8,1.01
FRS_setE_posA_109_posB_080_posC_101_record_140_frame_11.png,E,140,11,22,1.09,0.8,1.01
FRS_setE_posA_109_posB_080_posC_101_record_140_frame_12.png,E,140,12,24,1.09,0.8,1.01
FRS_setE_posA_109_posB_080_posC_101_record_140_frame_13.png,E,140,13,26,1.09,0.8,1.01
FRS_setE_posA_109_posB_080_posC_101_record_140_frame_14.png,E,140,14,28,1.09,0.8,1.01
FRS_setE_posA_109_posB_080_posC_101_record_140_frame_15.png,E,140,15,30,1.09,0.8,1.01
FRS_setE_posA_109_posB_080_posC_101_record_140_frame_16.png,E,140,16,32,1.09,0.8,1.01
FRS_setE_posA_109_posB_080_posC_101_record_140_frame_17.png,E,140,17,34,1.09,0.8,1.01
FRS_setE_posA_109_posB_080_posC_101_record_140_frame_18.png,E,140,18,36,1.09,0.8,1.01
FRS_setE_posA_109_posB_080_posC_101_record_140_frame_19.png,E,140,19,38,1.09,0.8,1.01
FRS_setE_posA_110_posB_080_posC_101_record_141_frame_00.png,E,141,0,0,1.1,0.8,1.01
FRS_setE_posA_110_posB_080_posC_101_record_141_frame_01.png,E,141,1,2,1.1,0.8,1.01
FRS_setE_posA_110_posB_080_posC_101_record_141_frame_02.png,E,141,2,4,1.1,0.8,1.01
FRS_setE_posA_110_posB_080_posC_101_record_141_frame_03.png,E,141,3,6,1.1,0.8,1.01
FRS_setE_posA_110_posB_080_posC_101_record_141_frame_04.png,E,141,4,8,1.1,0.8,1.01
FRS_setE_posA_110_posB_080_posC_101_record_141_frame_05.png,E,141,5,10,1.1,0.8,1.01
FRS_setE_posA_110_posB_080_posC_101_record_141_frame_06.png,E,141,6,12,1.1,0.8,1.01
FRS_setE_posA_110_posB_080_posC_101_record_141_frame_07.png,E,141,7,14,1.1,0.8,1.01
FRS_setE_posA_110_posB_080_posC_101_record_141_frame_08.png,E,141,8,16,1.1,0.8,1.01
FRS_setE_posA_110_posB_080_posC_101_record_141_frame_09.png,E,141,9,18,1.1,0.8,1.01
FRS_setE_posA_110_posB_080_posC_101_record_141_frame_10.png,E,141,10,20,1.1,0.8,1.01
FRS_setE_posA_110_posB_080_posC_101_record_141_frame_11.png,E,141,11,22,1.1,0.8,1.01
FRS_setE_posA_110_posB_080_posC_101_record_141_frame_12.png,E,141,12,24,1.1,0.8,1.01
FRS_setE_posA_110_posB_080_posC_101_record_141_frame_13.png,E,141,13,26,1.1,0.8,1.01
FRS_setE_posA_110_posB_080_posC_101_record_141_frame_14.png,E,141,14,28,1.1,0.8,1.01
FRS_setE_posA_110_posB_080_posC_101_record_141_frame_15.png,E,141,15,30,1.1,0.8,1.01
FRS_setE_posA_110_posB_080_posC_101_record_141_frame_16.png,E,141,16,32,1.1,0.8,1.01
FRS_setE_posA_110_posB_080_posC_101_record_141_frame_17.png,E,141,17,34,1.1,0.8,1.01
FRS_setE_posA_110_posB_080_posC_101_record_141_frame_18.png,E,141,18,36,1.1,0.8,1.01
FRS_setE_posA_110_posB_080_posC_101_record_141_frame_19.png,E,141,19,38,1.1,0.8,1.01
FRS_setE_posA_112_posB_081_posC_102_record_142_frame_00.png,E,142,0,0,1.12,0.81,1.02
FRS_setE_posA_112_posB_081_posC_102_record_142_frame_01.png,E,142,1,2,1.12,0.81,1.02
FRS_setE_posA_112_posB_081_posC_102_record_142_frame_02.png,E,142,2,4,1.12,0.81,1.02
FRS_setE_posA_112_posB_081_posC_102_record_142_frame_03.png,E,142,3,6,1.12,0.81,1.02
FRS_setE_posA_112_posB_081_posC_102_record_142_frame_04.png,E,142,4,8,1.12,0.81,1.02
FRS_setE_posA_112_posB_081_posC_102_record_142_frame_05.png,E,142,5,10,1.12,0.81,1.02
FRS_setE_posA_112_posB_081_posC_102_record_142_frame_06.png,E,142,6,12,1.12,0.81,1.02
FRS_setE_posA_112_posB_081_posC_102_record_142_frame_07.png,E,142,7,14,1.12,0.81,1.02
FRS_setE_posA_112_posB_081_posC_102_record_142_frame_08.png,E,142,8,16,1.12,0.81,1.02
FRS_setE_posA_112_posB_081_posC_102_record_142_frame_09.png,E,142,9,18,1.12,0.81,1.02
FRS_setE_posA_112_posB_081_posC_102_record_142_frame_10.png,E,142,10,20,1.12,0.81,1.02
FRS_setE_posA_112_posB_081_posC_102_record_142_frame_11.png,E,142,11,22,1.12,0.81,1.02
FRS_setE_posA_112_posB_081_posC_102_record_142_frame_12.png,E,142,12,24,1.12,0.81,1.02
FRS_setE_posA_112_posB_081_posC_102_record_142_frame_13.png,E,142,13,26,1.12,0.81,1.02
FRS_setE_posA_112_posB_081_posC_102_record_142_frame_14.png,E,142,14,28,1.12,0.81,1.02
FRS_setE_posA_112_posB_081_posC_102_record_142_frame_15.png,E,142,15,30,1.12,0.81,1.02
FRS_setE_posA_112_posB_081_posC_102_record_142_frame_16.png,E,142,16,32,1.12,0.81,1.02
FRS_setE_posA_112_posB_081_posC_102_record_142_frame_17.png,E,142,17,34,1.12,0.81,1.02
FRS_setE_posA_112_posB_081_posC_102_record_142_frame_18.png,E,142,18,36,1.12,0.81,1.02
FRS_setE_posA_112_posB_081_posC_102_record_142_frame_19.png,E,142,19,38,1.12,0.81,1.02
FRS_setE_posA_112_posB_081_posC_103_record_143_frame_00.png,E,143,0,0,1.12,0.81,1.03
FRS_setE_posA_112_posB_081_posC_103_record_143_frame_01.png,E,143,1,2,1.12,0.81,1.03
FRS_setE_posA_112_posB_081_posC_103_record_143_frame_02.png,E,143,2,4,1.12,0.81,1.03
FRS_setE_posA_112_posB_081_posC_103_record_143_frame_03.png,E,143,3,6,1.12,0.81,1.03
FRS_setE_posA_112_posB_081_posC_103_record_143_frame_04.png,E,143,4,8,1.12,0.81,1.03
FRS_setE_posA_112_posB_081_posC_103_record_143_frame_05.png,E,143,5,10,1.12,0.81,1.03
FRS_setE_posA_112_posB_081_posC_103_record_143_frame_06.png,E,143,6,12,1.12,0.81,1.03
FRS_setE_posA_112_posB_081_posC_103_record_143_frame_07.png,E,143,7,14,1.12,0.81,1.03
FRS_setE_posA_112_posB_081_posC_103_record_143_frame_08.png,E,143,8,16,1.12,0.81,1.03
FRS_setE_posA_112_posB_081_posC_103_record_143_frame_09.png,E,143,9,18,1.12,0.81,1.03
FRS_setE_posA_112_posB_081_posC_103_record_143_frame_10.png,E,143,10,20,1.12,0.81,1.03
FRS_setE_posA_112_posB_081_posC_103_record_143_frame_11.png,E,143,11,22,1.12,0.81,1.03
FRS_setE_posA_112_posB_081_posC_103_record_143_frame_12.png,E,143,12,24,1.12,0.81,1.03
FRS_setE_posA_112_posB_081_posC_103_record_143_frame_13.png,E,143,13,26,1.12,0.81,1.03
FRS_setE_posA_112_posB_081_posC_103_record_143_frame_14.png,E,143,14,28,1.12,0.81,1.03
FRS_setE_posA_112_posB_081_posC_103_record_143_frame_15.png,E,143,15,30,1.12,0.81,1.03
FRS_setE_posA_112_posB_081_posC_103_record_143_frame_16.png,E,143,16,32,1.12,0.81,1.03
FRS_setE_posA_112_posB_081_posC_103_record_143_frame_17.png,E,143,17,34,1.12,0.81,1.03
FRS_setE_posA_112_posB_081_posC_103_record_143_frame_18.png,E,143,18,36,1.12,0.81,1.03
FRS_setE_posA_112_posB_081_posC_103_record_143_frame_19.png,E,143,19,38,1.12,0.81,1.03
FRS_setE_posA_112_posB_081_posC_105_record_144_frame_00.png,E,144,0,0,1.12,0.81,1.05
FRS_setE_posA_112_posB_081_posC_105_record_144_frame_01.png,E,144,1,2,1.12,0.81,1.05
FRS_setE_posA_112_posB_081_posC_105_record_144_frame_02.png,E,144,2,4,1.12,0.81,1.05
FRS_setE_posA_112_posB_081_posC_105_record_144_frame_03.png,E,144,3,6,1.12,0.81,1.05
FRS_setE_posA_112_posB_081_posC_105_record_144_frame_04.png,E,144,4,8,1.12,0.81,1.05
FRS_setE_posA_112_posB_081_posC_105_record_144_frame_05.png,E,144,5,10,1.12,0.81,1.05
FRS_setE_posA_112_posB_081_posC_105_record_144_frame_06.png,E,144,6,12,1.12,0.81,1.05
FRS_setE_posA_112_posB_081_posC_105_record_144_frame_07.png,E,144,7,14,1.12,0.81,1.05
FRS_setE_posA_112_posB_081_posC_105_record_144_frame_08.png,E,144,8,16,1.12,0.81,1.05
FRS_setE_posA_112_posB_081_posC_105_record_144_frame_09.png,E,144,9,18,1.12,0.81,1.05
FRS_setE_posA_112_posB_081_posC_105_record_144_frame_10.png,E,144,10,20,1.12,0.81,1.05
FRS_setE_posA_112_posB_081_posC_105_record_144_frame_11.png,E,144,11,22,1.12,0.81,1.05
FRS_setE_posA_112_posB_081_posC_105_record_144_frame_12.png,E,144,12,24,1.12,0.81,1.05
FRS_setE_posA_112_posB_081_posC_105_record_144_frame_13.png,E,144,13,26,1.12,0.81,1.05
FRS_setE_posA_112_posB_081_posC_105_record_144_frame_14.png,E,144,14,28,1.12,0.81,1.05
FRS_setE_posA_112_posB_081_posC_105_record_144_frame_15.png,E,144,15,30,1.12,0.81,1.05
FRS_setE_posA_112_posB_081_posC_105_record_144_frame_16.png,E,144,16,32,1.12,0.81,1.05
FRS_setE_posA_112_posB_081_posC_105_record_144_frame_17.png,E,144,17,34,1.12,0.81,1.05
FRS_setE_posA_112_posB_081_posC_105_record_144_frame_18.png,E,144,18,36,1.12,0.81,1.05
FRS_setE_posA_112_posB_081_posC_105_record_144_frame_19.png,E,144,19,38,1.12,0.81,1.05
FRS_setE_posA_113_posB_081_posC_106_record_145_frame_00.png,E,145,0,0,1.13,0.81,1.06
FRS_setE_posA_113_posB_081_posC_106_record_145_frame_01.png,E,145,1,2,1.13,0.81,1.06
FRS_setE_posA_113_posB_081_posC_106_record_145_frame_02.png,E,145,2,4,1.13,0.81,1.06
FRS_setE_posA_113_posB_081_posC_106_record_145_frame_03.png,E,145,3,6,1.13,0.81,1.06
FRS_setE_posA_113_posB_081_posC_106_record_145_frame_04.png,E,145,4,8,1.13,0.81,1.06
FRS_setE_posA_113_posB_081_posC_106_record_145_frame_05.png,E,145,5,10,1.13,0.81,1.06
FRS_setE_posA_113_posB_081_posC_106_record_145_frame_06.png,E,145,6,12,1.13,0.81,1.06
FRS_setE_posA_113_posB_081_posC_106_record_145_frame_07.png,E,145,7,14,1.13,0.81,1.06
FRS_setE_posA_113_posB_081_posC_106_record_145_frame_08.png,E,145,8,16,1.13,0.81,1.06
FRS_setE_posA_113_posB_081_posC_106_record_145_frame_09.png,E,145,9,18,1.13,0.81,1.06
FRS_setE_posA_113_posB_081_posC_106_record_145_frame_10.png,E,145,10,20,1.13,0.81,1.06
FRS_setE_posA_113_posB_081_posC_106_record_145_frame_11.png,E,145,11,22,1.13,0.81,1.06
FRS_setE_posA_113_posB_081_posC_106_record_145_frame_12.png,E,145,12,24,1.13,0.81,1.06
FRS_setE_posA_113_posB_081_posC_106_record_145_frame_13.png,E,145,13,26,1.13,0.81,1.06
FRS_setE_posA_113_posB_081_posC_106_record_145_frame_14.png,E,145,14,28,1.13,0.81,1.06
FRS_setE_posA_113_posB_081_posC_106_record_145_frame_15.png,E,145,15,30,1.13,0.81,1.06
FRS_setE_posA_113_posB_081_posC_106_record_145_frame_16.png,E,145,16,32,1.13,0.81,1.06
FRS_setE_posA_113_posB_081_posC_106_record_145_frame_17.png,E,145,17,34,1.13,0.81,1.06
FRS_setE_posA_113_posB_081_posC_106_record_145_frame_18.png,E,145,18,36,1.13,0.81,1.06
FRS_setE_posA_113_posB_081_posC_106_record_145_frame_19.png,E,145,19,38,1.13,0.81,1.06
FRS_setE_posA_114_posB_082_posC_107_record_146_frame_00.png,E,146,0,0,1.14,0.82,1.07
FRS_setE_posA_114_posB_082_posC_107_record_146_frame_01.png,E,146,1,2,1.14,0.82,1.07
FRS_setE_posA_114_posB_082_posC_107_record_146_frame_02.png,E,146,2,4,1.14,0.82,1.07
FRS_setE_posA_114_posB_082_posC_107_record_146_frame_03.png,E,146,3,6,1.14,0.82,1.07
FRS_setE_posA_114_posB_082_posC_107_record_146_frame_04.png,E,146,4,8,1.14,0.82,1.07
FRS_setE_posA_114_posB_082_posC_107_record_146_frame_05.png,E,146,5,10,1.14,0.82,1.07
FRS_setE_posA_114_posB_082_posC_107_record_146_frame_06.png,E,146,6,12,1.14,0.82,1.07
FRS_setE_posA_114_posB_082_posC_107_record_146_frame_07.png,E,146,7,14,1.14,0.82,1.07
FRS_setE_posA_114_posB_082_posC_107_record_146_frame_08.png,E,146,8,16,1.14,0.82,1.07
FRS_setE_posA_114_posB_082_posC_107_record_146_frame_09.png,E,146,9,18,1.14,0.82,1.07
FRS_setE_posA_114_posB_082_posC_107_record_146_frame_10.png,E,146,10,20,1.14,0.82,1.07
FRS_setE_posA_114_posB_082_posC_107_record_146_frame_11.png,E,146,11,22,1.14,0.82,1.07
FRS_setE_posA_114_posB_082_posC_107_record_146_frame_12.png,E,146,12,24,1.14,0.82,1.07
FRS_setE_posA_114_posB_082_posC_107_record_146_frame_13.png,E,146,13,26,1.14,0.82,1.07
FRS_setE_posA_114_posB_082_posC_107_record_146_frame_14.png,E,146,14,28,1.14,0.82,1.07
FRS_setE_posA_114_posB_082_posC_107_record_146_frame_15.png,E,146,15,30,1.14,0.82,1.07
FRS_setE_posA_114_posB_082_posC_107_record_146_frame_16.png,E,146,16,32,1.14,0.82,1.07
FRS_setE_posA_114_posB_082_posC_107_record_146_frame_17.png,E,146,17,34,1.14,0.82,1.07
FRS_setE_posA_114_posB_082_posC_107_record_146_frame_18.png,E,146,18,36,1.14,0.82,1.07
FRS_setE_posA_114_posB_082_posC_107_record_146_frame_19.png,E,146,19,38,1.14,0.82,1.07
FRS_setE_posA_114_posB_083_posC_108_record_147_frame_00.png,E,147,0,0,1.14,0.83,1.08
FRS_setE_posA_114_posB_083_posC_108_record_147_frame_01.png,E,147,1,2,1.14,0.83,1.08
FRS_setE_posA_114_posB_083_posC_108_record_147_frame_02.png,E,147,2,4,1.14,0.83,1.08
FRS_setE_posA_114_posB_083_posC_108_record_147_frame_03.png,E,147,3,6,1.14,0.83,1.08
FRS_setE_posA_114_posB_083_posC_108_record_147_frame_04.png,E,147,4,8,1.14,0.83,1.08
FRS_setE_posA_114_posB_083_posC_108_record_147_frame_05.png,E,147,5,10,1.14,0.83,1.08
FRS_setE_posA_114_posB_083_posC_108_record_147_frame_06.png,E,147,6,12,1.14,0.83,1.08
FRS_setE_posA_114_posB_083_posC_108_record_147_frame_07.png,E,147,7,14,1.14,0.83,1.08
FRS_setE_posA_114_posB_083_posC_108_record_147_frame_08.png,E,147,8,16,1.14,0.83,1.08
FRS_setE_posA_114_posB_083_posC_108_record_147_frame_09.png,E,147,9,18,1.14,0.83,1.08
FRS_setE_posA_114_posB_083_posC_108_record_147_frame_10.png,E,147,10,20,1.14,0.83,1.08
FRS_setE_posA_114_posB_083_posC_108_record_147_frame_11.png,E,147,11,22,1.14,0.83,1.08
FRS_setE_posA_114_posB_083_posC_108_record_147_frame_12.png,E,147,12,24,1.14,0.83,1.08
FRS_setE_posA_114_posB_083_posC_108_record_147_frame_13.png,E,147,13,26,1.14,0.83,1.08
FRS_setE_posA_114_posB_083_posC_108_record_147_frame_14.png,E,147,14,28,1.14,0.83,1.08
FRS_setE_posA_114_posB_083_posC_108_record_147_frame_15.png,E,147,15,30,1.14,0.83,1.08
FRS_setE_posA_114_posB_083_posC_108_record_147_frame_16.png,E,147,16,32,1.14,0.83,1.08
FRS_setE_posA_114_posB_083_posC_108_record_147_frame_17.png,E,147,17,34,1.14,0.83,1.08
FRS_setE_posA_114_posB_083_posC_108_record_147_frame_18.png,E,147,18,36,1.14,0.83,1.08
FRS_setE_posA_114_posB_083_posC_108_record_147_frame_19.png,E,147,19,38,1.14,0.83,1.08
FRS_setE_posA_114_posB_083_posC_110_record_148_frame_00.png,E,148,0,0,1.14,0.83,1.1
FRS_setE_posA_114_posB_083_posC_110_record_148_frame_01.png,E,148,1,2,1.14,0.83,1.1
FRS_setE_posA_114_posB_083_posC_110_record_148_frame_02.png,E,148,2,4,1.14,0.83,1.1
FRS_setE_posA_114_posB_083_posC_110_record_148_frame_03.png,E,148,3,6,1.14,0.83,1.1
FRS_setE_posA_114_posB_083_posC_110_record_148_frame_04.png,E,148,4,8,1.14,0.83,1.1
FRS_setE_posA_114_posB_083_posC_110_record_148_frame_05.png,E,148,5,10,1.14,0.83,1.1
FRS_setE_posA_114_posB_083_posC_110_record_148_frame_06.png,E,148,6,12,1.14,0.83,1.1
FRS_setE_posA_114_posB_083_posC_110_record_148_frame_07.png,E,148,7,14,1.14,0.83,1.1
FRS_setE_posA_114_posB_083_posC_110_record_148_frame_08.png,E,148,8,16,1.14,0.83,1.1
FRS_setE_posA_114_posB_083_posC_110_record_148_frame_09.png,E,148,9,18,1.14,0.83,1.1
FRS_setE_posA_114_posB_083_posC_110_record_148_frame_10.png,E,148,10,20,1.14,0.83,1.1
FRS_setE_posA_114_posB_083_posC_110_record_148_frame_11.png,E,148,11,22,1.14,0.83,1.1
FRS_setE_posA_114_posB_083_posC_110_record_148_frame_12.png,E,148,12,24,1.14,0.83,1.1
FRS_setE_posA_114_posB_083_posC_110_record_148_frame_13.png,E,148,13,26,1.14,0.83,1.1
FRS_setE_posA_114_posB_083_posC_110_record_148_frame_14.png,E,148,14,28,1.14,0.83,1.1
FRS_setE_posA_114_posB_083_posC_110_record_148_frame_15.png,E,148,15,30,1.14,0.83,1.1
FRS_setE_posA_114_posB_083_posC_110_record_148_frame_16.png,E,148,16,32,1.14,0.83,1.1
FRS_setE_posA_114_posB_083_posC_110_record_148_frame_17.png,E,148,17,34,1.14,0.83,1.1
FRS_setE_posA_114_posB_083_posC_110_record_148_frame_18.png,E,148,18,36,1.14,0.83,1.1
FRS_setE_posA_114_posB_083_posC_110_record_148_frame_19.png,E,148,19,38,1.14,0.83,1.1
FRS_setE_posA_115_posB_083_posC_110_record_149_frame_00.png,E,149,0,0,1.15,0.83,1.1
FRS_setE_posA_115_posB_083_posC_110_record_149_frame_01.png,E,149,1,2,1.15,0.83,1.1
FRS_setE_posA_115_posB_083_posC_110_record_149_frame_02.png,E,149,2,4,1.15,0.83,1.1
FRS_setE_posA_115_posB_083_posC_110_record_149_frame_03.png,E,149,3,6,1.15,0.83,1.1
FRS_setE_posA_115_posB_083_posC_110_record_149_frame_04.png,E,149,4,8,1.15,0.83,1.1
FRS_setE_posA_115_posB_083_posC_110_record_149_frame_05.png,E,149,5,10,1.15,0.83,1.1
FRS_setE_posA_115_posB_083_posC_110_record_149_frame_06.png,E,149,6,12,1.15,0.83,1.1
FRS_setE_posA_115_posB_083_posC_110_record_149_frame_07.png,E,149,7,14,1.15,0.83,1.1
FRS_setE_posA_115_posB_083_posC_110_record_149_frame_08.png,E,149,8,16,1.15,0.83,1.1
FRS_setE_posA_115_posB_083_posC_110_record_149_frame_09.png,E,149,9,18,1.15,0.83,1.1
FRS_setE_posA_115_posB_083_posC_110_record_149_frame_10.png,E,149,10,20,1.15,0.83,1.1
FRS_setE_posA_115_posB_083_posC_110_record_149_frame_11.png,E,149,11,22,1.15,0.83,1.1
FRS_setE_posA_115_posB_083_posC_110_record_149_frame_12.png,E,149,12,24,1.15,0.83,1.1
FRS_setE_posA_115_posB_083_posC_110_record_149_frame_13.png,E,149,13,26,1.15,0.83,1.1
FRS_setE_posA_115_posB_083_posC_110_record_149_frame_14.png,E,149,14,28,1.15,0.83,1.1
FRS_setE_posA_115_posB_083_posC_110_record_149_frame_15.png,E,149,15,30,1.15,0.83,1.1
FRS_setE_posA_115_posB_083_posC_110_record_149_frame_16.png,E,149,16,32,1.15,0.83,1.1
FRS_setE_posA_115_posB_083_posC_110_record_149_frame_17.png,E,149,17,34,1.15,0.83,1.1
FRS_setE_posA_115_posB_083_posC_110_record_149_frame_18.png,E,149,18,36,1.15,0.83,1.1
FRS_setE_posA_115_posB_083_posC_110_record_149_frame_19.png,E,149,19,38,1.15,0.83,1.1
FRS_setE_posA_115_posB_084_posC_112_record_150_frame_00.png,E,150,0,0,1.15,0.84,1.12
FRS_setE_posA_115_posB_084_posC_112_record_150_frame_01.png,E,150,1,2,1.15,0.84,1.12
FRS_setE_posA_115_posB_084_posC_112_record_150_frame_02.png,E,150,2,4,1.15,0.84,1.12
FRS_setE_posA_115_posB_084_posC_112_record_150_frame_03.png,E,150,3,6,1.15,0.84,1.12
FRS_setE_posA_115_posB_084_posC_112_record_150_frame_04.png,E,150,4,8,1.15,0.84,1.12
FRS_setE_posA_115_posB_084_posC_112_record_150_frame_05.png,E,150,5,10,1.15,0.84,1.12
FRS_setE_posA_115_posB_084_posC_112_record_150_frame_06.png,E,150,6,12,1.15,0.84,1.12
FRS_setE_posA_115_posB_084_posC_112_record_150_frame_07.png,E,150,7,14,1.15,0.84,1.12
FRS_setE_posA_115_posB_084_posC_112_record_150_frame_08.png,E,150,8,16,1.15,0.84,1.12
FRS_setE_posA_115_posB_084_posC_112_record_150_frame_09.png,E,150,9,18,1.15,0.84,1.12
FRS_setE_posA_115_posB_084_posC_112_record_150_frame_10.png,E,150,10,20,1.15,0.84,1.12
FRS_setE_posA_115_posB_084_posC_112_record_150_frame_11.png,E,150,11,22,1.15,0.84,1.12
FRS_setE_posA_115_posB_084_posC_112_record_150_frame_12.png,E,150,12,24,1.15,0.84,1.12
FRS_setE_posA_115_posB_084_posC_112_record_150_frame_13.png,E,150,13,26,1.15,0.84,1.12
FRS_setE_posA_115_posB_084_posC_112_record_150_frame_14.png,E,150,14,28,1.15,0.84,1.12
FRS_setE_posA_115_posB_084_posC_112_record_150_frame_15.png,E,150,15,30,1.15,0.84,1.12
FRS_setE_posA_115_posB_084_posC_112_record_150_frame_16.png,E,150,16,32,1.15,0.84,1.12
FRS_setE_posA_115_posB_084_posC_112_record_150_frame_17.png,E,150,17,34,1.15,0.84,1.12
FRS_setE_posA_115_posB_084_posC_112_record_150_frame_18.png,E,150,18,36,1.15,0.84,1.12
FRS_setE_posA_115_posB_084_posC_112_record_150_frame_19.png,E,150,19,38,1.15,0.84,1.12
